#tick=716507,surfaces=15,speed=1
kind,name,precision,sample,input,output
item,iron-plate,ten_hours,1,100307,96820
item,iron-plate,ten_hours,2,100438,97599
item,iron-plate,ten_hours,3,101210,100047
item,iron-plate,ten_hours,4,102713,100766
item,iron-plate,ten_hours,5,104435,101970
item,iron-plate,ten_hours,6,105652,102629
item,iron-plate,ten_hours,7,106150,103305
item,iron-plate,ten_hours,8,106076,103525
item,iron-plate,ten_hours,9,106185,104192
item,iron-plate,ten_hours,10,106808,104841
item,iron-plate,ten_hours,11,106324,104606
item,iron-plate,ten_hours,12,106074,104320
item,iron-plate,ten_hours,13,106219,104885
item,iron-plate,ten_hours,14,107424,104856
item,iron-plate,ten_hours,15,108168,105453
item,iron-plate,ten_hours,16,108216,105700
item,iron-plate,ten_hours,17,108847,105938
item,iron-plate,ten_hours,18,109157,106640
item,iron-plate,ten_hours,19,109619,106811
item,iron-plate,ten_hours,20,110201,106273
item,iron-plate,ten_hours,21,111267,106472
item,iron-plate,ten_hours,22,111693,107534
item,iron-plate,ten_hours,23,111700,108432
item,iron-plate,ten_hours,24,112309,109162
item,iron-plate,ten_hours,25,113289,109596
item,iron-plate,ten_hours,26,114695,110752
item,iron-plate,ten_hours,27,117961,111726
item,iron-plate,ten_hours,28,119347,114366
item,iron-plate,ten_hours,29,121541,116073
item,iron-plate,ten_hours,30,123329,117711
item,iron-plate,ten_hours,31,123919,120326
item,iron-plate,ten_hours,32,123586,120151
item,iron-plate,ten_hours,33,124500,120606
item,iron-plate,ten_hours,34,125279,121506
item,iron-plate,ten_hours,35,124294,121159
item,iron-plate,ten_hours,36,124000,120505
item,iron-plate,ten_hours,37,124489,120161
item,iron-plate,ten_hours,38,125686,120631
item,iron-plate,ten_hours,39,126341,120344
item,iron-plate,ten_hours,40,127740,122646
item,iron-plate,ten_hours,41,131946,122041
item,iron-plate,ten_hours,42,127526,119808
item,iron-plate,ten_hours,43,125605,123008
item,iron-plate,ten_hours,44,123786,120036
item,iron-plate,ten_hours,45,122832,117189
item,iron-plate,ten_hours,46,116134,115599
item,iron-plate,ten_hours,47,108837,108415
item,iron-plate,ten_hours,48,103074,102547
item,iron-plate,ten_hours,49,98781,98881
item,iron-plate,ten_hours,50,90996,89283
item,iron-plate,ten_hours,51,80272,77396
item,iron-plate,ten_hours,52,79525,74098
item,iron-plate,ten_hours,53,71386,68159
item,iron-plate,ten_hours,54,63507,63072
item,iron-plate,ten_hours,55,63074,61208
item,iron-plate,ten_hours,56,56815,51198
item,iron-plate,ten_hours,57,45571,45908
item,iron-plate,ten_hours,58,45295,45946
item,iron-plate,ten_hours,59,44985,46395
item,iron-plate,ten_hours,60,44976,43297
item,iron-plate,ten_hours,61,44884,39099
item,iron-plate,ten_hours,62,40745,37917
item,iron-plate,ten_hours,63,33789,33130
item,iron-plate,ten_hours,64,27851,26343
item,iron-plate,ten_hours,65,22178,21381
item,iron-plate,ten_hours,66,18997,19281
item,iron-plate,ten_hours,67,18902,18676
item,iron-plate,ten_hours,68,14847,15157
item,iron-plate,ten_hours,69,14046,14015
item,iron-plate,ten_hours,70,13994,12361
item,iron-plate,ten_hours,71,10793,11402
item,iron-plate,ten_hours,72,10847,10707
item,iron-plate,ten_hours,73,10653,10929
item,iron-plate,ten_hours,74,10636,11139
item,iron-plate,ten_hours,75,10599,10176
item,iron-plate,ten_hours,76,10646,10732
item,iron-plate,ten_hours,77,10487,11013
item,iron-plate,ten_hours,78,9495,7689
item,iron-plate,ten_hours,79,7881,6898
item,iron-plate,ten_hours,80,7472,6783
item,iron-plate,ten_hours,81,7209,7438
item,iron-plate,ten_hours,82,6649,6656
item,iron-plate,ten_hours,83,5689,5625
item,iron-plate,ten_hours,84,5985,5504
item,iron-plate,ten_hours,85,4911,4346
item,iron-plate,ten_hours,86,4200,3984
item,iron-plate,ten_hours,87,4210,3700
item,iron-plate,ten_hours,88,3445,2462
item,iron-plate,ten_hours,89,2420,2691
item,iron-plate,ten_hours,90,2425,2143
item,iron-plate,ten_hours,91,2395,3360
item,iron-plate,ten_hours,92,1837,957
item,iron-plate,ten_hours,93,1163,1053
item,iron-plate,ten_hours,94,772,1113
item,iron-plate,ten_hours,95,449,417
item,iron-plate,ten_hours,96,699,171
item,iron-plate,ten_hours,97,695,277
item,iron-plate,ten_hours,98,445,267
item,iron-plate,ten_hours,99,62,36
item,iron-plate,fifty_hours,1,528498,515621
item,iron-plate,fifty_hours,2,532849,523508
item,iron-plate,fifty_hours,3,544007,530542
item,iron-plate,fifty_hours,4,557170,537873
item,iron-plate,fifty_hours,5,586833,562513
item,iron-plate,fifty_hours,6,620613,600300
item,iron-plate,fifty_hours,7,624810,602800
item,iron-plate,fifty_hours,8,636603,607539
item,iron-plate,fifty_hours,9,549658,542631
item,iron-plate,fifty_hours,10,385686,372008
item,iron-plate,fifty_hours,11,255740,250655
item,iron-plate,fifty_hours,12,192245,179786
item,iron-plate,fifty_hours,13,88970,88510
item,iron-plate,fifty_hours,14,56923,56538
item,iron-plate,fifty_hours,15,49108,46508
item,iron-plate,fifty_hours,16,33004,32006
item,iron-plate,fifty_hours,17,19186,17183
item,iron-plate,fifty_hours,18,8592,8626
item,iron-plate,fifty_hours,19,2350,1168
item,copper-plate,ten_hours,1,86926,86121
item,copper-plate,ten_hours,2,87013,86681
item,copper-plate,ten_hours,3,87006,86913
item,copper-plate,ten_hours,4,87281,86740
item,copper-plate,ten_hours,5,87334,87037
item,copper-plate,ten_hours,6,87161,87225
item,copper-plate,ten_hours,7,87498,87316
item,copper-plate,ten_hours,8,87533,87345
item,copper-plate,ten_hours,9,87703,87747
item,copper-plate,ten_hours,10,88219,87730
item,copper-plate,ten_hours,11,88507,87904
item,copper-plate,ten_hours,12,89086,88336
item,copper-plate,ten_hours,13,90545,89377
item,copper-plate,ten_hours,14,92966,90514
item,copper-plate,ten_hours,15,94362,92535
item,copper-plate,ten_hours,16,94417,93669
item,copper-plate,ten_hours,17,94410,94006
item,copper-plate,ten_hours,18,95245,94725
item,copper-plate,ten_hours,19,96035,95281
item,copper-plate,ten_hours,20,96237,95544
item,copper-plate,ten_hours,21,96971,95667
item,copper-plate,ten_hours,22,96787,95886
item,copper-plate,ten_hours,23,96425,96424
item,copper-plate,ten_hours,24,96919,96874
item,copper-plate,ten_hours,25,97467,96911
item,copper-plate,ten_hours,26,97495,97379
item,copper-plate,ten_hours,27,97568,96005
item,copper-plate,ten_hours,28,98049,96830
item,copper-plate,ten_hours,29,98841,97824
item,copper-plate,ten_hours,30,99275,98057
item,copper-plate,ten_hours,31,99322,98902
item,copper-plate,ten_hours,32,98621,96741
item,copper-plate,ten_hours,33,99304,96998
item,copper-plate,ten_hours,34,99967,96946
item,copper-plate,ten_hours,35,100415,97422
item,copper-plate,ten_hours,36,100923,97896
item,copper-plate,ten_hours,37,100318,97735
item,copper-plate,ten_hours,38,99815,97629
item,copper-plate,ten_hours,39,99621,97329
item,copper-plate,ten_hours,40,99136,98237
item,copper-plate,ten_hours,41,98923,96689
item,copper-plate,ten_hours,42,94026,83988
item,copper-plate,ten_hours,43,84815,77383
item,copper-plate,ten_hours,44,76385,67568
item,copper-plate,ten_hours,45,67376,64340
item,copper-plate,ten_hours,46,65576,61464
item,copper-plate,ten_hours,47,55393,51100
item,copper-plate,ten_hours,48,49538,47117
item,copper-plate,ten_hours,49,46277,45992
item,copper-plate,ten_hours,50,45987,43851
item,copper-plate,ten_hours,51,44709,36553
item,copper-plate,ten_hours,52,33206,26004
item,copper-plate,ten_hours,53,24193,20119
item,copper-plate,ten_hours,54,14745,14456
item,copper-plate,ten_hours,55,14277,14087
item,copper-plate,ten_hours,56,14190,12469
item,copper-plate,ten_hours,57,14577,11841
item,copper-plate,ten_hours,58,14706,11676
item,copper-plate,ten_hours,59,14700,12469
item,copper-plate,ten_hours,60,12911,10588
item,copper-plate,ten_hours,61,7803,7834
item,copper-plate,ten_hours,62,7472,7715
item,copper-plate,ten_hours,63,7351,7599
item,copper-plate,ten_hours,64,7380,6787
item,copper-plate,ten_hours,65,7440,5971
item,copper-plate,ten_hours,66,4731,5665
item,copper-plate,ten_hours,67,4190,5072
item,copper-plate,ten_hours,68,4323,5404
item,copper-plate,ten_hours,69,3902,4364
item,copper-plate,ten_hours,70,3834,3921
item,copper-plate,ten_hours,71,3903,3969
item,copper-plate,ten_hours,72,3909,3811
item,copper-plate,ten_hours,73,3904,3919
item,copper-plate,ten_hours,74,3908,3332
item,copper-plate,ten_hours,75,3894,2787
item,copper-plate,ten_hours,76,2284,2893
item,copper-plate,ten_hours,77,2107,2262
item,copper-plate,ten_hours,78,2110,982
item,copper-plate,ten_hours,79,1907,1155
item,copper-plate,ten_hours,80,1261,1210
item,copper-plate,ten_hours,81,1928,1167
item,copper-plate,ten_hours,82,2110,1065
item,copper-plate,ten_hours,83,2217,1433
item,copper-plate,ten_hours,84,2441,1237
item,copper-plate,ten_hours,85,2388,981
item,copper-plate,ten_hours,86,1016,835
item,copper-plate,ten_hours,87,670,645
item,copper-plate,ten_hours,88,665,610
item,copper-plate,ten_hours,89,670,344
item,copper-plate,ten_hours,90,665,454
item,copper-plate,ten_hours,91,620,360
item,copper-plate,ten_hours,92,330,434
item,copper-plate,ten_hours,93,330,390
item,copper-plate,ten_hours,94,341,346
item,copper-plate,ten_hours,95,290,146
item,copper-plate,ten_hours,96,330,29
item,copper-plate,ten_hours,97,86,0
item,copper-plate,fifty_hours,1,437229,436670
item,copper-plate,fifty_hours,2,449323,443861
item,copper-plate,fifty_hours,3,474469,470216
item,copper-plate,fifty_hours,4,483339,480395
item,copper-plate,fifty_hours,5,489420,484949
item,copper-plate,fifty_hours,6,496489,487644
item,copper-plate,fifty_hours,7,501092,488011
item,copper-plate,fifty_hours,8,453285,423865
item,copper-plate,fifty_hours,9,284160,270013
item,copper-plate,fifty_hours,10,162840,140983
item,copper-plate,fifty_hours,11,72450,62542
item,copper-plate,fifty_hours,12,42917,40523
item,copper-plate,fifty_hours,13,24586,26476
item,copper-plate,fifty_hours,14,19458,18952
item,copper-plate,fifty_hours,15,12302,10079
item,copper-plate,fifty_hours,16,9957,6112
item,copper-plate,fifty_hours,17,5409,3415
item,copper-plate,fifty_hours,18,2286,1984
item,copper-plate,fifty_hours,19,706,175
item,steel-plate,ten_hours,1,9412,5884
item,steel-plate,ten_hours,2,9404,5858
item,steel-plate,ten_hours,3,9722,5972
item,steel-plate,ten_hours,4,9873,5948
item,steel-plate,ten_hours,5,9984,6010
item,steel-plate,ten_hours,6,10071,6067
item,steel-plate,ten_hours,7,10103,6118
item,steel-plate,ten_hours,8,10121,6234
item,steel-plate,ten_hours,9,10158,6410
item,steel-plate,ten_hours,10,10220,6607
item,steel-plate,ten_hours,11,10213,6212
item,steel-plate,ten_hours,12,10208,5999
item,steel-plate,ten_hours,13,10248,6033
item,steel-plate,ten_hours,14,10264,6295
item,steel-plate,ten_hours,15,10260,6630
item,steel-plate,ten_hours,16,10214,7018
item,steel-plate,ten_hours,17,10217,7134
item,steel-plate,ten_hours,18,10180,7529
item,steel-plate,ten_hours,19,10156,7852
item,steel-plate,ten_hours,20,10197,7958
item,steel-plate,ten_hours,21,10159,9966
item,steel-plate,ten_hours,22,10147,10012
item,steel-plate,ten_hours,23,10118,10513
item,steel-plate,ten_hours,24,10166,11228
item,steel-plate,ten_hours,25,10182,10502
item,steel-plate,ten_hours,26,10252,10190
item,steel-plate,ten_hours,27,10534,6557
item,steel-plate,ten_hours,28,10949,6219
item,steel-plate,ten_hours,29,11211,6841
item,steel-plate,ten_hours,30,11182,7974
item,steel-plate,ten_hours,31,11204,9559
item,steel-plate,ten_hours,32,11263,6972
item,steel-plate,ten_hours,33,11302,7826
item,steel-plate,ten_hours,34,11340,7939
item,steel-plate,ten_hours,35,11367,8621
item,steel-plate,ten_hours,36,11345,10119
item,steel-plate,ten_hours,37,11337,9838
item,steel-plate,ten_hours,38,11371,10303
item,steel-plate,ten_hours,39,11373,11377
item,steel-plate,ten_hours,40,11370,11160
item,steel-plate,ten_hours,41,11348,9437
item,steel-plate,ten_hours,42,11190,9577
item,steel-plate,ten_hours,43,11212,9518
item,steel-plate,ten_hours,44,11250,8739
item,steel-plate,ten_hours,45,10872,9795
item,steel-plate,ten_hours,46,10574,9970
item,steel-plate,ten_hours,47,10487,8372
item,steel-plate,ten_hours,48,9604,10401
item,steel-plate,ten_hours,49,8915,6339
item,steel-plate,ten_hours,50,7031,4366
item,steel-plate,ten_hours,51,5381,4148
item,steel-plate,ten_hours,52,5291,3949
item,steel-plate,ten_hours,53,4205,3938
item,steel-plate,ten_hours,54,3722,3437
item,steel-plate,ten_hours,55,3702,2905
item,steel-plate,ten_hours,56,3192,2657
item,steel-plate,ten_hours,57,2641,2362
item,steel-plate,ten_hours,58,2642,2316
item,steel-plate,ten_hours,59,2594,2788
item,steel-plate,ten_hours,60,2592,2491
item,steel-plate,ten_hours,61,2591,2394
item,steel-plate,ten_hours,62,2496,2336
item,steel-plate,ten_hours,63,2300,2005
item,steel-plate,ten_hours,64,1652,1439
item,steel-plate,ten_hours,65,1460,1454
item,steel-plate,ten_hours,66,1457,1615
item,steel-plate,ten_hours,67,1320,931
item,steel-plate,ten_hours,68,750,903
item,steel-plate,ten_hours,69,720,892
item,steel-plate,ten_hours,70,720,1684
item,steel-plate,ten_hours,71,720,610
item,steel-plate,ten_hours,72,720,560
item,steel-plate,ten_hours,73,717,693
item,steel-plate,ten_hours,74,712,384
item,steel-plate,ten_hours,75,706,445
item,steel-plate,ten_hours,76,713,488
item,steel-plate,ten_hours,77,735,453
item,steel-plate,ten_hours,78,627,267
item,steel-plate,ten_hours,79,398,234
item,steel-plate,ten_hours,80,394,260
item,steel-plate,ten_hours,81,377,331
item,steel-plate,ten_hours,82,189,30
item,steel-plate,ten_hours,83,36,0
item,steel-plate,ten_hours,84,36,0
item,steel-plate,ten_hours,85,36,0
item,steel-plate,ten_hours,86,36,0
item,steel-plate,ten_hours,87,36,0
item,steel-plate,ten_hours,88,36,0
item,steel-plate,ten_hours,89,30,0
item,steel-plate,fifty_hours,1,50437,30839
item,steel-plate,fifty_hours,2,51153,31146
item,steel-plate,fifty_hours,3,51027,36163
item,steel-plate,fifty_hours,4,50787,49677
item,steel-plate,fifty_hours,5,53128,40309
item,steel-plate,fifty_hours,6,56291,40270
item,steel-plate,fifty_hours,7,56793,50258
item,steel-plate,fifty_hours,8,56370,48431
item,steel-plate,fifty_hours,9,50452,44877
item,steel-plate,fifty_hours,10,25630,19838
item,steel-plate,fifty_hours,11,14771,13028
item,steel-plate,fifty_hours,12,11631,10665
item,steel-plate,fifty_hours,13,5707,5795
item,steel-plate,fifty_hours,14,3589,3931
item,steel-plate,fifty_hours,15,3179,1887
item,steel-plate,fifty_hours,16,1032,621
item,steel-plate,fifty_hours,17,174,0
item,iron-ore,ten_hours,1,104653,100332
item,iron-ore,ten_hours,2,104260,100457
item,iron-ore,ten_hours,3,103869,101221
item,iron-ore,ten_hours,4,104136,102733
item,iron-ore,ten_hours,5,105259,104470
item,iron-ore,ten_hours,6,105994,105678
item,iron-ore,ten_hours,7,106324,106166
item,iron-ore,ten_hours,8,106188,106097
item,iron-ore,ten_hours,9,106411,106203
item,iron-ore,ten_hours,10,107114,106822
item,iron-ore,ten_hours,11,106501,106342
item,iron-ore,ten_hours,12,106332,106091
item,iron-ore,ten_hours,13,107792,106239
item,iron-ore,ten_hours,14,107964,107438
item,iron-ore,ten_hours,15,108360,108185
item,iron-ore,ten_hours,16,108497,108233
item,iron-ore,ten_hours,17,109123,108866
item,iron-ore,ten_hours,18,109528,109176
item,iron-ore,ten_hours,19,110186,109630
item,iron-ore,ten_hours,20,111075,110225
item,iron-ore,ten_hours,21,112501,111279
item,iron-ore,ten_hours,22,112754,111710
item,iron-ore,ten_hours,23,112634,111730
item,iron-ore,ten_hours,24,113049,112351
item,iron-ore,ten_hours,25,114076,113329
item,iron-ore,ten_hours,26,115658,114733
item,iron-ore,ten_hours,27,118787,118002
item,iron-ore,ten_hours,28,119696,119384
item,iron-ore,ten_hours,29,122244,121579
item,iron-ore,ten_hours,30,123689,123365
item,iron-ore,ten_hours,31,124226,123976
item,iron-ore,ten_hours,32,123845,123638
item,iron-ore,ten_hours,33,125154,124559
item,iron-ore,ten_hours,34,125023,125345
item,iron-ore,ten_hours,35,124145,124371
item,iron-ore,ten_hours,36,124884,124081
item,iron-ore,ten_hours,37,125118,124652
item,iron-ore,ten_hours,38,125961,125840
item,iron-ore,ten_hours,39,126889,126489
item,iron-ore,ten_hours,40,126935,127915
item,iron-ore,ten_hours,41,129690,132175
item,iron-ore,ten_hours,42,131849,127669
item,iron-ore,ten_hours,43,132970,125784
item,iron-ore,ten_hours,44,134847,123975
item,iron-ore,ten_hours,45,135353,123058
item,iron-ore,ten_hours,46,135742,116332
item,iron-ore,ten_hours,47,136609,109040
item,iron-ore,ten_hours,48,125248,103283
item,iron-ore,ten_hours,49,117970,98938
item,iron-ore,ten_hours,50,118830,91300
item,iron-ore,ten_hours,51,104261,80412
item,iron-ore,ten_hours,52,100825,79624
item,iron-ore,ten_hours,53,85489,71657
item,iron-ore,ten_hours,54,75008,63521
item,iron-ore,ten_hours,55,73162,63105
item,iron-ore,ten_hours,56,66267,57021
item,iron-ore,ten_hours,57,58793,45571
item,iron-ore,ten_hours,58,53005,45295
item,iron-ore,ten_hours,59,44976,44988
item,iron-ore,ten_hours,60,45324,44978
item,iron-ore,ten_hours,61,44721,44912
item,iron-ore,ten_hours,62,44861,40838
item,iron-ore,ten_hours,63,44368,33837
item,iron-ore,ten_hours,64,34710,27959
item,iron-ore,ten_hours,65,28369,22245
item,iron-ore,ten_hours,66,22590,19007
item,iron-ore,ten_hours,67,18998,18946
item,iron-ore,ten_hours,68,17073,14866
item,iron-ore,ten_hours,69,14678,14047
item,iron-ore,ten_hours,70,14370,14000
item,iron-ore,ten_hours,71,13437,10786
item,iron-ore,ten_hours,72,10673,10847
item,iron-ore,ten_hours,73,10672,10653
item,iron-ore,ten_hours,74,10628,10636
item,iron-ore,ten_hours,75,10670,10599
item,iron-ore,ten_hours,76,10686,10646
item,iron-ore,ten_hours,77,10824,10486
item,iron-ore,ten_hours,78,10702,9539
item,iron-ore,ten_hours,79,8005,7881
item,iron-ore,ten_hours,80,7596,7472
item,iron-ore,ten_hours,81,7583,7210
item,iron-ore,ten_hours,82,7512,6697
item,iron-ore,ten_hours,83,6593,5693
item,iron-ore,ten_hours,84,5996,5985
item,iron-ore,ten_hours,85,5938,4959
item,iron-ore,ten_hours,86,4239,4200
item,iron-ore,ten_hours,87,4196,4210
item,iron-ore,ten_hours,88,4186,3493
item,iron-ore,ten_hours,89,2596,2420
item,iron-ore,ten_hours,90,2368,2425
item,iron-ore,ten_hours,91,2388,2396
item,iron-ore,ten_hours,92,2262,1859
item,iron-ore,ten_hours,93,1257,1183
item,iron-ore,ten_hours,94,702,770
item,iron-ore,ten_hours,95,552,455
item,iron-ore,ten_hours,96,689,696
item,iron-ore,ten_hours,97,716,698
item,iron-ore,ten_hours,98,455,455
item,iron-ore,ten_hours,99,67,67
item,iron-ore,fifty_hours,1,530176,528614
item,iron-ore,fifty_hours,2,535703,532932
item,iron-ore,fifty_hours,3,545694,544090
item,iron-ore,fifty_hours,4,562013,557295
item,iron-ore,fifty_hours,5,590461,587027
item,iron-ore,fifty_hours,6,621937,620883
item,iron-ore,fifty_hours,7,626997,625433
item,iron-ore,fifty_hours,8,656291,637518
item,iron-ore,fifty_hours,9,650922,550651
item,iron-ore,fifty_hours,10,484413,386514
item,iron-ore,fifty_hours,11,296203,255980
item,iron-ore,fifty_hours,12,213984,192524
item,iron-ore,fifty_hours,13,101708,89111
item,iron-ore,fifty_hours,14,59780,56922
item,iron-ore,fifty_hours,15,50887,49151
item,iron-ore,fifty_hours,16,35280,33057
item,iron-ore,fifty_hours,17,21155,19282
item,iron-ore,fifty_hours,18,8977,8633
item,iron-ore,fifty_hours,19,2479,2371
item,copper-ore,ten_hours,1,87858,86926
item,copper-ore,ten_hours,2,87584,87013
item,copper-ore,ten_hours,3,87133,87007
item,copper-ore,ten_hours,4,86971,87280
item,copper-ore,ten_hours,5,87545,87335
item,copper-ore,ten_hours,6,87684,87160
item,copper-ore,ten_hours,7,88174,87499
item,copper-ore,ten_hours,8,87722,87533
item,copper-ore,ten_hours,9,89205,87702
item,copper-ore,ten_hours,10,91254,88219
item,copper-ore,ten_hours,11,92210,88508
item,copper-ore,ten_hours,12,93277,89086
item,copper-ore,ten_hours,13,95327,90545
item,copper-ore,ten_hours,14,94326,92965
item,copper-ore,ten_hours,15,95366,94363
item,copper-ore,ten_hours,16,95394,94416
item,copper-ore,ten_hours,17,95939,94411
item,copper-ore,ten_hours,18,96441,95244
item,copper-ore,ten_hours,19,96453,96035
item,copper-ore,ten_hours,20,97182,96238
item,copper-ore,ten_hours,21,97465,96970
item,copper-ore,ten_hours,22,97141,96787
item,copper-ore,ten_hours,23,97314,96425
item,copper-ore,ten_hours,24,97861,96919
item,copper-ore,ten_hours,25,98601,97467
item,copper-ore,ten_hours,26,98848,97495
item,copper-ore,ten_hours,27,99343,97568
item,copper-ore,ten_hours,28,99503,98049
item,copper-ore,ten_hours,29,100019,98841
item,copper-ore,ten_hours,30,100703,99275
item,copper-ore,ten_hours,31,100438,99323
item,copper-ore,ten_hours,32,100165,98620
item,copper-ore,ten_hours,33,100294,99304
item,copper-ore,ten_hours,34,100477,99969
item,copper-ore,ten_hours,35,101366,100413
item,copper-ore,ten_hours,36,101214,100923
item,copper-ore,ten_hours,37,101110,100319
item,copper-ore,ten_hours,38,101428,99814
item,copper-ore,ten_hours,39,102339,99621
item,copper-ore,ten_hours,40,104048,99136
item,copper-ore,ten_hours,41,104545,98924
item,copper-ore,ten_hours,42,104788,94180
item,copper-ore,ten_hours,43,104364,84879
item,copper-ore,ten_hours,44,103738,76612
item,copper-ore,ten_hours,45,105003,67386
item,copper-ore,ten_hours,46,88987,65662
item,copper-ore,ten_hours,47,82096,55524
item,copper-ore,ten_hours,48,67678,49584
item,copper-ore,ten_hours,49,62498,46302
item,copper-ore,ten_hours,50,50670,45988
item,copper-ore,ten_hours,51,50751,44810
item,copper-ore,ten_hours,52,50630,33301
item,copper-ore,ten_hours,53,51432,24360
item,copper-ore,ten_hours,54,38266,14814
item,copper-ore,ten_hours,55,17639,14276
item,copper-ore,ten_hours,56,14389,14190
item,copper-ore,ten_hours,57,14907,14577
item,copper-ore,ten_hours,58,14712,14706
item,copper-ore,ten_hours,59,14707,14700
item,copper-ore,ten_hours,60,14736,12978
item,copper-ore,ten_hours,61,14278,7832
item,copper-ore,ten_hours,62,9203,7472
item,copper-ore,ten_hours,63,7369,7351
item,copper-ore,ten_hours,64,7627,7380
item,copper-ore,ten_hours,65,7630,7446
item,copper-ore,ten_hours,66,7500,4780
item,copper-ore,ten_hours,67,5692,4171
item,copper-ore,ten_hours,68,4066,4311
item,copper-ore,ten_hours,69,3892,3903
item,copper-ore,ten_hours,70,3879,3838
item,copper-ore,ten_hours,71,3905,3898
item,copper-ore,ten_hours,72,3909,3909
item,copper-ore,ten_hours,73,3909,3904
item,copper-ore,ten_hours,74,3909,3908
item,copper-ore,ten_hours,75,3908,3897
item,copper-ore,ten_hours,76,3562,2306
item,copper-ore,ten_hours,77,2108,2107
item,copper-ore,ten_hours,78,2109,2109
item,copper-ore,ten_hours,79,1821,1907
item,copper-ore,ten_hours,80,1293,1261
item,copper-ore,ten_hours,81,2262,1928
item,copper-ore,ten_hours,82,2438,2111
item,copper-ore,ten_hours,83,2439,2217
item,copper-ore,ten_hours,84,2438,2441
item,copper-ore,ten_hours,85,2382,2393
item,copper-ore,ten_hours,86,2364,1058
item,copper-ore,ten_hours,87,1259,670
item,copper-ore,ten_hours,88,667,665
item,copper-ore,ten_hours,89,667,670
item,copper-ore,ten_hours,90,671,665
item,copper-ore,ten_hours,91,656,629
item,copper-ore,ten_hours,92,330,330
item,copper-ore,ten_hours,93,330,330
item,copper-ore,ten_hours,94,330,341
item,copper-ore,ten_hours,95,303,293
item,copper-ore,ten_hours,96,330,330
item,copper-ore,ten_hours,97,95,94
item,copper-ore,fifty_hours,1,440330,437229
item,copper-ore,fifty_hours,2,466394,449323
item,copper-ore,fifty_hours,3,479593,474469
item,copper-ore,fifty_hours,4,486963,483339
item,copper-ore,fifty_hours,5,496314,489420
item,copper-ore,fifty_hours,6,502077,496491
item,copper-ore,fifty_hours,7,507457,501090
item,copper-ore,fifty_hours,8,521483,453731
item,copper-ore,fifty_hours,9,406262,284458
item,copper-ore,fifty_hours,10,241749,163273
item,copper-ore,fifty_hours,11,76354,72449
item,copper-ore,fifty_hours,12,53213,43013
item,copper-ore,fifty_hours,13,28780,24611
item,copper-ore,fifty_hours,14,19511,19457
item,copper-ore,fifty_hours,15,13508,12326
item,copper-ore,fifty_hours,16,10870,9958
item,copper-ore,fifty_hours,17,7339,5456
item,copper-ore,fifty_hours,18,2317,2295
item,copper-ore,fifty_hours,19,728,717
item,coal,ten_hours,1,13878,13886
item,coal,ten_hours,2,14174,13814
item,coal,ten_hours,3,14410,14007
item,coal,ten_hours,4,14651,14390
item,coal,ten_hours,5,14222,14181
item,coal,ten_hours,6,13869,13968
item,coal,ten_hours,7,13927,13953
item,coal,ten_hours,8,14240,14063
item,coal,ten_hours,9,14583,14157
item,coal,ten_hours,10,14566,14504
item,coal,ten_hours,11,14456,14344
item,coal,ten_hours,12,14389,14363
item,coal,ten_hours,13,14971,14762
item,coal,ten_hours,14,15486,15078
item,coal,ten_hours,15,15768,15419
item,coal,ten_hours,16,15951,15699
item,coal,ten_hours,17,15913,15802
item,coal,ten_hours,18,15635,15654
item,coal,ten_hours,19,15729,15700
item,coal,ten_hours,20,15610,15503
item,coal,ten_hours,21,15690,15443
item,coal,ten_hours,22,15917,15579
item,coal,ten_hours,23,15817,15684
item,coal,ten_hours,24,15519,15357
item,coal,ten_hours,25,15264,15522
item,coal,ten_hours,26,15731,15548
item,coal,ten_hours,27,15755,15496
item,coal,ten_hours,28,15906,15620
item,coal,ten_hours,29,16200,15890
item,coal,ten_hours,30,16588,16074
item,coal,ten_hours,31,16640,16245
item,coal,ten_hours,32,16699,16110
item,coal,ten_hours,33,17018,16368
item,coal,ten_hours,34,17254,16514
item,coal,ten_hours,35,17272,16522
item,coal,ten_hours,36,17312,16614
item,coal,ten_hours,37,17135,16696
item,coal,ten_hours,38,17416,16584
item,coal,ten_hours,39,17914,16597
item,coal,ten_hours,40,17882,16745
item,coal,ten_hours,41,17740,16731
item,coal,ten_hours,42,17312,14831
item,coal,ten_hours,43,16059,14746
item,coal,ten_hours,44,16187,13864
item,coal,ten_hours,45,16446,12076
item,coal,ten_hours,46,13218,11173
item,coal,ten_hours,47,13438,10823
item,coal,ten_hours,48,17580,10164
item,coal,ten_hours,49,17852,10000
item,coal,ten_hours,50,18224,10252
item,coal,ten_hours,51,18471,9880
item,coal,ten_hours,52,18465,7722
item,coal,ten_hours,53,14576,7145
item,coal,ten_hours,54,6910,6615
item,coal,ten_hours,55,6681,6464
item,coal,ten_hours,56,6477,6161
item,coal,ten_hours,57,6444,5953
item,coal,ten_hours,58,6420,5921
item,coal,ten_hours,59,6644,6393
item,coal,ten_hours,60,6761,6254
item,coal,ten_hours,61,6385,5645
item,coal,ten_hours,62,6323,5471
item,coal,ten_hours,63,6619,5391
item,coal,ten_hours,64,6729,4881
item,coal,ten_hours,65,6133,4912
item,coal,ten_hours,66,5743,4681
item,coal,ten_hours,67,6279,4994
item,coal,ten_hours,68,5820,4500
item,coal,ten_hours,69,4024,3985
item,coal,ten_hours,70,4920,4145
item,coal,ten_hours,71,4639,3767
item,coal,ten_hours,72,4521,3602
item,coal,ten_hours,73,4433,3553
item,coal,ten_hours,74,3757,2874
item,coal,ten_hours,75,3596,2550
item,coal,ten_hours,76,3786,2318
item,coal,ten_hours,77,2740,2240
item,coal,ten_hours,78,2305,2064
item,coal,ten_hours,79,3041,2200
item,coal,ten_hours,80,5160,1871
item,coal,ten_hours,81,2343,1844
item,coal,ten_hours,82,1706,1791
item,coal,ten_hours,83,1654,1581
item,coal,ten_hours,84,1547,1461
item,coal,ten_hours,85,2222,1421
item,coal,ten_hours,86,1925,1139
item,coal,ten_hours,87,1351,958
item,coal,ten_hours,88,1929,921
item,coal,ten_hours,89,1755,764
item,coal,ten_hours,90,2224,892
item,coal,ten_hours,91,1212,708
item,coal,ten_hours,92,884,586
item,coal,ten_hours,93,900,496
item,coal,ten_hours,94,900,471
item,coal,ten_hours,95,900,335
item,coal,ten_hours,96,836,405
item,coal,ten_hours,97,337,238
item,coal,ten_hours,98,0,122
item,coal,ten_hours,99,0,20
item,coal,fifty_hours,1,70841,70322
item,coal,fifty_hours,2,73868,73051
item,coal,fifty_hours,3,78996,78274
item,coal,fifty_hours,4,78553,77566
item,coal,fifty_hours,5,78856,78076
item,coal,fifty_hours,6,84199,81311
item,coal,fifty_hours,7,87049,83013
item,coal,fifty_hours,8,85180,76917
item,coal,fifty_hours,9,78534,54236
item,coal,fifty_hours,10,76646,41614
item,coal,fifty_hours,11,32666,30892
item,coal,fifty_hours,12,32817,27642
item,coal,fifty_hours,13,27999,23072
item,coal,fifty_hours,14,22270,17941
item,coal,fifty_hours,15,15468,11372
item,coal,fifty_hours,16,12410,8548
item,coal,fifty_hours,17,9182,5203
item,coal,fifty_hours,18,6120,3153
item,coal,fifty_hours,19,2073,1120
item,stone,ten_hours,1,7021,7043
item,stone,ten_hours,2,7021,7000
item,stone,ten_hours,3,7043,7026
item,stone,ten_hours,4,7023,7033
item,stone,ten_hours,5,7005,7007
item,stone,ten_hours,6,7020,7016
item,stone,ten_hours,7,7031,7038
item,stone,ten_hours,8,7003,6995
item,stone,ten_hours,9,7029,7043
item,stone,ten_hours,10,6978,6993
item,stone,ten_hours,11,6750,6755
item,stone,ten_hours,12,6748,6764
item,stone,ten_hours,13,6858,6735
item,stone,ten_hours,14,6767,6750
item,stone,ten_hours,15,6930,6912
item,stone,ten_hours,16,6962,6980
item,stone,ten_hours,17,7014,6997
item,stone,ten_hours,18,7029,7039
item,stone,ten_hours,19,6853,6931
item,stone,ten_hours,20,6310,6305
item,stone,ten_hours,21,6280,6321
item,stone,ten_hours,22,6894,6782
item,stone,ten_hours,23,7013,7002
item,stone,ten_hours,24,6982,6984
item,stone,ten_hours,25,7017,7011
item,stone,ten_hours,26,6981,7024
item,stone,ten_hours,27,6605,6644
item,stone,ten_hours,28,6338,6401
item,stone,ten_hours,29,6237,6179
item,stone,ten_hours,30,6400,6385
item,stone,ten_hours,31,6285,6293
item,stone,ten_hours,32,6399,6318
item,stone,ten_hours,33,7347,7366
item,stone,ten_hours,34,6569,6617
item,stone,ten_hours,35,6613,6603
item,stone,ten_hours,36,6869,6836
item,stone,ten_hours,37,6650,6699
item,stone,ten_hours,38,6839,6720
item,stone,ten_hours,39,7320,7321
item,stone,ten_hours,40,6417,6487
item,stone,ten_hours,41,6316,6199
item,stone,ten_hours,42,6768,6728
item,stone,ten_hours,43,8298,7789
item,stone,ten_hours,44,8637,6720
item,stone,ten_hours,45,8167,6948
item,stone,ten_hours,46,7207,7225
item,stone,ten_hours,47,7199,7249
item,stone,ten_hours,48,7124,7188
item,stone,ten_hours,49,7053,7067
item,stone,ten_hours,50,7199,7199
item,stone,ten_hours,51,7168,7137
item,stone,ten_hours,52,7175,7251
item,stone,ten_hours,53,7788,7133
item,stone,ten_hours,54,8283,5332
item,stone,ten_hours,55,8756,3290
item,stone,ten_hours,56,6519,3371
item,stone,ten_hours,57,5147,3214
item,stone,ten_hours,58,3167,3076
item,stone,ten_hours,59,3228,3258
item,stone,ten_hours,60,3164,3131
item,stone,ten_hours,61,2827,2802
item,stone,ten_hours,62,2820,2818
item,stone,ten_hours,63,2856,2770
item,stone,ten_hours,64,3356,3014
item,stone,ten_hours,65,3476,3289
item,stone,ten_hours,66,3186,2928
item,stone,ten_hours,67,2679,962
item,stone,ten_hours,68,1736,904
item,stone,ten_hours,69,900,896
item,stone,ten_hours,70,900,904
item,stone,ten_hours,71,933,896
item,stone,ten_hours,72,976,978
item,stone,ten_hours,73,974,970
item,stone,ten_hours,74,976,980
item,stone,ten_hours,75,974,970
item,stone,ten_hours,76,976,980
item,stone,ten_hours,77,974,970
item,stone,ten_hours,78,976,980
item,stone,ten_hours,79,974,970
item,stone,ten_hours,80,976,980
item,stone,ten_hours,81,1055,970
item,stone,ten_hours,82,1298,644
item,stone,ten_hours,83,1311,14
item,stone,ten_hours,84,210,0
item,stone,ten_hours,85,210,0
item,stone,ten_hours,86,210,375
item,stone,ten_hours,87,28,170
item,stone,ten_hours,88,62,515
item,stone,ten_hours,89,210,0
item,stone,ten_hours,90,210,325
item,stone,ten_hours,91,210,40
item,stone,ten_hours,92,210,0
item,stone,ten_hours,93,210,0
item,stone,ten_hours,94,210,320
item,stone,ten_hours,95,168,0
item,stone,ten_hours,96,138,15
item,stone,ten_hours,97,0,150
item,stone,ten_hours,98,0,90
item,stone,ten_hours,99,0,275
item,stone,fifty_hours,1,35088,35099
item,stone,fifty_hours,2,34101,33997
item,stone,fifty_hours,3,34788,34859
item,stone,fifty_hours,4,33479,33394
item,stone,fifty_hours,5,33178,33259
item,stone,fifty_hours,6,33000,32979
item,stone,fifty_hours,7,34291,34179
item,stone,fifty_hours,8,36436,33923
item,stone,fifty_hours,9,36750,35677
item,stone,fifty_hours,10,37613,34052
item,stone,fifty_hours,11,26817,16209
item,stone,fifty_hours,12,15023,14535
item,stone,fifty_hours,13,11977,8979
item,stone,fifty_hours,14,4759,4728
item,stone,fifty_hours,15,4874,4870
item,stone,fifty_hours,16,4850,2608
item,stone,fifty_hours,17,720,1060
item,stone,fifty_hours,18,1050,685
item,stone,fifty_hours,19,306,530
item,stone-brick,ten_hours,1,2705,2635
item,stone-brick,ten_hours,2,2695,2650
item,stone-brick,ten_hours,3,2700,2620
item,stone-brick,ten_hours,4,2701,2650
item,stone-brick,ten_hours,5,2698,2630
item,stone-brick,ten_hours,6,2698,2630
item,stone-brick,ten_hours,7,2704,2580
item,stone-brick,ten_hours,8,2699,2580
item,stone-brick,ten_hours,9,2698,2580
item,stone-brick,ten_hours,10,2700,2550
item,stone-brick,ten_hours,11,2696,2515
item,stone-brick,ten_hours,12,2706,2775
item,stone-brick,ten_hours,13,2696,2790
item,stone-brick,ten_hours,14,2699,2775
item,stone-brick,ten_hours,15,2703,2790
item,stone-brick,ten_hours,16,2705,2895
item,stone-brick,ten_hours,17,2694,2575
item,stone-brick,ten_hours,18,2699,2560
item,stone-brick,ten_hours,19,2700,2575
item,stone-brick,ten_hours,20,2693,2290
item,stone-brick,ten_hours,21,2708,2105
item,stone-brick,ten_hours,22,2698,2125
item,stone-brick,ten_hours,23,2692,2630
item,stone-brick,ten_hours,24,2702,2690
item,stone-brick,ten_hours,25,2699,2665
item,stone-brick,ten_hours,26,2738,2680
item,stone-brick,ten_hours,27,2737,2580
item,stone-brick,ten_hours,28,2736,2620
item,stone-brick,ten_hours,29,2736,2230
item,stone-brick,ten_hours,30,2674,2535
item,stone-brick,ten_hours,31,2577,2660
item,stone-brick,ten_hours,32,2738,2580
item,stone-brick,ten_hours,33,2637,2820
item,stone-brick,ten_hours,34,2573,2900
item,stone-brick,ten_hours,35,2696,2465
item,stone-brick,ten_hours,36,2734,2565
item,stone-brick,ten_hours,37,2738,3225
item,stone-brick,ten_hours,38,2740,2690
item,stone-brick,ten_hours,39,2734,2845
item,stone-brick,ten_hours,40,2749,3415
item,stone-brick,ten_hours,41,2954,2735
item,stone-brick,ten_hours,42,3318,2480
item,stone-brick,ten_hours,43,3332,3210
item,stone-brick,ten_hours,44,3189,3120
item,stone-brick,ten_hours,45,3168,3225
item,stone-brick,ten_hours,46,3150,2755
item,stone-brick,ten_hours,47,3148,2715
item,stone-brick,ten_hours,48,3193,2775
item,stone-brick,ten_hours,49,3236,2705
item,stone-brick,ten_hours,50,3203,2790
item,stone-brick,ten_hours,51,3197,2720
item,stone-brick,ten_hours,52,3199,2740
item,stone-brick,ten_hours,53,3195,2540
item,stone-brick,ten_hours,54,2257,1185
item,stone-brick,ten_hours,55,1383,900
item,stone-brick,ten_hours,56,1313,950
item,stone-brick,ten_hours,57,1393,900
item,stone-brick,ten_hours,58,1446,900
item,stone-brick,ten_hours,59,1416,940
item,stone-brick,ten_hours,60,1454,950
item,stone-brick,ten_hours,61,1311,1030
item,stone-brick,ten_hours,62,1319,1360
item,stone-brick,ten_hours,63,1316,1410
item,stone-brick,ten_hours,64,1418,1340
item,stone-brick,ten_hours,65,1441,1240
item,stone-brick,ten_hours,66,1273,960
item,stone-brick,ten_hours,67,479,460
item,stone-brick,ten_hours,68,452,430
item,stone-brick,ten_hours,69,448,400
item,stone-brick,ten_hours,70,452,400
item,stone-brick,ten_hours,71,448,400
item,stone-brick,ten_hours,72,489,400
item,stone-brick,ten_hours,73,485,400
item,stone-brick,ten_hours,74,490,410
item,stone-brick,ten_hours,75,485,510
item,stone-brick,ten_hours,76,490,490
item,stone-brick,ten_hours,77,485,400
item,stone-brick,ten_hours,78,490,400
item,stone-brick,ten_hours,79,485,380
item,stone-brick,ten_hours,80,490,400
item,stone-brick,ten_hours,81,485,390
item,stone-brick,ten_hours,82,115,50
item,stone-brick,ten_hours,83,6,0
item,stone-brick,fifty_hours,1,13497,13000
item,stone-brick,fifty_hours,2,13497,13405
item,stone-brick,fifty_hours,3,13501,13395
item,stone-brick,fifty_hours,4,13493,11840
item,stone-brick,fifty_hours,5,13646,12775
item,stone-brick,fifty_hours,6,13199,13495
item,stone-brick,fifty_hours,7,13642,13790
item,stone-brick,fifty_hours,8,15542,14960
item,stone-brick,fifty_hours,9,15895,14175
item,stone-brick,fifty_hours,10,15051,11975
item,stone-brick,fifty_hours,11,6951,4590
item,stone-brick,fifty_hours,12,6818,6090
item,stone-brick,fifty_hours,13,4093,3490
item,stone-brick,fifty_hours,14,2364,2010
item,stone-brick,fifty_hours,15,2435,2180
item,stone-brick,fifty_hours,16,1096,840
item,iron-gear-wheel,ten_hours,1,3356,3338
item,iron-gear-wheel,ten_hours,2,3389,3390
item,iron-gear-wheel,ten_hours,3,3486,3529
item,iron-gear-wheel,ten_hours,4,3387,3389
item,iron-gear-wheel,ten_hours,5,3581,3547
item,iron-gear-wheel,ten_hours,6,3780,3456
item,iron-gear-wheel,ten_hours,7,3864,3550
item,iron-gear-wheel,ten_hours,8,3802,3573
item,iron-gear-wheel,ten_hours,9,3844,3623
item,iron-gear-wheel,ten_hours,10,3964,3767
item,iron-gear-wheel,ten_hours,11,3905,3711
item,iron-gear-wheel,ten_hours,12,3815,3652
item,iron-gear-wheel,ten_hours,13,3930,3706
item,iron-gear-wheel,ten_hours,14,3886,3670
item,iron-gear-wheel,ten_hours,15,4079,3861
item,iron-gear-wheel,ten_hours,16,4110,3954
item,iron-gear-wheel,ten_hours,17,4206,4016
item,iron-gear-wheel,ten_hours,18,4724,4394
item,iron-gear-wheel,ten_hours,19,4911,4721
item,iron-gear-wheel,ten_hours,20,4722,4596
item,iron-gear-wheel,ten_hours,21,5074,4925
item,iron-gear-wheel,ten_hours,22,5042,5058
item,iron-gear-wheel,ten_hours,23,5200,4937
item,iron-gear-wheel,ten_hours,24,5461,4977
item,iron-gear-wheel,ten_hours,25,5571,5217
item,iron-gear-wheel,ten_hours,26,5705,5251
item,iron-gear-wheel,ten_hours,27,5609,5101
item,iron-gear-wheel,ten_hours,28,5844,5225
item,iron-gear-wheel,ten_hours,29,6028,5499
item,iron-gear-wheel,ten_hours,30,6371,5907
item,iron-gear-wheel,ten_hours,31,6915,6205
item,iron-gear-wheel,ten_hours,32,7028,6259
item,iron-gear-wheel,ten_hours,33,7414,6402
item,iron-gear-wheel,ten_hours,34,7950,6769
item,iron-gear-wheel,ten_hours,35,7663,6828
item,iron-gear-wheel,ten_hours,36,7522,6310
item,iron-gear-wheel,ten_hours,37,7489,6298
item,iron-gear-wheel,ten_hours,38,7705,6399
item,iron-gear-wheel,ten_hours,39,7685,6104
item,iron-gear-wheel,ten_hours,40,8221,7671
item,iron-gear-wheel,ten_hours,41,8264,7345
item,iron-gear-wheel,ten_hours,42,9232,8653
item,iron-gear-wheel,ten_hours,43,9558,9201
item,iron-gear-wheel,ten_hours,44,9333,9291
item,iron-gear-wheel,ten_hours,45,9682,10084
item,iron-gear-wheel,ten_hours,46,9872,10146
item,iron-gear-wheel,ten_hours,47,9581,9379
item,iron-gear-wheel,ten_hours,48,9625,9578
item,iron-gear-wheel,ten_hours,49,9581,9350
item,iron-gear-wheel,ten_hours,50,9446,8955
item,iron-gear-wheel,ten_hours,51,8984,9076
item,iron-gear-wheel,ten_hours,52,9275,8872
item,iron-gear-wheel,ten_hours,53,9975,9159
item,iron-gear-wheel,ten_hours,54,10373,9906
item,iron-gear-wheel,ten_hours,55,9739,9013
item,iron-gear-wheel,ten_hours,56,7682,7241
item,iron-gear-wheel,ten_hours,57,7130,7103
item,iron-gear-wheel,ten_hours,58,6907,7066
item,iron-gear-wheel,ten_hours,59,6878,7194
item,iron-gear-wheel,ten_hours,60,6462,6580
item,iron-gear-wheel,ten_hours,61,5737,5702
item,iron-gear-wheel,ten_hours,62,5703,5072
item,iron-gear-wheel,ten_hours,63,4340,4264
item,iron-gear-wheel,ten_hours,64,3441,3094
item,iron-gear-wheel,ten_hours,65,3163,2725
item,iron-gear-wheel,ten_hours,66,2653,2572
item,iron-gear-wheel,ten_hours,67,2510,2545
item,iron-gear-wheel,ten_hours,68,2358,2314
item,iron-gear-wheel,ten_hours,69,2382,2116
item,iron-gear-wheel,ten_hours,70,1860,2345
item,iron-gear-wheel,ten_hours,71,1549,1624
item,iron-gear-wheel,ten_hours,72,1383,1606
item,iron-gear-wheel,ten_hours,73,1623,1798
item,iron-gear-wheel,ten_hours,74,1732,1459
item,iron-gear-wheel,ten_hours,75,1524,1250
item,iron-gear-wheel,ten_hours,76,1663,1379
item,iron-gear-wheel,ten_hours,77,1820,1545
item,iron-gear-wheel,ten_hours,78,1145,1182
item,iron-gear-wheel,ten_hours,79,1211,1218
item,iron-gear-wheel,ten_hours,80,1236,1216
item,iron-gear-wheel,ten_hours,81,1420,1439
item,iron-gear-wheel,ten_hours,82,1228,1425
item,iron-gear-wheel,ten_hours,83,1436,1029
item,iron-gear-wheel,ten_hours,84,1557,1188
item,iron-gear-wheel,ten_hours,85,1088,1005
item,iron-gear-wheel,ten_hours,86,971,970
item,iron-gear-wheel,ten_hours,87,809,788
item,iron-gear-wheel,ten_hours,88,646,531
item,iron-gear-wheel,ten_hours,89,535,629
item,iron-gear-wheel,ten_hours,90,555,506
item,iron-gear-wheel,ten_hours,91,892,777
item,iron-gear-wheel,ten_hours,92,143,245
item,iron-gear-wheel,ten_hours,93,232,306
item,iron-gear-wheel,ten_hours,94,356,219
item,iron-gear-wheel,ten_hours,95,141,55
item,iron-gear-wheel,ten_hours,96,55,57
item,iron-gear-wheel,ten_hours,97,87,87
item,iron-gear-wheel,ten_hours,98,90,87
item,iron-gear-wheel,ten_hours,99,12,12
item,iron-gear-wheel,fifty_hours,1,18871,17749
item,iron-gear-wheel,fifty_hours,2,19500,18506
item,iron-gear-wheel,fifty_hours,3,22030,20946
item,iron-gear-wheel,fifty_hours,4,25499,24493
item,iron-gear-wheel,fifty_hours,5,28757,26293
item,iron-gear-wheel,fifty_hours,6,35678,31542
item,iron-gear-wheel,fifty_hours,7,38064,31939
item,iron-gear-wheel,fifty_hours,8,44608,42161
item,iron-gear-wheel,fifty_hours,9,48341,48537
item,iron-gear-wheel,fifty_hours,10,48053,45968
item,iron-gear-wheel,fifty_hours,11,38336,37617
item,iron-gear-wheel,fifty_hours,12,25683,24712
item,iron-gear-wheel,fifty_hours,13,13066,12272
item,iron-gear-wheel,fifty_hours,14,8147,8832
item,iron-gear-wheel,fifty_hours,15,7363,6574
item,iron-gear-wheel,fifty_hours,16,6877,6297
item,iron-gear-wheel,fifty_hours,17,4049,3923
item,iron-gear-wheel,fifty_hours,18,2178,2053
item,iron-gear-wheel,fifty_hours,19,385,298
item,copper-cable,ten_hours,1,140232,140204
item,copper-cable,ten_hours,2,141254,141337
item,copper-cable,ten_hours,3,141518,141516
item,copper-cable,ten_hours,4,141568,141505
item,copper-cable,ten_hours,5,141924,141990
item,copper-cable,ten_hours,6,141970,141949
item,copper-cable,ten_hours,7,142038,142008
item,copper-cable,ten_hours,8,141836,141885
item,copper-cable,ten_hours,9,141936,141883
item,copper-cable,ten_hours,10,142092,142066
item,copper-cable,ten_hours,11,142002,142071
item,copper-cable,ten_hours,12,141870,141834
item,copper-cable,ten_hours,13,141992,141995
item,copper-cable,ten_hours,14,141700,141727
item,copper-cable,ten_hours,15,142094,142072
item,copper-cable,ten_hours,16,142028,141995
item,copper-cable,ten_hours,17,142242,142179
item,copper-cable,ten_hours,18,142288,142381
item,copper-cable,ten_hours,19,143146,143108
item,copper-cable,ten_hours,20,143822,143815
item,copper-cable,ten_hours,21,144412,144447
item,copper-cable,ten_hours,22,145692,145657
item,copper-cable,ten_hours,23,146790,146719
item,copper-cable,ten_hours,24,146892,146991
item,copper-cable,ten_hours,25,147152,147057
item,copper-cable,ten_hours,26,146676,146758
item,copper-cable,ten_hours,27,144460,144367
item,copper-cable,ten_hours,28,144964,144898
item,copper-cable,ten_hours,29,145740,145794
item,copper-cable,ten_hours,30,147598,147558
item,copper-cable,ten_hours,31,149054,149012
item,copper-cable,ten_hours,32,145542,145500
item,copper-cable,ten_hours,33,145172,145176
item,copper-cable,ten_hours,34,145914,145525
item,copper-cable,ten_hours,35,147232,147097
item,copper-cable,ten_hours,36,148434,148414
item,copper-cable,ten_hours,37,148212,147977
item,copper-cable,ten_hours,38,147892,147900
item,copper-cable,ten_hours,39,147204,147022
item,copper-cable,ten_hours,40,148794,148729
item,copper-cable,ten_hours,41,146214,145228
item,copper-cable,ten_hours,42,123804,122703
item,copper-cable,ten_hours,43,118348,118137
item,copper-cable,ten_hours,44,113104,112791
item,copper-cable,ten_hours,45,111416,111035
item,copper-cable,ten_hours,46,106482,106177
item,copper-cable,ten_hours,47,85762,84634
item,copper-cable,ten_hours,48,77866,77581
item,copper-cable,ten_hours,49,75768,75638
item,copper-cable,ten_hours,50,73080,72169
item,copper-cable,ten_hours,51,68122,67607
item,copper-cable,ten_hours,52,50106,49035
item,copper-cable,ten_hours,53,38186,37489
item,copper-cable,ten_hours,54,27036,26943
item,copper-cable,ten_hours,55,26690,26638
item,copper-cable,ten_hours,56,23750,23891
item,copper-cable,ten_hours,57,22568,22614
item,copper-cable,ten_hours,58,22302,22175
item,copper-cable,ten_hours,59,23950,23662
item,copper-cable,ten_hours,60,20200,19828
item,copper-cable,ten_hours,61,14452,14392
item,copper-cable,ten_hours,62,14222,14216
item,copper-cable,ten_hours,63,14000,14048
item,copper-cable,ten_hours,64,12408,12684
item,copper-cable,ten_hours,65,10808,10634
item,copper-cable,ten_hours,66,10206,10026
item,copper-cable,ten_hours,67,9116,9171
item,copper-cable,ten_hours,68,9774,9663
item,copper-cable,ten_hours,69,7860,7872
item,copper-cable,ten_hours,70,7156,7169
item,copper-cable,ten_hours,71,6934,6921
item,copper-cable,ten_hours,72,6690,6687
item,copper-cable,ten_hours,73,7346,7371
item,copper-cable,ten_hours,74,6194,5733
item,copper-cable,ten_hours,75,5138,5118
item,copper-cable,ten_hours,76,5462,5445
item,copper-cable,ten_hours,77,4052,3924
item,copper-cable,ten_hours,78,1616,1821
item,copper-cable,ten_hours,79,1970,1813
item,copper-cable,ten_hours,80,2090,2079
item,copper-cable,ten_hours,81,1990,2019
item,copper-cable,ten_hours,82,1806,1743
item,copper-cable,ten_hours,83,2528,2553
item,copper-cable,ten_hours,84,2130,2166
item,copper-cable,ten_hours,85,1910,1887
item,copper-cable,ten_hours,86,1606,1665
item,copper-cable,ten_hours,87,1232,1494
item,copper-cable,ten_hours,88,1136,1002
item,copper-cable,ten_hours,89,618,628
item,copper-cable,ten_hours,90,872,727
item,copper-cable,ten_hours,91,674,955
item,copper-cable,ten_hours,92,818,882
item,copper-cable,ten_hours,93,720,519
item,copper-cable,ten_hours,94,632,471
item,copper-cable,ten_hours,95,278,180
item,copper-cable,ten_hours,96,42,42
item,copper-cable,fifty_hours,1,709704,709715
item,copper-cable,fifty_hours,2,709656,709693
item,copper-cable,fifty_hours,3,711798,711735
item,copper-cable,fifty_hours,4,727608,727629
item,copper-cable,fifty_hours,5,728992,728874
item,copper-cable,fifty_hours,6,733280,732771
item,copper-cable,fifty_hours,7,738974,738410
item,copper-cable,fifty_hours,8,650264,647588
item,copper-cable,fifty_hours,9,457294,455065
item,copper-cable,fifty_hours,10,256530,253243
item,copper-cable,fifty_hours,11,119260,118980
item,copper-cable,fifty_hours,12,75282,75168
item,copper-cable,fifty_hours,13,47764,47366
item,copper-cable,fifty_hours,14,34320,33881
item,copper-cable,fifty_hours,15,18238,18121
item,copper-cable,fifty_hours,16,10544,10560
item,copper-cable,fifty_hours,17,6502,6676
item,copper-cable,fifty_hours,18,3716,3554
item,copper-cable,fifty_hours,19,320,222
item,electronic-circuit,ten_hours,1,40331,39579
item,electronic-circuit,ten_hours,2,40734,39726
item,electronic-circuit,ten_hours,3,40807,39709
item,electronic-circuit,ten_hours,4,40793,40061
item,electronic-circuit,ten_hours,5,40971,40015
item,electronic-circuit,ten_hours,6,40949,40063
item,electronic-circuit,ten_hours,7,40978,40265
item,electronic-circuit,ten_hours,8,40930,40247
item,electronic-circuit,ten_hours,9,40931,40379
item,electronic-circuit,ten_hours,10,41013,40333
item,electronic-circuit,ten_hours,11,40994,40429
item,electronic-circuit,ten_hours,12,40919,40176
item,electronic-circuit,ten_hours,13,40971,40351
item,electronic-circuit,ten_hours,14,40885,40381
item,electronic-circuit,ten_hours,15,41001,40438
item,electronic-circuit,ten_hours,16,40923,40235
item,electronic-circuit,ten_hours,17,41008,40316
item,electronic-circuit,ten_hours,18,40945,40410
item,electronic-circuit,ten_hours,19,41053,40619
item,electronic-circuit,ten_hours,20,40928,40344
item,electronic-circuit,ten_hours,21,40626,40122
item,electronic-circuit,ten_hours,22,41026,40007
item,electronic-circuit,ten_hours,23,41395,40133
item,electronic-circuit,ten_hours,24,41465,40454
item,electronic-circuit,ten_hours,25,41488,40348
item,electronic-circuit,ten_hours,26,41702,40643
item,electronic-circuit,ten_hours,27,41794,40417
item,electronic-circuit,ten_hours,28,41905,40790
item,electronic-circuit,ten_hours,29,42051,40976
item,electronic-circuit,ten_hours,30,42396,41258
item,electronic-circuit,ten_hours,31,42711,41111
item,electronic-circuit,ten_hours,32,42173,41547
item,electronic-circuit,ten_hours,33,41872,41547
item,electronic-circuit,ten_hours,34,41874,41439
item,electronic-circuit,ten_hours,35,41846,41679
item,electronic-circuit,ten_hours,36,42068,41239
item,electronic-circuit,ten_hours,37,42048,40877
item,electronic-circuit,ten_hours,38,41861,40821
item,electronic-circuit,ten_hours,39,41535,40757
item,electronic-circuit,ten_hours,40,42161,40891
item,electronic-circuit,ten_hours,41,41556,36014
item,electronic-circuit,ten_hours,42,35193,30895
item,electronic-circuit,ten_hours,43,33429,31195
item,electronic-circuit,ten_hours,44,31475,31489
item,electronic-circuit,ten_hours,45,30931,29407
item,electronic-circuit,ten_hours,46,29986,24467
item,electronic-circuit,ten_hours,47,22761,20937
item,electronic-circuit,ten_hours,48,20529,20453
item,electronic-circuit,ten_hours,49,20319,20350
item,electronic-circuit,ten_hours,50,19542,20385
item,electronic-circuit,ten_hours,51,18186,16036
item,electronic-circuit,ten_hours,52,13739,9037
item,electronic-circuit,ten_hours,53,10620,7747
item,electronic-circuit,ten_hours,54,7459,7315
item,electronic-circuit,ten_hours,55,7466,7159
item,electronic-circuit,ten_hours,56,6758,6326
item,electronic-circuit,ten_hours,57,6259,6399
item,electronic-circuit,ten_hours,58,6235,5879
item,electronic-circuit,ten_hours,59,6400,6400
item,electronic-circuit,ten_hours,60,5629,4415
item,electronic-circuit,ten_hours,61,3983,3767
item,electronic-circuit,ten_hours,62,3966,4179
item,electronic-circuit,ten_hours,63,3945,3686
item,electronic-circuit,ten_hours,64,3540,2939
item,electronic-circuit,ten_hours,65,2801,2852
item,electronic-circuit,ten_hours,66,2589,3056
item,electronic-circuit,ten_hours,67,2382,2985
item,electronic-circuit,ten_hours,68,2506,2903
item,electronic-circuit,ten_hours,69,1955,2681
item,electronic-circuit,ten_hours,70,1796,2556
item,electronic-circuit,ten_hours,71,1725,1737
item,electronic-circuit,ten_hours,72,1651,1336
item,electronic-circuit,ten_hours,73,1881,1551
item,electronic-circuit,ten_hours,74,1842,827
item,electronic-circuit,ten_hours,75,1707,590
item,electronic-circuit,ten_hours,76,1815,659
item,electronic-circuit,ten_hours,77,1305,794
item,electronic-circuit,ten_hours,78,549,589
item,electronic-circuit,ten_hours,79,603,601
item,electronic-circuit,ten_hours,80,618,610
item,electronic-circuit,ten_hours,81,638,704
item,electronic-circuit,ten_hours,82,584,506
item,electronic-circuit,ten_hours,83,852,627
item,electronic-circuit,ten_hours,84,719,591
item,electronic-circuit,ten_hours,85,627,551
item,electronic-circuit,ten_hours,86,554,552
item,electronic-circuit,ten_hours,87,448,458
item,electronic-circuit,ten_hours,88,305,205
item,electronic-circuit,ten_hours,89,206,258
item,electronic-circuit,ten_hours,90,211,265
item,electronic-circuit,ten_hours,91,307,233
item,electronic-circuit,ten_hours,92,292,161
item,electronic-circuit,ten_hours,93,173,151
item,electronic-circuit,ten_hours,94,147,48
item,electronic-circuit,ten_hours,95,38,35
item,electronic-circuit,ten_hours,96,10,10
item,electronic-circuit,fifty_hours,1,204759,200969
item,electronic-circuit,fifty_hours,2,204782,201670
item,electronic-circuit,fifty_hours,3,204930,202018
item,electronic-circuit,fifty_hours,4,205440,201060
item,electronic-circuit,fifty_hours,5,208940,203174
item,electronic-circuit,fifty_hours,6,211026,206902
item,electronic-circuit,fifty_hours,7,209358,205373
item,electronic-circuit,fifty_hours,8,183814,170484
item,electronic-circuit,fifty_hours,9,124526,115614
item,electronic-circuit,fifty_hours,10,69546,60520
item,electronic-circuit,fifty_hours,11,33118,32163
item,electronic-circuit,fifty_hours,12,21063,18986
item,electronic-circuit,fifty_hours,13,12233,14477
item,electronic-circuit,fifty_hours,14,8895,8007
item,electronic-circuit,fifty_hours,15,5979,3233
item,electronic-circuit,fifty_hours,16,3411,3038
item,electronic-circuit,fifty_hours,17,2140,2024
item,electronic-circuit,fifty_hours,18,1130,858
item,electronic-circuit,fifty_hours,19,48,45
item,advanced-circuit,ten_hours,1,6956,6436
item,advanced-circuit,ten_hours,2,6952,6362
item,advanced-circuit,ten_hours,3,6954,6449
item,advanced-circuit,ten_hours,4,6950,6344
item,advanced-circuit,ten_hours,5,6958,6353
item,advanced-circuit,ten_hours,6,6956,6421
item,advanced-circuit,ten_hours,7,6955,6384
item,advanced-circuit,ten_hours,8,6948,6282
item,advanced-circuit,ten_hours,9,6949,6283
item,advanced-circuit,ten_hours,10,6955,6414
item,advanced-circuit,ten_hours,11,6949,6389
item,advanced-circuit,ten_hours,12,6952,6333
item,advanced-circuit,ten_hours,13,6957,6254
item,advanced-circuit,ten_hours,14,6941,6308
item,advanced-circuit,ten_hours,15,6957,6274
item,advanced-circuit,ten_hours,16,6949,6269
item,advanced-circuit,ten_hours,17,6959,6607
item,advanced-circuit,ten_hours,18,6957,6498
item,advanced-circuit,ten_hours,19,6940,6543
item,advanced-circuit,ten_hours,20,6964,6401
item,advanced-circuit,ten_hours,21,6965,6842
item,advanced-circuit,ten_hours,22,6963,6215
item,advanced-circuit,ten_hours,23,6963,6455
item,advanced-circuit,ten_hours,24,6953,7204
item,advanced-circuit,ten_hours,25,6954,6644
item,advanced-circuit,ten_hours,26,6949,7137
item,advanced-circuit,ten_hours,27,6952,6627
item,advanced-circuit,ten_hours,28,6953,6488
item,advanced-circuit,ten_hours,29,6946,6930
item,advanced-circuit,ten_hours,30,6953,6461
item,advanced-circuit,ten_hours,31,6951,7156
item,advanced-circuit,ten_hours,32,6957,6707
item,advanced-circuit,ten_hours,33,6955,6765
item,advanced-circuit,ten_hours,34,6884,6605
item,advanced-circuit,ten_hours,35,6955,6116
item,advanced-circuit,ten_hours,36,6951,5954
item,advanced-circuit,ten_hours,37,6954,6041
item,advanced-circuit,ten_hours,38,6948,5519
item,advanced-circuit,ten_hours,39,6953,5883
item,advanced-circuit,ten_hours,40,6938,6128
item,advanced-circuit,ten_hours,41,6330,4671
item,advanced-circuit,ten_hours,42,5168,4778
item,advanced-circuit,ten_hours,43,5179,4426
item,advanced-circuit,ten_hours,44,5163,4237
item,advanced-circuit,ten_hours,45,5029,4705
item,advanced-circuit,ten_hours,46,4304,4222
item,advanced-circuit,ten_hours,47,4034,3379
item,advanced-circuit,ten_hours,48,3760,3318
item,advanced-circuit,ten_hours,49,3685,3282
item,advanced-circuit,ten_hours,50,3651,3232
item,advanced-circuit,ten_hours,51,3173,2490
item,advanced-circuit,ten_hours,52,1974,1282
item,advanced-circuit,ten_hours,53,1322,1118
item,advanced-circuit,ten_hours,54,1104,1051
item,advanced-circuit,ten_hours,55,1012,1254
item,advanced-circuit,ten_hours,56,833,761
item,advanced-circuit,ten_hours,57,857,887
item,advanced-circuit,ten_hours,58,766,795
item,advanced-circuit,ten_hours,59,997,948
item,advanced-circuit,ten_hours,60,642,855
item,advanced-circuit,ten_hours,61,448,462
item,advanced-circuit,ten_hours,62,444,330
item,advanced-circuit,ten_hours,63,443,327
item,advanced-circuit,ten_hours,64,439,309
item,advanced-circuit,ten_hours,65,404,318
item,advanced-circuit,ten_hours,66,449,525
item,advanced-circuit,ten_hours,67,440,318
item,advanced-circuit,ten_hours,68,442,309
item,advanced-circuit,ten_hours,69,435,413
item,advanced-circuit,ten_hours,70,435,880
item,advanced-circuit,ten_hours,71,435,237
item,advanced-circuit,ten_hours,72,435,231
item,advanced-circuit,ten_hours,73,424,204
item,advanced-circuit,ten_hours,74,17,0
item,advanced-circuit,fifty_hours,1,34766,31723
item,advanced-circuit,fifty_hours,2,34754,31698
item,advanced-circuit,fifty_hours,3,34762,32191
item,advanced-circuit,fifty_hours,4,34808,33117
item,advanced-circuit,fifty_hours,5,34754,33826
item,advanced-circuit,fifty_hours,6,34700,33694
item,advanced-circuit,fifty_hours,7,34761,29513
item,advanced-circuit,fifty_hours,8,28778,24240
item,advanced-circuit,fifty_hours,9,20812,18906
item,advanced-circuit,fifty_hours,10,11224,9173
item,advanced-circuit,fifty_hours,11,4465,4645
item,advanced-circuit,fifty_hours,12,2416,2283
item,advanced-circuit,fifty_hours,13,2170,1883
item,advanced-circuit,fifty_hours,14,1746,1552
item,processing-unit,ten_hours,1,1138,574
item,processing-unit,ten_hours,2,1149,599
item,processing-unit,ten_hours,3,1113,557
item,processing-unit,ten_hours,4,1148,523
item,processing-unit,ten_hours,5,1149,547
item,processing-unit,ten_hours,6,1106,542
item,processing-unit,ten_hours,7,1148,590
item,processing-unit,ten_hours,8,1144,706
item,processing-unit,ten_hours,9,1116,465
item,processing-unit,ten_hours,10,1142,483
item,processing-unit,ten_hours,11,1146,848
item,processing-unit,ten_hours,12,1109,759
item,processing-unit,ten_hours,13,1159,761
item,processing-unit,ten_hours,14,1135,882
item,processing-unit,ten_hours,15,1128,1023
item,processing-unit,ten_hours,16,1143,965
item,processing-unit,ten_hours,17,1132,944
item,processing-unit,ten_hours,18,1129,899
item,processing-unit,ten_hours,19,1149,782
item,processing-unit,ten_hours,20,1119,1030
item,processing-unit,ten_hours,21,1143,1102
item,processing-unit,ten_hours,22,1140,1565
item,processing-unit,ten_hours,23,1117,1385
item,processing-unit,ten_hours,24,1156,977
item,processing-unit,ten_hours,25,1158,1157
item,processing-unit,ten_hours,26,1108,1272
item,processing-unit,ten_hours,27,1143,619
item,processing-unit,ten_hours,28,1146,622
item,processing-unit,ten_hours,29,1114,1228
item,processing-unit,ten_hours,30,1134,988
item,processing-unit,ten_hours,31,1091,823
item,processing-unit,ten_hours,32,1104,782
item,processing-unit,ten_hours,33,1149,1278
item,processing-unit,ten_hours,34,1125,1025
item,processing-unit,ten_hours,35,1144,439
item,processing-unit,ten_hours,36,1165,916
item,processing-unit,ten_hours,37,1110,965
item,processing-unit,ten_hours,38,1117,807
item,processing-unit,ten_hours,39,1125,927
item,processing-unit,ten_hours,40,1064,782
item,processing-unit,ten_hours,41,869,902
item,processing-unit,ten_hours,42,763,415
item,processing-unit,ten_hours,43,732,691
item,processing-unit,ten_hours,44,763,598
item,processing-unit,ten_hours,45,631,534
item,processing-unit,ten_hours,46,428,536
item,processing-unit,ten_hours,47,305,131
item,processing-unit,ten_hours,48,297,419
item,processing-unit,ten_hours,49,306,0
item,processing-unit,ten_hours,50,317,0
item,processing-unit,ten_hours,51,145,0
item,processing-unit,fifty_hours,1,5663,2850
item,processing-unit,fifty_hours,2,5691,3733
item,processing-unit,fifty_hours,3,5681,4613
item,processing-unit,fifty_hours,4,5675,6059
item,processing-unit,fifty_hours,5,5669,4898
item,processing-unit,fifty_hours,6,5603,4896
item,processing-unit,fifty_hours,7,5661,4054
item,processing-unit,fifty_hours,8,4191,3388
item,processing-unit,fifty_hours,9,1967,1620
item,processing-unit,fifty_hours,10,462,0
item,plastic-bar,ten_hours,1,17514,17505
item,plastic-bar,ten_hours,2,17506,17508
item,plastic-bar,ten_hours,3,17510,17502
item,plastic-bar,ten_hours,4,17450,17458
item,plastic-bar,ten_hours,5,17472,17478
item,plastic-bar,ten_hours,6,17544,17534
item,plastic-bar,ten_hours,7,17530,17542
item,plastic-bar,ten_hours,8,17530,17561
item,plastic-bar,ten_hours,9,17652,17652
item,plastic-bar,ten_hours,10,17650,17634
item,plastic-bar,ten_hours,11,17638,17680
item,plastic-bar,ten_hours,12,17764,17801
item,plastic-bar,ten_hours,13,17978,18032
item,plastic-bar,ten_hours,14,18216,18335
item,plastic-bar,ten_hours,15,18762,18809
item,plastic-bar,ten_hours,16,19060,19090
item,plastic-bar,ten_hours,17,19156,19175
item,plastic-bar,ten_hours,18,19160,19172
item,plastic-bar,ten_hours,19,19140,19144
item,plastic-bar,ten_hours,20,19182,19200
item,plastic-bar,ten_hours,21,19186,19187
item,plastic-bar,ten_hours,22,19166,19176
item,plastic-bar,ten_hours,23,19170,19172
item,plastic-bar,ten_hours,24,19130,19117
item,plastic-bar,ten_hours,25,19168,19130
item,plastic-bar,ten_hours,26,19306,19229
item,plastic-bar,ten_hours,27,19294,19306
item,plastic-bar,ten_hours,28,19316,19304
item,plastic-bar,ten_hours,29,19290,19300
item,plastic-bar,ten_hours,30,19300,19296
item,plastic-bar,ten_hours,31,19304,19312
item,plastic-bar,ten_hours,32,19310,19308
item,plastic-bar,ten_hours,33,19310,19308
item,plastic-bar,ten_hours,34,19260,19089
item,plastic-bar,ten_hours,35,19322,19308
item,plastic-bar,ten_hours,36,19344,19292
item,plastic-bar,ten_hours,37,19326,19296
item,plastic-bar,ten_hours,38,19310,19293
item,plastic-bar,ten_hours,39,19328,19294
item,plastic-bar,ten_hours,40,19310,19254
item,plastic-bar,ten_hours,41,19012,18200
item,plastic-bar,ten_hours,42,15616,15231
item,plastic-bar,ten_hours,43,14946,14324
item,plastic-bar,ten_hours,44,13486,12613
item,plastic-bar,ten_hours,45,12142,11896
item,plastic-bar,ten_hours,46,10858,10499
item,plastic-bar,ten_hours,47,10146,9887
item,plastic-bar,ten_hours,48,9406,9334
item,plastic-bar,ten_hours,49,9090,9115
item,plastic-bar,ten_hours,50,9150,8893
item,plastic-bar,ten_hours,51,8122,6875
item,plastic-bar,ten_hours,52,4410,4014
item,plastic-bar,ten_hours,53,2968,2744
item,plastic-bar,ten_hours,54,2262,2226
item,plastic-bar,ten_hours,55,2128,2050
item,plastic-bar,ten_hours,56,1790,1674
item,plastic-bar,ten_hours,57,1706,1706
item,plastic-bar,ten_hours,58,1608,1536
item,plastic-bar,ten_hours,59,2036,1988
item,plastic-bar,ten_hours,60,1536,1340
item,plastic-bar,ten_hours,61,912,898
item,plastic-bar,ten_hours,62,890,888
item,plastic-bar,ten_hours,63,956,888
item,plastic-bar,ten_hours,64,884,878
item,plastic-bar,ten_hours,65,826,806
item,plastic-bar,ten_hours,66,894,898
item,plastic-bar,ten_hours,67,880,880
item,plastic-bar,ten_hours,68,886,886
item,plastic-bar,ten_hours,69,870,870
item,plastic-bar,ten_hours,70,868,870
item,plastic-bar,ten_hours,71,870,870
item,plastic-bar,ten_hours,72,896,870
item,plastic-bar,ten_hours,73,892,870
item,plastic-bar,ten_hours,74,584,70
item,plastic-bar,ten_hours,75,110,0
item,plastic-bar,fifty_hours,1,87728,87767
item,plastic-bar,fifty_hours,2,89246,89482
item,plastic-bar,fifty_hours,3,95278,95390
item,plastic-bar,fifty_hours,4,95834,95852
item,plastic-bar,fifty_hours,5,96374,96269
item,plastic-bar,fifty_hours,6,96484,96313
item,plastic-bar,fifty_hours,7,96630,96483
item,plastic-bar,fifty_hours,8,82370,79622
item,plastic-bar,fifty_hours,9,51642,50731
item,plastic-bar,fifty_hours,10,26912,24752
item,plastic-bar,fifty_hours,11,9268,8954
item,plastic-bar,fifty_hours,12,5178,4892
item,plastic-bar,fifty_hours,13,4356,4340
item,plastic-bar,fifty_hours,14,4110,3550
item,plastic-bar,fifty_hours,15,110,0
item,sulfur,ten_hours,1,2284,2314
item,sulfur,ten_hours,2,2330,2317
item,sulfur,ten_hours,3,2342,2328
item,sulfur,ten_hours,4,2292,2299
item,sulfur,ten_hours,5,2310,2301
item,sulfur,ten_hours,6,2280,2300
item,sulfur,ten_hours,7,2320,2302
item,sulfur,ten_hours,8,2324,2327
item,sulfur,ten_hours,9,2292,2319
item,sulfur,ten_hours,10,2308,2277
item,sulfur,ten_hours,11,2304,2313
item,sulfur,ten_hours,12,2302,2299
item,sulfur,ten_hours,13,2306,2326
item,sulfur,ten_hours,14,2318,2320
item,sulfur,ten_hours,15,2294,2272
item,sulfur,ten_hours,16,2358,2335
item,sulfur,ten_hours,17,2346,2324
item,sulfur,ten_hours,18,2448,2438
item,sulfur,ten_hours,19,2576,2568
item,sulfur,ten_hours,20,2558,2559
item,sulfur,ten_hours,21,2576,2570
item,sulfur,ten_hours,22,2554,2570
item,sulfur,ten_hours,23,2564,2562
item,sulfur,ten_hours,24,2574,2567
item,sulfur,ten_hours,25,2560,2569
item,sulfur,ten_hours,26,2570,2568
item,sulfur,ten_hours,27,2566,2563
item,sulfur,ten_hours,28,2566,2569
item,sulfur,ten_hours,29,2584,2565
item,sulfur,ten_hours,30,2556,2565
item,sulfur,ten_hours,31,2566,2567
item,sulfur,ten_hours,32,2580,2546
item,sulfur,ten_hours,33,2546,2557
item,sulfur,ten_hours,34,2726,2517
item,sulfur,ten_hours,35,2344,2327
item,sulfur,ten_hours,36,2272,2275
item,sulfur,ten_hours,37,2296,2277
item,sulfur,ten_hours,38,2258,2275
item,sulfur,ten_hours,39,2270,2278
item,sulfur,ten_hours,40,2278,2271
item,sulfur,ten_hours,41,2274,2286
item,sulfur,ten_hours,42,2282,2270
item,sulfur,ten_hours,43,2268,2277
item,sulfur,ten_hours,44,2270,2280
item,sulfur,ten_hours,45,2296,2322
item,sulfur,ten_hours,46,2194,2494
item,sulfur,ten_hours,47,1230,1227
item,sulfur,ten_hours,48,1118,1103
item,sulfur,ten_hours,49,1846,1547
item,sulfur,ten_hours,50,1838,1827
item,sulfur,ten_hours,51,1100,1105
item,sulfur,ten_hours,52,1012,1042
item,sulfur,ten_hours,53,854,780
item,sulfur,ten_hours,54,718,689
item,sulfur,ten_hours,55,676,674
item,sulfur,ten_hours,56,668,673
item,sulfur,ten_hours,57,672,673
item,sulfur,ten_hours,58,846,678
item,sulfur,ten_hours,59,730,676
item,sulfur,ten_hours,60,672,673
item,sulfur,ten_hours,61,684,673
item,sulfur,ten_hours,62,684,678
item,sulfur,ten_hours,63,680,676
item,sulfur,ten_hours,64,672,673
item,sulfur,ten_hours,65,684,673
item,sulfur,ten_hours,66,672,678
item,sulfur,ten_hours,67,678,676
item,sulfur,ten_hours,68,676,673
item,sulfur,ten_hours,69,676,676
item,sulfur,ten_hours,70,702,677
item,sulfur,ten_hours,71,720,679
item,sulfur,ten_hours,72,720,677
item,sulfur,ten_hours,73,438,263
item,sulfur,ten_hours,74,48,0
item,sulfur,fifty_hours,1,11526,11549
item,sulfur,fifty_hours,2,11538,11535
item,sulfur,fifty_hours,3,12022,11937
item,sulfur,fifty_hours,4,12826,12828
item,sulfur,fifty_hours,5,12846,12834
item,sulfur,fifty_hours,6,12974,12752
item,sulfur,fifty_hours,7,11440,11432
item,sulfur,fifty_hours,8,11372,11384
item,sulfur,fifty_hours,9,8684,8693
item,sulfur,fifty_hours,10,5522,5443
item,sulfur,fifty_hours,11,3592,3374
item,sulfur,fifty_hours,12,3392,3373
item,sulfur,fifty_hours,13,3386,3376
item,sulfur,fifty_hours,14,2628,2296
item,automation-science-pack,ten_hours,1,648,0
item,automation-science-pack,ten_hours,2,648,0
item,automation-science-pack,ten_hours,3,648,285
item,automation-science-pack,ten_hours,4,648,2357
item,automation-science-pack,ten_hours,5,648,1168
item,automation-science-pack,ten_hours,6,648,0
item,automation-science-pack,ten_hours,7,648,0
item,automation-science-pack,ten_hours,8,648,0
item,automation-science-pack,ten_hours,9,648,0
item,automation-science-pack,ten_hours,10,648,0
item,automation-science-pack,ten_hours,11,648,0
item,automation-science-pack,ten_hours,12,648,0
item,automation-science-pack,ten_hours,13,648,586
item,automation-science-pack,ten_hours,14,648,966
item,automation-science-pack,ten_hours,15,648,690
item,automation-science-pack,ten_hours,16,648,936
item,automation-science-pack,ten_hours,17,648,886
item,automation-science-pack,ten_hours,18,648,97
item,automation-science-pack,ten_hours,19,648,471
item,automation-science-pack,ten_hours,20,648,682
item,automation-science-pack,ten_hours,21,616,557
item,automation-science-pack,ten_hours,22,636,468
item,automation-science-pack,ten_hours,23,625,241
item,automation-science-pack,ten_hours,24,648,336
item,automation-science-pack,ten_hours,25,648,855
item,automation-science-pack,ten_hours,26,643,946
item,automation-science-pack,ten_hours,27,641,515
item,automation-science-pack,ten_hours,28,648,745
item,automation-science-pack,ten_hours,29,648,877
item,automation-science-pack,ten_hours,30,648,659
item,automation-science-pack,ten_hours,31,531,1220
item,automation-science-pack,ten_hours,32,211,198
item,automation-science-pack,ten_hours,33,625,260
item,automation-science-pack,ten_hours,34,594,715
item,automation-science-pack,ten_hours,35,591,514
item,automation-science-pack,ten_hours,36,648,591
item,automation-science-pack,ten_hours,37,648,560
item,automation-science-pack,ten_hours,38,647,736
item,automation-science-pack,ten_hours,39,428,598
item,automation-science-pack,ten_hours,40,414,670
item,automation-science-pack,ten_hours,41,425,458
item,automation-science-pack,ten_hours,42,565,95
item,automation-science-pack,ten_hours,43,507,47
item,automation-science-pack,ten_hours,44,544,0
item,automation-science-pack,ten_hours,45,644,611
item,automation-science-pack,ten_hours,46,641,70
item,automation-science-pack,ten_hours,47,652,989
item,automation-science-pack,ten_hours,48,648,914
item,automation-science-pack,ten_hours,49,643,661
item,automation-science-pack,ten_hours,50,638,427
item,automation-science-pack,ten_hours,51,648,461
item,automation-science-pack,ten_hours,52,636,385
item,automation-science-pack,ten_hours,53,643,384
item,automation-science-pack,ten_hours,54,627,326
item,automation-science-pack,ten_hours,55,425,231
item,automation-science-pack,ten_hours,56,271,228
item,automation-science-pack,ten_hours,57,267,231
item,automation-science-pack,ten_hours,58,271,137
item,automation-science-pack,ten_hours,59,268,155
item,automation-science-pack,ten_hours,60,264,138
item,automation-science-pack,ten_hours,61,288,219
item,automation-science-pack,ten_hours,62,288,217
item,automation-science-pack,ten_hours,63,288,254
item,automation-science-pack,ten_hours,64,276,294
item,automation-science-pack,ten_hours,65,268,198
item,automation-science-pack,ten_hours,66,243,269
item,automation-science-pack,ten_hours,67,199,206
item,automation-science-pack,ten_hours,68,212,202
item,automation-science-pack,ten_hours,69,147,146
item,automation-science-pack,ten_hours,70,156,135
item,automation-science-pack,ten_hours,71,183,134
item,automation-science-pack,ten_hours,72,239,102
item,automation-science-pack,ten_hours,73,248,188
item,automation-science-pack,ten_hours,74,228,210
item,automation-science-pack,ten_hours,75,219,243
item,automation-science-pack,ten_hours,76,165,83
item,automation-science-pack,ten_hours,77,228,146
item,automation-science-pack,ten_hours,78,171,166
item,automation-science-pack,ten_hours,79,168,131
item,automation-science-pack,ten_hours,80,168,157
item,automation-science-pack,ten_hours,81,168,140
item,automation-science-pack,ten_hours,82,168,145
item,automation-science-pack,ten_hours,83,168,150
item,automation-science-pack,ten_hours,84,160,50
item,automation-science-pack,ten_hours,85,22,24
item,automation-science-pack,ten_hours,86,28,24
item,automation-science-pack,ten_hours,87,36,33
item,automation-science-pack,ten_hours,88,36,36
item,automation-science-pack,ten_hours,89,36,36
item,automation-science-pack,ten_hours,90,16,17
item,automation-science-pack,ten_hours,91,23,34
item,automation-science-pack,ten_hours,92,27,24
item,automation-science-pack,ten_hours,93,30,27
item,automation-science-pack,ten_hours,94,27,21
item,automation-science-pack,ten_hours,95,2,7
item,automation-science-pack,ten_hours,96,8,3
item,automation-science-pack,fifty_hours,1,3240,1168
item,automation-science-pack,fifty_hours,2,3240,1552
item,automation-science-pack,fifty_hours,3,3240,3080
item,automation-science-pack,fifty_hours,4,3173,2284
item,automation-science-pack,fifty_hours,5,3228,3938
item,automation-science-pack,fifty_hours,6,2609,3052
item,automation-science-pack,fifty_hours,7,2962,2999
item,automation-science-pack,fifty_hours,8,2455,1270
item,automation-science-pack,fifty_hours,9,3228,3245
item,automation-science-pack,fifty_hours,10,3192,1983
item,automation-science-pack,fifty_hours,11,1502,982
item,automation-science-pack,fifty_hours,12,1404,1122
item,automation-science-pack,fifty_hours,13,1069,1021
item,automation-science-pack,fifty_hours,14,1054,769
item,automation-science-pack,fifty_hours,15,951,769
item,automation-science-pack,fifty_hours,16,832,642
item,automation-science-pack,fifty_hours,17,158,153
item,automation-science-pack,fifty_hours,18,123,123
item,automation-science-pack,fifty_hours,19,10,10
item,logistic-science-pack,ten_hours,1,630,0
item,logistic-science-pack,ten_hours,2,630,0
item,logistic-science-pack,ten_hours,3,630,282
item,logistic-science-pack,ten_hours,4,630,2359
item,logistic-science-pack,ten_hours,5,630,1165
item,logistic-science-pack,ten_hours,6,630,0
item,logistic-science-pack,ten_hours,7,630,0
item,logistic-science-pack,ten_hours,8,630,0
item,logistic-science-pack,ten_hours,9,630,0
item,logistic-science-pack,ten_hours,10,630,0
item,logistic-science-pack,ten_hours,11,630,0
item,logistic-science-pack,ten_hours,12,630,0
item,logistic-science-pack,ten_hours,13,630,587
item,logistic-science-pack,ten_hours,14,630,967
item,logistic-science-pack,ten_hours,15,630,692
item,logistic-science-pack,ten_hours,16,630,932
item,logistic-science-pack,ten_hours,17,630,885
item,logistic-science-pack,ten_hours,18,630,95
item,logistic-science-pack,ten_hours,19,630,472
item,logistic-science-pack,ten_hours,20,630,689
item,logistic-science-pack,ten_hours,21,605,550
item,logistic-science-pack,ten_hours,22,630,472
item,logistic-science-pack,ten_hours,23,630,233
item,logistic-science-pack,ten_hours,24,630,329
item,logistic-science-pack,ten_hours,25,630,859
item,logistic-science-pack,ten_hours,26,627,942
item,logistic-science-pack,ten_hours,27,622,517
item,logistic-science-pack,ten_hours,28,630,745
item,logistic-science-pack,ten_hours,29,630,895
item,logistic-science-pack,ten_hours,30,630,652
item,logistic-science-pack,ten_hours,31,630,1201
item,logistic-science-pack,ten_hours,32,518,196
item,logistic-science-pack,ten_hours,33,612,275
item,logistic-science-pack,ten_hours,34,620,712
item,logistic-science-pack,ten_hours,35,629,510
item,logistic-science-pack,ten_hours,36,630,592
item,logistic-science-pack,ten_hours,37,630,560
item,logistic-science-pack,ten_hours,38,630,734
item,logistic-science-pack,ten_hours,39,530,608
item,logistic-science-pack,ten_hours,40,621,664
item,logistic-science-pack,ten_hours,41,592,473
item,logistic-science-pack,ten_hours,42,458,95
item,logistic-science-pack,ten_hours,43,548,46
item,logistic-science-pack,ten_hours,44,606,0
item,logistic-science-pack,ten_hours,45,622,627
item,logistic-science-pack,ten_hours,46,588,60
item,logistic-science-pack,ten_hours,47,576,811
item,logistic-science-pack,ten_hours,48,593,904
item,logistic-science-pack,ten_hours,49,590,664
item,logistic-science-pack,ten_hours,50,582,424
item,logistic-science-pack,ten_hours,51,586,469
item,logistic-science-pack,ten_hours,52,600,381
item,logistic-science-pack,ten_hours,53,600,388
item,logistic-science-pack,ten_hours,54,560,318
item,logistic-science-pack,ten_hours,55,374,227
item,logistic-science-pack,ten_hours,56,231,229
item,logistic-science-pack,ten_hours,57,228,245
item,logistic-science-pack,ten_hours,58,181,142
item,logistic-science-pack,ten_hours,59,160,152
item,logistic-science-pack,ten_hours,60,167,131
item,logistic-science-pack,ten_hours,61,230,226
item,logistic-science-pack,ten_hours,62,240,216
item,logistic-science-pack,ten_hours,63,224,260
item,logistic-science-pack,ten_hours,64,226,300
item,logistic-science-pack,ten_hours,65,228,202
item,logistic-science-pack,ten_hours,66,238,272
item,logistic-science-pack,ten_hours,67,204,200
item,logistic-science-pack,ten_hours,68,216,186
item,logistic-science-pack,ten_hours,69,210,134
item,logistic-science-pack,ten_hours,70,188,128
item,logistic-science-pack,ten_hours,71,171,132
item,logistic-science-pack,ten_hours,72,207,107
item,logistic-science-pack,ten_hours,73,235,209
item,logistic-science-pack,ten_hours,74,210,203
item,logistic-science-pack,ten_hours,75,206,243
item,logistic-science-pack,ten_hours,76,191,84
item,logistic-science-pack,ten_hours,77,210,151
item,logistic-science-pack,ten_hours,78,162,167
item,logistic-science-pack,ten_hours,79,160,128
item,logistic-science-pack,ten_hours,80,160,158
item,logistic-science-pack,ten_hours,81,160,147
item,logistic-science-pack,ten_hours,82,159,154
item,logistic-science-pack,ten_hours,83,160,147
item,logistic-science-pack,ten_hours,84,122,19
item,logistic-science-pack,fifty_hours,1,3150,1165
item,logistic-science-pack,fifty_hours,2,3150,1554
item,logistic-science-pack,fifty_hours,3,3150,3076
item,logistic-science-pack,fifty_hours,4,3125,2273
item,logistic-science-pack,fifty_hours,5,3139,3958
item,logistic-science-pack,fifty_hours,6,3010,3036
item,logistic-science-pack,fifty_hours,7,3049,3004
item,logistic-science-pack,fifty_hours,8,2825,1278
item,logistic-science-pack,fifty_hours,9,2969,3066
item,logistic-science-pack,fifty_hours,10,2928,1980
item,logistic-science-pack,fifty_hours,11,1174,995
item,logistic-science-pack,fifty_hours,12,1087,1133
item,logistic-science-pack,fifty_hours,13,1096,994
item,logistic-science-pack,fifty_hours,14,1011,779
item,logistic-science-pack,fifty_hours,15,929,773
item,logistic-science-pack,fifty_hours,16,761,625
item,military-science-pack,ten_hours,1,286,0
item,military-science-pack,ten_hours,2,276,0
item,military-science-pack,ten_hours,3,284,292
item,military-science-pack,ten_hours,4,280,911
item,military-science-pack,ten_hours,5,278,797
item,military-science-pack,ten_hours,6,286,0
item,military-science-pack,ten_hours,7,274,0
item,military-science-pack,ten_hours,8,286,0
item,military-science-pack,ten_hours,9,280,0
item,military-science-pack,ten_hours,10,278,0
item,military-science-pack,ten_hours,11,286,0
item,military-science-pack,ten_hours,12,274,0
item,military-science-pack,ten_hours,13,286,381
item,military-science-pack,ten_hours,14,280,565
item,military-science-pack,ten_hours,15,274,383
item,military-science-pack,ten_hours,16,282,0
item,military-science-pack,ten_hours,17,274,0
item,military-science-pack,ten_hours,18,284,0
item,military-science-pack,ten_hours,19,280,474
item,military-science-pack,ten_hours,20,280,698
item,military-science-pack,ten_hours,21,286,548
item,military-science-pack,ten_hours,22,274,473
item,military-science-pack,ten_hours,23,284,232
item,military-science-pack,ten_hours,24,280,329
item,military-science-pack,ten_hours,25,280,872
item,military-science-pack,ten_hours,26,286,426
item,military-science-pack,ten_hours,27,274,498
item,military-science-pack,ten_hours,28,284,429
item,military-science-pack,ten_hours,29,280,0
item,military-science-pack,ten_hours,30,280,0
item,military-science-pack,ten_hours,31,286,0
item,military-science-pack,ten_hours,32,274,0
item,military-science-pack,ten_hours,33,284,0
item,military-science-pack,ten_hours,34,274,0
item,military-science-pack,ten_hours,35,300,0
item,military-science-pack,ten_hours,36,298,0
item,military-science-pack,ten_hours,37,304,266
item,military-science-pack,ten_hours,38,302,80
item,military-science-pack,ten_hours,39,292,0
item,military-science-pack,ten_hours,40,300,133
item,military-science-pack,ten_hours,41,294,395
item,military-science-pack,ten_hours,42,288,79
item,military-science-pack,ten_hours,43,278,41
item,military-science-pack,ten_hours,44,186,0
item,military-science-pack,fifty_hours,1,1404,797
item,military-science-pack,fifty_hours,2,1404,946
item,military-science-pack,fifty_hours,3,1394,857
item,military-science-pack,fifty_hours,4,1404,2280
item,military-science-pack,fifty_hours,5,1404,2225
item,military-science-pack,fifty_hours,6,1398,0
item,military-science-pack,fifty_hours,7,1496,346
item,military-science-pack,fifty_hours,8,1346,648
item,chemical-science-pack,ten_hours,1,572,0
item,chemical-science-pack,ten_hours,2,550,0
item,chemical-science-pack,ten_hours,3,558,284
item,chemical-science-pack,ten_hours,4,542,2355
item,chemical-science-pack,ten_hours,5,550,1167
item,chemical-science-pack,ten_hours,6,574,0
item,chemical-science-pack,ten_hours,7,538,0
item,chemical-science-pack,ten_hours,8,544,0
item,chemical-science-pack,ten_hours,9,580,0
item,chemical-science-pack,ten_hours,10,548,0
item,chemical-science-pack,ten_hours,11,550,0
item,chemical-science-pack,ten_hours,12,548,0
item,chemical-science-pack,ten_hours,13,556,586
item,chemical-science-pack,ten_hours,14,572,963
item,chemical-science-pack,ten_hours,15,532,693
item,chemical-science-pack,ten_hours,16,544,938
item,chemical-science-pack,ten_hours,17,588,884
item,chemical-science-pack,ten_hours,18,540,95
item,chemical-science-pack,ten_hours,19,544,473
item,chemical-science-pack,ten_hours,20,558,691
item,chemical-science-pack,ten_hours,21,554,540
item,chemical-science-pack,ten_hours,22,564,464
item,chemical-science-pack,ten_hours,23,530,240
item,chemical-science-pack,ten_hours,24,562,343
item,chemical-science-pack,ten_hours,25,580,858
item,chemical-science-pack,ten_hours,26,536,565
item,chemical-science-pack,ten_hours,27,548,519
item,chemical-science-pack,ten_hours,28,566,376
item,chemical-science-pack,ten_hours,29,548,888
item,chemical-science-pack,ten_hours,30,554,661
item,chemical-science-pack,ten_hours,31,532,1225
item,chemical-science-pack,ten_hours,32,518,195
item,chemical-science-pack,ten_hours,33,524,264
item,chemical-science-pack,ten_hours,34,484,716
item,chemical-science-pack,ten_hours,35,512,508
item,chemical-science-pack,ten_hours,36,526,595
item,chemical-science-pack,ten_hours,37,500,285
item,chemical-science-pack,ten_hours,38,512,638
item,chemical-science-pack,ten_hours,39,504,609
item,chemical-science-pack,ten_hours,40,510,559
item,chemical-science-pack,ten_hours,41,530,29
item,chemical-science-pack,ten_hours,42,490,101
item,chemical-science-pack,ten_hours,43,518,46
item,chemical-science-pack,ten_hours,44,512,0
item,chemical-science-pack,ten_hours,45,500,617
item,chemical-science-pack,ten_hours,46,496,89
item,chemical-science-pack,ten_hours,47,506,432
item,chemical-science-pack,ten_hours,48,490,405
item,chemical-science-pack,ten_hours,49,516,344
item,chemical-science-pack,ten_hours,50,504,408
item,chemical-science-pack,ten_hours,51,434,465
item,chemical-science-pack,ten_hours,52,280,351
item,chemical-science-pack,ten_hours,53,190,363
item,chemical-science-pack,ten_hours,54,168,221
item,chemical-science-pack,ten_hours,55,148,100
item,chemical-science-pack,ten_hours,56,146,235
item,chemical-science-pack,ten_hours,57,146,244
item,chemical-science-pack,ten_hours,58,156,142
item,chemical-science-pack,ten_hours,59,152,155
item,chemical-science-pack,ten_hours,60,146,122
item,chemical-science-pack,ten_hours,61,146,0
item,chemical-science-pack,ten_hours,62,156,0
item,chemical-science-pack,ten_hours,63,152,6
item,chemical-science-pack,ten_hours,64,146,178
item,chemical-science-pack,ten_hours,65,146,0
item,chemical-science-pack,ten_hours,66,156,0
item,chemical-science-pack,ten_hours,67,152,0
item,chemical-science-pack,ten_hours,68,146,0
item,chemical-science-pack,ten_hours,69,152,56
item,chemical-science-pack,ten_hours,70,164,142
item,chemical-science-pack,ten_hours,71,158,140
item,chemical-science-pack,ten_hours,72,154,100
item,chemical-science-pack,ten_hours,73,94,0
item,chemical-science-pack,fifty_hours,1,2786,1167
item,chemical-science-pack,fifty_hours,2,2774,1549
item,chemical-science-pack,fifty_hours,3,2748,3083
item,chemical-science-pack,fifty_hours,4,2768,2278
item,chemical-science-pack,fifty_hours,5,2778,3206
item,chemical-science-pack,fifty_hours,6,2612,3061
item,chemical-science-pack,fifty_hours,7,2554,2635
item,chemical-science-pack,fifty_hours,8,2560,735
item,chemical-science-pack,fifty_hours,9,2508,1887
item,chemical-science-pack,fifty_hours,10,1576,1808
item,chemical-science-pack,fifty_hours,11,748,876
item,chemical-science-pack,fifty_hours,12,746,306
item,chemical-science-pack,fifty_hours,13,752,56
item,chemical-science-pack,fifty_hours,14,570,382
item,production-science-pack,ten_hours,1,402,0
item,production-science-pack,ten_hours,2,402,0
item,production-science-pack,ten_hours,3,399,0
item,production-science-pack,ten_hours,4,405,1424
item,production-science-pack,ten_hours,5,402,358
item,production-science-pack,ten_hours,6,399,0
item,production-science-pack,ten_hours,7,405,0
item,production-science-pack,ten_hours,8,396,0
item,production-science-pack,ten_hours,9,411,0
item,production-science-pack,ten_hours,10,396,0
item,production-science-pack,ten_hours,11,339,0
item,production-science-pack,ten_hours,12,339,0
item,production-science-pack,ten_hours,13,330,204
item,production-science-pack,ten_hours,14,330,407
item,production-science-pack,ten_hours,15,369,308
item,production-science-pack,ten_hours,16,399,939
item,production-science-pack,ten_hours,17,393,749
item,production-science-pack,ten_hours,18,411,0
item,production-science-pack,ten_hours,19,384,0
item,production-science-pack,ten_hours,20,225,356
item,production-science-pack,ten_hours,21,225,519
item,production-science-pack,ten_hours,22,342,0
item,production-science-pack,ten_hours,23,396,0
item,production-science-pack,ten_hours,24,402,0
item,production-science-pack,ten_hours,25,390,0
item,production-science-pack,ten_hours,26,390,0
item,production-science-pack,ten_hours,27,285,0
item,production-science-pack,ten_hours,28,240,223
item,production-science-pack,ten_hours,29,168,665
item,production-science-pack,ten_hours,30,237,0
item,production-science-pack,ten_hours,31,201,0
item,production-science-pack,ten_hours,32,171,0
item,production-science-pack,ten_hours,33,258,0
item,production-science-pack,ten_hours,34,36,0
item,production-science-pack,ten_hours,35,99,173
item,production-science-pack,ten_hours,36,171,341
item,production-science-pack,ten_hours,37,102,184
item,production-science-pack,ten_hours,38,153,0
item,production-science-pack,ten_hours,39,234,0
item,production-science-pack,ten_hours,40,93,0
item,production-science-pack,ten_hours,41,51,0
item,production-science-pack,ten_hours,42,6,0
item,production-science-pack,ten_hours,49,6,12
item,production-science-pack,ten_hours,50,24,0
item,production-science-pack,ten_hours,51,24,0
item,production-science-pack,ten_hours,52,24,0
item,production-science-pack,ten_hours,53,9,0
item,production-science-pack,fifty_hours,1,2013,358
item,production-science-pack,fifty_hours,2,1734,611
item,production-science-pack,fifty_hours,3,1956,1996
item,production-science-pack,fifty_hours,4,1590,875
item,production-science-pack,fifty_hours,5,1473,888
item,production-science-pack,fifty_hours,6,903,0
item,production-science-pack,fifty_hours,7,759,698
item,production-science-pack,fifty_hours,8,150,0
item,production-science-pack,fifty_hours,9,6,12
item,production-science-pack,fifty_hours,10,81,0
item,utility-science-pack,ten_hours,1,489,0
item,utility-science-pack,ten_hours,2,477,0
item,utility-science-pack,ten_hours,3,492,278
item,utility-science-pack,ten_hours,4,483,2356
item,utility-science-pack,ten_hours,5,483,1169
item,utility-science-pack,ten_hours,6,489,0
item,utility-science-pack,ten_hours,7,489,0
item,utility-science-pack,ten_hours,8,483,0
item,utility-science-pack,ten_hours,9,489,0
item,utility-science-pack,ten_hours,10,456,0
item,utility-science-pack,ten_hours,11,798,0
item,utility-science-pack,ten_hours,12,828,0
item,utility-science-pack,ten_hours,13,879,582
item,utility-science-pack,ten_hours,14,858,567
item,utility-science-pack,ten_hours,15,867,683
item,utility-science-pack,ten_hours,16,192,950
item,utility-science-pack,ten_hours,17,186,777
item,utility-science-pack,ten_hours,18,243,0
item,utility-science-pack,ten_hours,19,36,148
item,utility-science-pack,ten_hours,20,0,364
item,utility-science-pack,ten_hours,21,66,544
item,utility-science-pack,ten_hours,22,294,0
item,utility-science-pack,ten_hours,23,327,0
item,utility-science-pack,ten_hours,24,333,0
item,utility-science-pack,ten_hours,25,318,0
item,utility-science-pack,ten_hours,26,291,0
item,utility-science-pack,ten_hours,27,264,488
item,utility-science-pack,ten_hours,28,21,280
item,utility-science-pack,ten_hours,29,369,266
item,utility-science-pack,ten_hours,30,447,0
item,utility-science-pack,ten_hours,31,15,0
item,utility-science-pack,ten_hours,32,21,0
item,utility-science-pack,ten_hours,33,258,0
item,utility-science-pack,ten_hours,34,78,0
item,utility-science-pack,ten_hours,35,303,193
item,utility-science-pack,ten_hours,36,255,99
item,utility-science-pack,ten_hours,37,249,2
item,utility-science-pack,ten_hours,41,12,31
item,utility-science-pack,ten_hours,42,42,101
item,utility-science-pack,ten_hours,43,189,44
item,utility-science-pack,fifty_hours,1,2433,1169
item,utility-science-pack,fifty_hours,2,3819,1149
item,utility-science-pack,fifty_hours,3,1524,2558
item,utility-science-pack,fifty_hours,4,1020,908
item,utility-science-pack,fifty_hours,5,1263,1034
item,utility-science-pack,fifty_hours,6,819,0
item,utility-science-pack,fifty_hours,7,807,294
item,utility-science-pack,fifty_hours,8,243,176
item,space-science-pack,ten_hours,3,0,278
item,space-science-pack,ten_hours,4,0,2356
item,space-science-pack,ten_hours,5,0,1163
item,space-science-pack,ten_hours,13,0,391
item,space-science-pack,ten_hours,14,0,81
item,space-science-pack,ten_hours,15,0,687
item,space-science-pack,ten_hours,16,0,932
item,space-science-pack,ten_hours,17,0,880
item,space-science-pack,ten_hours,18,0,71
item,space-science-pack,ten_hours,20,0,363
item,space-science-pack,ten_hours,21,0,542
item,space-science-pack,ten_hours,22,0,398
item,space-science-pack,ten_hours,23,0,268
item,space-science-pack,ten_hours,24,0,422
item,space-science-pack,ten_hours,25,0,727
item,space-science-pack,ten_hours,26,0,425
item,space-science-pack,ten_hours,27,0,35
item,space-science-pack,ten_hours,29,0,178
item,space-science-pack,ten_hours,30,0,680
item,space-science-pack,ten_hours,31,0,1191
item,space-science-pack,ten_hours,32,0,206
item,space-science-pack,ten_hours,33,0,262
item,space-science-pack,ten_hours,34,0,715
item,space-science-pack,ten_hours,35,0,117
item,space-science-pack,ten_hours,36,0,176
item,space-science-pack,ten_hours,38,0,637
item,space-science-pack,ten_hours,39,0,545
item,space-science-pack,ten_hours,40,0,523
item,space-science-pack,fifty_hours,1,0,1163
item,space-science-pack,fifty_hours,2,0,472
item,space-science-pack,fifty_hours,3,0,2570
item,space-science-pack,fifty_hours,4,0,1993
item,space-science-pack,fifty_hours,5,0,1365
item,space-science-pack,fifty_hours,6,0,3054
item,space-science-pack,fifty_hours,7,0,1475
item,space-science-pack,fifty_hours,8,0,523
item,transport-belt,ten_hours,1,984,650
item,transport-belt,ten_hours,2,1100,850
item,transport-belt,ten_hours,3,1128,1142
item,transport-belt,ten_hours,4,1134,1110
item,transport-belt,ten_hours,5,1142,1141
item,transport-belt,ten_hours,6,1130,1121
item,transport-belt,ten_hours,7,1118,1140
item,transport-belt,ten_hours,8,1130,1112
item,transport-belt,ten_hours,9,1138,1130
item,transport-belt,ten_hours,10,1130,1110
item,transport-belt,ten_hours,11,1130,1137
item,transport-belt,ten_hours,12,1092,1095
item,transport-belt,ten_hours,13,1116,1111
item,transport-belt,ten_hours,14,1112,1100
item,transport-belt,ten_hours,15,1124,1131
item,transport-belt,ten_hours,16,1118,1108
item,transport-belt,ten_hours,17,1160,1156
item,transport-belt,ten_hours,18,1188,1169
item,transport-belt,ten_hours,19,1238,1238
item,transport-belt,ten_hours,20,1192,1188
item,transport-belt,ten_hours,21,1290,1275
item,transport-belt,ten_hours,22,1482,1473
item,transport-belt,ten_hours,23,1608,1596
item,transport-belt,ten_hours,24,1580,1593
item,transport-belt,ten_hours,25,1584,1562
item,transport-belt,ten_hours,26,1562,1585
item,transport-belt,ten_hours,27,1622,1587
item,transport-belt,ten_hours,28,1504,1513
item,transport-belt,ten_hours,29,1518,1505
item,transport-belt,ten_hours,30,1550,1698
item,transport-belt,ten_hours,31,1518,1659
item,transport-belt,ten_hours,32,1566,1325
item,transport-belt,ten_hours,33,1320,1291
item,transport-belt,ten_hours,34,1228,1201
item,transport-belt,ten_hours,35,1266,1273
item,transport-belt,ten_hours,36,1250,1252
item,transport-belt,ten_hours,37,1230,1219
item,transport-belt,ten_hours,38,1156,1154
item,transport-belt,ten_hours,39,1100,1079
item,transport-belt,ten_hours,40,942,1061
item,transport-belt,ten_hours,41,1084,1030
item,transport-belt,ten_hours,42,1752,1656
item,transport-belt,ten_hours,43,2926,2722
item,transport-belt,ten_hours,44,3150,2520
item,transport-belt,ten_hours,45,3002,2389
item,transport-belt,ten_hours,46,3102,2495
item,transport-belt,ten_hours,47,3216,2599
item,transport-belt,ten_hours,48,2956,2277
item,transport-belt,ten_hours,49,2814,2136
item,transport-belt,ten_hours,50,2554,1929
item,transport-belt,ten_hours,51,2706,2049
item,transport-belt,ten_hours,52,2674,2151
item,transport-belt,ten_hours,53,3246,2586
item,transport-belt,ten_hours,54,3686,2924
item,transport-belt,ten_hours,55,3496,2516
item,transport-belt,ten_hours,56,2582,1879
item,transport-belt,ten_hours,57,2804,1758
item,transport-belt,ten_hours,58,2762,1879
item,transport-belt,ten_hours,59,2664,1909
item,transport-belt,ten_hours,60,2768,2118
item,transport-belt,ten_hours,61,2614,1819
item,transport-belt,ten_hours,62,2274,1343
item,transport-belt,ten_hours,63,2296,1341
item,transport-belt,ten_hours,64,2258,1508
item,transport-belt,ten_hours,65,1776,971
item,transport-belt,ten_hours,66,1176,609
item,transport-belt,ten_hours,67,1170,525
item,transport-belt,ten_hours,68,1096,500
item,transport-belt,ten_hours,69,1172,556
item,transport-belt,ten_hours,70,904,514
item,transport-belt,ten_hours,71,868,470
item,transport-belt,ten_hours,72,790,493
item,transport-belt,ten_hours,73,720,415
item,transport-belt,ten_hours,74,692,330
item,transport-belt,ten_hours,75,732,207
item,transport-belt,ten_hours,76,838,270
item,transport-belt,ten_hours,77,776,366
item,transport-belt,ten_hours,78,670,216
item,transport-belt,ten_hours,79,532,160
item,transport-belt,ten_hours,80,510,160
item,transport-belt,ten_hours,81,640,235
item,transport-belt,ten_hours,82,694,295
item,transport-belt,ten_hours,83,646,257
item,transport-belt,ten_hours,84,688,146
item,transport-belt,ten_hours,85,408,153
item,transport-belt,ten_hours,86,456,143
item,transport-belt,ten_hours,87,524,119
item,transport-belt,ten_hours,88,320,0
item,transport-belt,ten_hours,89,446,0
item,transport-belt,ten_hours,90,364,90
item,transport-belt,ten_hours,91,344,0
item,transport-belt,ten_hours,92,44,0
item,transport-belt,ten_hours,93,140,0
item,transport-belt,ten_hours,94,152,12
item,transport-belt,ten_hours,96,4,4
item,transport-belt,fifty_hours,1,5658,5644
item,transport-belt,fifty_hours,2,5580,5553
item,transport-belt,fifty_hours,3,5828,5802
item,transport-belt,fifty_hours,4,7152,7125
item,transport-belt,fifty_hours,5,7790,7752
item,transport-belt,fifty_hours,6,7182,7174
item,transport-belt,fifty_hours,7,6002,5977
item,transport-belt,fifty_hours,8,9854,8989
item,transport-belt,fifty_hours,9,15090,11896
item,transport-belt,fifty_hours,10,14866,11639
item,transport-belt,fifty_hours,11,14308,9941
item,transport-belt,fifty_hours,12,12210,8129
item,transport-belt,fifty_hours,13,6390,3161
item,transport-belt,fifty_hours,14,3974,2222
item,transport-belt,fifty_hours,15,3548,1219
item,transport-belt,fifty_hours,16,3178,1093
item,transport-belt,fifty_hours,17,2154,415
item,transport-belt,fifty_hours,18,1044,102
item,transport-belt,fifty_hours,19,4,4
item,inserter,ten_hours,1,632,630
item,inserter,ten_hours,2,629,630
item,inserter,ten_hours,3,633,630
item,inserter,ten_hours,4,628,630
item,inserter,ten_hours,5,630,630
item,inserter,ten_hours,6,631,630
item,inserter,ten_hours,7,644,639
item,inserter,ten_hours,8,619,630
item,inserter,ten_hours,9,633,630
item,inserter,ten_hours,10,656,655
item,inserter,ten_hours,11,654,654
item,inserter,ten_hours,12,634,630
item,inserter,ten_hours,13,630,630
item,inserter,ten_hours,14,627,630
item,inserter,ten_hours,15,633,630
item,inserter,ten_hours,16,629,630
item,inserter,ten_hours,17,627,630
item,inserter,ten_hours,18,631,630
item,inserter,ten_hours,19,631,630
item,inserter,ten_hours,20,631,634
item,inserter,ten_hours,21,609,605
item,inserter,ten_hours,22,627,630
item,inserter,ten_hours,23,633,630
item,inserter,ten_hours,24,629,630
item,inserter,ten_hours,25,630,630
item,inserter,ten_hours,26,680,681
item,inserter,ten_hours,27,616,619
item,inserter,ten_hours,28,765,630
item,inserter,ten_hours,29,811,630
item,inserter,ten_hours,30,811,630
item,inserter,ten_hours,31,837,691
item,inserter,ten_hours,32,828,577
item,inserter,ten_hours,33,797,605
item,inserter,ten_hours,34,799,645
item,inserter,ten_hours,35,839,668
item,inserter,ten_hours,36,809,630
item,inserter,ten_hours,37,812,630
item,inserter,ten_hours,38,826,642
item,inserter,ten_hours,39,787,576
item,inserter,ten_hours,40,767,628
item,inserter,ten_hours,41,801,612
item,inserter,ten_hours,42,881,679
item,inserter,ten_hours,43,1279,957
item,inserter,ten_hours,44,1513,933
item,inserter,ten_hours,45,1514,813
item,inserter,ten_hours,46,1524,938
item,inserter,ten_hours,47,1439,1000
item,inserter,ten_hours,48,1522,899
item,inserter,ten_hours,49,1472,937
item,inserter,ten_hours,50,1517,847
item,inserter,ten_hours,51,1427,735
item,inserter,ten_hours,52,1433,935
item,inserter,ten_hours,53,1362,984
item,inserter,ten_hours,54,1384,816
item,inserter,ten_hours,55,1247,793
item,inserter,ten_hours,56,865,610
item,inserter,ten_hours,57,1056,609
item,inserter,ten_hours,58,1131,502
item,inserter,ten_hours,59,899,445
item,inserter,ten_hours,60,622,333
item,inserter,ten_hours,61,566,312
item,inserter,ten_hours,62,635,541
item,inserter,ten_hours,63,445,335
item,inserter,ten_hours,64,449,288
item,inserter,ten_hours,65,389,245
item,inserter,ten_hours,66,426,312
item,inserter,ten_hours,67,360,354
item,inserter,ten_hours,68,342,322
item,inserter,ten_hours,69,342,220
item,inserter,ten_hours,70,346,198
item,inserter,ten_hours,71,342,170
item,inserter,ten_hours,72,341,203
item,inserter,ten_hours,73,341,286
item,inserter,ten_hours,74,354,318
item,inserter,ten_hours,75,340,207
item,inserter,ten_hours,76,340,190
item,inserter,ten_hours,77,342,266
item,inserter,ten_hours,78,352,201
item,inserter,ten_hours,79,340,160
item,inserter,ten_hours,80,340,160
item,inserter,ten_hours,81,341,160
item,inserter,ten_hours,82,341,169
item,inserter,ten_hours,83,357,223
item,inserter,ten_hours,84,393,205
item,inserter,ten_hours,85,177,30
item,inserter,ten_hours,86,158,67
item,inserter,ten_hours,87,195,67
item,inserter,ten_hours,88,100,60
item,inserter,ten_hours,89,90,0
item,inserter,ten_hours,90,101,15
item,inserter,ten_hours,91,101,0
item,inserter,ten_hours,92,106,0
item,inserter,ten_hours,93,67,0
item,inserter,ten_hours,94,6,0
item,inserter,ten_hours,95,8,0
item,inserter,fifty_hours,1,3157,3159
item,inserter,fifty_hours,2,3201,3199
item,inserter,fifty_hours,3,3151,3150
item,inserter,fifty_hours,4,3129,3129
item,inserter,fifty_hours,5,3502,3190
item,inserter,fifty_hours,6,4072,3148
item,inserter,fifty_hours,7,4073,3146
item,inserter,fifty_hours,8,5241,3809
item,inserter,fifty_hours,9,7471,4587
item,inserter,fifty_hours,10,7123,4317
item,inserter,fifty_hours,11,5198,2959
item,inserter,fifty_hours,12,2717,1809
item,inserter,fifty_hours,13,1859,1453
item,inserter,fifty_hours,14,1724,1175
item,inserter,fifty_hours,15,1714,1024
item,inserter,fifty_hours,16,1772,917
item,inserter,fifty_hours,17,720,224
item,inserter,fifty_hours,18,381,15
item,inserter,fifty_hours,19,8,0
item,fast-inserter,ten_hours,7,9,0
item,fast-inserter,ten_hours,10,25,0
item,fast-inserter,ten_hours,11,24,0
item,fast-inserter,ten_hours,20,4,5
item,fast-inserter,ten_hours,31,62,0
item,fast-inserter,ten_hours,32,51,4
item,fast-inserter,ten_hours,34,26,2
item,fast-inserter,ten_hours,35,38,6
item,fast-inserter,ten_hours,38,6,8
item,fast-inserter,ten_hours,39,33,7
item,fast-inserter,ten_hours,40,16,14
item,fast-inserter,ten_hours,41,12,12
item,fast-inserter,ten_hours,42,113,13
item,fast-inserter,ten_hours,43,149,7
item,fast-inserter,ten_hours,44,88,5
item,fast-inserter,ten_hours,45,38,11
item,fast-inserter,ten_hours,46,135,11
item,fast-inserter,ten_hours,47,191,8
item,fast-inserter,ten_hours,48,213,0
item,fast-inserter,ten_hours,49,270,0
item,fast-inserter,ten_hours,50,185,1
item,fast-inserter,ten_hours,51,116,5
item,fast-inserter,ten_hours,52,187,0
item,fast-inserter,ten_hours,53,293,0
item,fast-inserter,ten_hours,54,159,11
item,fast-inserter,ten_hours,55,296,8
item,fast-inserter,ten_hours,56,308,0
item,fast-inserter,ten_hours,57,349,0
item,fast-inserter,ten_hours,58,271,0
item,fast-inserter,ten_hours,59,259,7
item,fast-inserter,ten_hours,60,74,0
item,fast-inserter,ten_hours,61,61,0
item,fast-inserter,ten_hours,62,188,0
item,fast-inserter,ten_hours,63,61,0
item,fast-inserter,ten_hours,64,40,0
item,fast-inserter,ten_hours,65,3,0
item,fast-inserter,ten_hours,66,34,0
item,fast-inserter,ten_hours,67,55,0
item,fast-inserter,ten_hours,68,33,0
item,fast-inserter,ten_hours,69,6,0
item,fast-inserter,ten_hours,70,4,0
item,fast-inserter,ten_hours,73,26,0
item,fast-inserter,ten_hours,74,51,0
item,fast-inserter,ten_hours,77,51,0
item,fast-inserter,ten_hours,78,14,0
item,fast-inserter,ten_hours,82,9,0
item,fast-inserter,ten_hours,83,54,0
item,fast-inserter,ten_hours,84,42,0
item,fast-inserter,ten_hours,85,12,0
item,fast-inserter,ten_hours,86,22,0
item,fast-inserter,ten_hours,87,37,0
item,fast-inserter,fifty_hours,1,9,0
item,fast-inserter,fifty_hours,2,49,0
item,fast-inserter,fifty_hours,4,4,5
item,fast-inserter,fifty_hours,6,139,6
item,fast-inserter,fifty_hours,7,77,21
item,fast-inserter,fifty_hours,8,378,51
item,fast-inserter,fifty_hours,9,847,30
item,fast-inserter,fifty_hours,10,940,17
item,fast-inserter,fifty_hours,11,1483,15
item,fast-inserter,fifty_hours,12,424,0
item,fast-inserter,fifty_hours,13,131,0
item,fast-inserter,fifty_hours,14,81,0
item,fast-inserter,fifty_hours,15,65,0
item,fast-inserter,fifty_hours,16,105,0
item,fast-inserter,fifty_hours,17,71,0
item,assembling-machine-1,ten_hours,1,35,35
item,assembling-machine-1,ten_hours,2,35,35
item,assembling-machine-1,ten_hours,3,35,35
item,assembling-machine-1,ten_hours,4,35,35
item,assembling-machine-1,ten_hours,5,35,35
item,assembling-machine-1,ten_hours,6,35,35
item,assembling-machine-1,ten_hours,7,35,35
item,assembling-machine-1,ten_hours,8,35,35
item,assembling-machine-1,ten_hours,9,35,35
item,assembling-machine-1,ten_hours,10,35,35
item,assembling-machine-1,ten_hours,11,35,35
item,assembling-machine-1,ten_hours,12,35,35
item,assembling-machine-1,ten_hours,13,35,35
item,assembling-machine-1,ten_hours,14,35,35
item,assembling-machine-1,ten_hours,15,35,35
item,assembling-machine-1,ten_hours,16,35,35
item,assembling-machine-1,ten_hours,17,35,35
item,assembling-machine-1,ten_hours,18,35,35
item,assembling-machine-1,ten_hours,19,35,35
item,assembling-machine-1,ten_hours,20,35,35
item,assembling-machine-1,ten_hours,21,35,35
item,assembling-machine-1,ten_hours,22,35,35
item,assembling-machine-1,ten_hours,23,35,35
item,assembling-machine-1,ten_hours,24,35,35
item,assembling-machine-1,ten_hours,25,37,35
item,assembling-machine-1,ten_hours,26,71,35
item,assembling-machine-1,ten_hours,27,70,35
item,assembling-machine-1,ten_hours,28,70,35
item,assembling-machine-1,ten_hours,29,70,35
item,assembling-machine-1,ten_hours,30,57,34
item,assembling-machine-1,ten_hours,31,54,32
item,assembling-machine-1,ten_hours,32,65,33
item,assembling-machine-1,ten_hours,33,67,32
item,assembling-machine-1,ten_hours,34,67,33
item,assembling-machine-1,ten_hours,35,71,31
item,assembling-machine-1,ten_hours,36,61,33
item,assembling-machine-1,ten_hours,37,60,32
item,assembling-machine-1,ten_hours,38,65,33
item,assembling-machine-1,ten_hours,39,67,32
item,assembling-machine-1,ten_hours,40,168,131
item,assembling-machine-1,ten_hours,41,170,152
item,assembling-machine-1,ten_hours,42,163,161
item,assembling-machine-1,ten_hours,43,141,141
item,assembling-machine-1,ten_hours,44,113,112
item,assembling-machine-1,ten_hours,45,114,152
item,assembling-machine-1,ten_hours,46,119,113
item,assembling-machine-1,ten_hours,47,113,111
item,assembling-machine-1,ten_hours,48,127,111
item,assembling-machine-1,ten_hours,49,117,103
item,assembling-machine-1,ten_hours,50,117,105
item,assembling-machine-1,ten_hours,51,130,119
item,assembling-machine-1,ten_hours,52,115,115
item,assembling-machine-1,ten_hours,53,122,121
item,assembling-machine-1,ten_hours,54,130,129
item,assembling-machine-1,ten_hours,55,114,104
item,assembling-machine-1,ten_hours,56,110,106
item,assembling-machine-1,ten_hours,57,92,99
item,assembling-machine-1,ten_hours,58,96,97
item,assembling-machine-1,ten_hours,59,68,64
item,assembling-machine-1,ten_hours,60,71,70
item,assembling-machine-1,ten_hours,61,57,51
item,assembling-machine-1,ten_hours,62,62,50
item,assembling-machine-1,ten_hours,63,62,60
item,assembling-machine-1,ten_hours,64,41,27
item,assembling-machine-1,ten_hours,65,2,0
item,assembling-machine-1,ten_hours,66,7,2
item,assembling-machine-1,ten_hours,67,5,3
item,assembling-machine-1,ten_hours,68,18,13
item,assembling-machine-1,ten_hours,69,16,13
item,assembling-machine-1,ten_hours,70,27,27
item,assembling-machine-1,ten_hours,71,18,18
item,assembling-machine-1,ten_hours,72,4,4
item,assembling-machine-1,ten_hours,73,4,46
item,assembling-machine-1,ten_hours,74,3,24
item,assembling-machine-1,ten_hours,76,0,31
item,assembling-machine-1,ten_hours,77,1,56
item,assembling-machine-1,ten_hours,78,15,9
item,assembling-machine-1,ten_hours,79,52,0
item,assembling-machine-1,ten_hours,80,49,7
item,assembling-machine-1,ten_hours,81,39,46
item,assembling-machine-1,ten_hours,82,14,0
item,assembling-machine-1,ten_hours,85,23,0
item,assembling-machine-1,ten_hours,86,16,0
item,assembling-machine-1,ten_hours,87,17,0
item,assembling-machine-1,ten_hours,89,30,0
item,assembling-machine-1,ten_hours,92,15,0
item,assembling-machine-1,ten_hours,94,4,0
item,assembling-machine-1,ten_hours,95,9,0
item,assembling-machine-1,fifty_hours,1,175,175
item,assembling-machine-1,fifty_hours,2,175,175
item,assembling-machine-1,fifty_hours,3,175,175
item,assembling-machine-1,fifty_hours,4,175,175
item,assembling-machine-1,fifty_hours,5,318,175
item,assembling-machine-1,fifty_hours,6,310,164
item,assembling-machine-1,fifty_hours,7,324,161
item,assembling-machine-1,fifty_hours,8,755,697
item,assembling-machine-1,fifty_hours,9,590,590
item,assembling-machine-1,fifty_hours,10,614,589
item,assembling-machine-1,fifty_hours,11,480,470
item,assembling-machine-1,fifty_hours,12,293,258
item,assembling-machine-1,fifty_hours,13,48,31
item,assembling-machine-1,fifty_hours,14,56,119
item,assembling-machine-1,fifty_hours,15,68,96
item,assembling-machine-1,fifty_hours,16,102,53
item,assembling-machine-1,fifty_hours,17,86,0
item,assembling-machine-1,fifty_hours,18,19,0
item,assembling-machine-1,fifty_hours,19,9,0
item,assembling-machine-2,ten_hours,1,34,0
item,assembling-machine-2,ten_hours,2,35,0
item,assembling-machine-2,ten_hours,3,35,0
item,assembling-machine-2,ten_hours,4,34,0
item,assembling-machine-2,ten_hours,5,33,0
item,assembling-machine-2,ten_hours,6,35,0
item,assembling-machine-2,ten_hours,7,35,0
item,assembling-machine-2,ten_hours,8,35,0
item,assembling-machine-2,ten_hours,9,35,0
item,assembling-machine-2,ten_hours,10,35,0
item,assembling-machine-2,ten_hours,11,35,0
item,assembling-machine-2,ten_hours,12,34,0
item,assembling-machine-2,ten_hours,13,35,0
item,assembling-machine-2,ten_hours,14,35,0
item,assembling-machine-2,ten_hours,15,33,0
item,assembling-machine-2,ten_hours,16,34,0
item,assembling-machine-2,ten_hours,17,35,0
item,assembling-machine-2,ten_hours,18,35,0
item,assembling-machine-2,ten_hours,19,35,0
item,assembling-machine-2,ten_hours,20,34,0
item,assembling-machine-2,ten_hours,21,34,0
item,assembling-machine-2,ten_hours,22,35,0
item,assembling-machine-2,ten_hours,23,35,0
item,assembling-machine-2,ten_hours,24,33,0
item,assembling-machine-2,ten_hours,25,35,0
item,assembling-machine-2,ten_hours,26,35,0
item,assembling-machine-2,ten_hours,27,33,0
item,assembling-machine-2,ten_hours,28,31,0
item,assembling-machine-2,ten_hours,29,34,0
item,assembling-machine-2,ten_hours,30,34,0
item,assembling-machine-2,ten_hours,31,32,0
item,assembling-machine-2,ten_hours,32,32,0
item,assembling-machine-2,ten_hours,33,33,0
item,assembling-machine-2,ten_hours,34,32,0
item,assembling-machine-2,ten_hours,35,30,80
item,assembling-machine-2,ten_hours,36,33,0
item,assembling-machine-2,ten_hours,37,32,0
item,assembling-machine-2,ten_hours,38,33,0
item,assembling-machine-2,ten_hours,39,33,0
item,assembling-machine-2,ten_hours,40,128,0
item,assembling-machine-2,ten_hours,41,149,0
item,assembling-machine-2,ten_hours,42,160,0
item,assembling-machine-2,ten_hours,43,140,0
item,assembling-machine-2,ten_hours,44,107,0
item,assembling-machine-2,ten_hours,45,148,0
item,assembling-machine-2,ten_hours,46,111,0
item,assembling-machine-2,ten_hours,47,110,0
item,assembling-machine-2,ten_hours,48,107,0
item,assembling-machine-2,ten_hours,49,103,0
item,assembling-machine-2,ten_hours,50,105,0
item,assembling-machine-2,ten_hours,51,116,0
item,assembling-machine-2,ten_hours,52,109,0
item,assembling-machine-2,ten_hours,53,117,0
item,assembling-machine-2,ten_hours,54,123,0
item,assembling-machine-2,ten_hours,55,101,0
item,assembling-machine-2,ten_hours,56,106,0
item,assembling-machine-2,ten_hours,57,97,0
item,assembling-machine-2,ten_hours,58,96,0
item,assembling-machine-2,ten_hours,59,64,0
item,assembling-machine-2,ten_hours,60,69,0
item,assembling-machine-2,ten_hours,61,52,0
item,assembling-machine-2,ten_hours,62,49,0
item,assembling-machine-2,ten_hours,63,61,0
item,assembling-machine-2,ten_hours,64,26,0
item,assembling-machine-2,ten_hours,66,2,0
item,assembling-machine-2,ten_hours,67,3,0
item,assembling-machine-2,ten_hours,68,13,0
item,assembling-machine-2,ten_hours,69,13,0
item,assembling-machine-2,ten_hours,70,27,0
item,assembling-machine-2,ten_hours,71,18,0
item,assembling-machine-2,ten_hours,72,4,0
item,assembling-machine-2,ten_hours,73,46,0
item,assembling-machine-2,ten_hours,74,24,0
item,assembling-machine-2,ten_hours,76,31,0
item,assembling-machine-2,ten_hours,77,56,0
item,assembling-machine-2,ten_hours,78,9,0
item,assembling-machine-2,ten_hours,80,7,0
item,assembling-machine-2,ten_hours,81,46,0
item,assembling-machine-2,fifty_hours,1,173,0
item,assembling-machine-2,fifty_hours,2,174,0
item,assembling-machine-2,fifty_hours,3,172,0
item,assembling-machine-2,fifty_hours,4,171,0
item,assembling-machine-2,fifty_hours,5,168,0
item,assembling-machine-2,fifty_hours,6,163,0
item,assembling-machine-2,fifty_hours,7,161,80
item,assembling-machine-2,fifty_hours,8,684,0
item,assembling-machine-2,fifty_hours,9,579,0
item,assembling-machine-2,fifty_hours,10,570,0
item,assembling-machine-2,fifty_hours,11,464,0
item,assembling-machine-2,fifty_hours,12,257,0
item,assembling-machine-2,fifty_hours,13,31,0
item,assembling-machine-2,fifty_hours,14,119,0
item,assembling-machine-2,fifty_hours,15,96,0
item,assembling-machine-2,fifty_hours,16,53,0
item,assembling-machine-3,ten_hours,35,40,0
item,assembling-machine-3,fifty_hours,7,40,0
item,electric-mining-drill,ten_hours,1,45,0
item,electric-mining-drill,ten_hours,2,45,0
item,electric-mining-drill,ten_hours,3,45,0
item,electric-mining-drill,ten_hours,4,45,0
item,electric-mining-drill,ten_hours,5,45,0
item,electric-mining-drill,ten_hours,6,45,0
item,electric-mining-drill,ten_hours,7,45,0
item,electric-mining-drill,ten_hours,8,45,0
item,electric-mining-drill,ten_hours,9,45,0
item,electric-mining-drill,ten_hours,10,45,0
item,electric-mining-drill,ten_hours,11,45,0
item,electric-mining-drill,ten_hours,12,45,0
item,electric-mining-drill,ten_hours,13,45,0
item,electric-mining-drill,ten_hours,14,45,0
item,electric-mining-drill,ten_hours,15,45,0
item,electric-mining-drill,ten_hours,16,45,0
item,electric-mining-drill,ten_hours,17,45,0
item,electric-mining-drill,ten_hours,18,45,0
item,electric-mining-drill,ten_hours,19,45,0
item,electric-mining-drill,ten_hours,20,45,0
item,electric-mining-drill,ten_hours,21,45,0
item,electric-mining-drill,ten_hours,22,45,0
item,electric-mining-drill,ten_hours,23,45,0
item,electric-mining-drill,ten_hours,24,45,0
item,electric-mining-drill,ten_hours,25,45,0
item,electric-mining-drill,ten_hours,26,45,0
item,electric-mining-drill,ten_hours,27,45,0
item,electric-mining-drill,ten_hours,28,45,0
item,electric-mining-drill,ten_hours,29,45,0
item,electric-mining-drill,ten_hours,30,73,0
item,electric-mining-drill,ten_hours,31,184,0
item,electric-mining-drill,ten_hours,32,215,0
item,electric-mining-drill,ten_hours,33,215,0
item,electric-mining-drill,ten_hours,34,212,0
item,electric-mining-drill,ten_hours,35,213,0
item,electric-mining-drill,ten_hours,36,214,0
item,electric-mining-drill,ten_hours,37,214,0
item,electric-mining-drill,ten_hours,38,216,0
item,electric-mining-drill,ten_hours,39,213,0
item,electric-mining-drill,ten_hours,40,215,0
item,electric-mining-drill,ten_hours,41,213,0
item,electric-mining-drill,ten_hours,42,213,0
item,electric-mining-drill,ten_hours,43,237,0
item,electric-mining-drill,ten_hours,44,246,0
item,electric-mining-drill,ten_hours,45,245,0
item,electric-mining-drill,ten_hours,46,248,0
item,electric-mining-drill,ten_hours,47,245,0
item,electric-mining-drill,ten_hours,48,256,0
item,electric-mining-drill,ten_hours,49,252,0
item,electric-mining-drill,ten_hours,50,257,0
item,electric-mining-drill,ten_hours,51,255,0
item,electric-mining-drill,ten_hours,52,246,0
item,electric-mining-drill,ten_hours,53,245,0
item,electric-mining-drill,ten_hours,54,247,0
item,electric-mining-drill,ten_hours,55,259,0
item,electric-mining-drill,ten_hours,56,215,0
item,electric-mining-drill,ten_hours,57,200,0
item,electric-mining-drill,ten_hours,58,204,0
item,electric-mining-drill,ten_hours,59,207,0
item,electric-mining-drill,ten_hours,60,178,0
item,electric-mining-drill,ten_hours,61,81,0
item,electric-mining-drill,ten_hours,62,104,0
item,electric-mining-drill,ten_hours,63,106,0
item,electric-mining-drill,ten_hours,64,36,0
item,electric-mining-drill,ten_hours,65,33,0
item,electric-mining-drill,ten_hours,66,40,0
item,electric-mining-drill,ten_hours,67,77,0
item,electric-mining-drill,ten_hours,68,82,0
item,electric-mining-drill,ten_hours,69,41,0
item,electric-mining-drill,ten_hours,70,35,0
item,electric-mining-drill,ten_hours,71,34,0
item,electric-mining-drill,ten_hours,72,35,0
item,electric-mining-drill,ten_hours,73,34,0
item,electric-mining-drill,ten_hours,74,36,0
item,electric-mining-drill,ten_hours,75,34,0
item,electric-mining-drill,ten_hours,76,35,0
item,electric-mining-drill,ten_hours,77,36,0
item,electric-mining-drill,ten_hours,78,34,0
item,electric-mining-drill,ten_hours,79,35,0
item,electric-mining-drill,ten_hours,80,35,0
item,electric-mining-drill,ten_hours,81,35,0
item,electric-mining-drill,ten_hours,82,36,0
item,electric-mining-drill,ten_hours,83,34,0
item,electric-mining-drill,ten_hours,84,34,0
item,electric-mining-drill,ten_hours,85,36,0
item,electric-mining-drill,ten_hours,86,35,0
item,electric-mining-drill,ten_hours,87,35,0
item,electric-mining-drill,ten_hours,88,35,0
item,electric-mining-drill,ten_hours,89,27,0
item,electric-mining-drill,ten_hours,90,37,0
item,electric-mining-drill,ten_hours,91,43,0
item,electric-mining-drill,ten_hours,92,3,0
item,electric-mining-drill,ten_hours,93,28,0
item,electric-mining-drill,fifty_hours,1,225,0
item,electric-mining-drill,fifty_hours,2,225,0
item,electric-mining-drill,fifty_hours,3,225,0
item,electric-mining-drill,fifty_hours,4,225,0
item,electric-mining-drill,fifty_hours,5,225,0
item,electric-mining-drill,fifty_hours,6,899,0
item,electric-mining-drill,fifty_hours,7,1070,0
item,electric-mining-drill,fifty_hours,8,1124,0
item,electric-mining-drill,fifty_hours,9,1246,0
item,electric-mining-drill,fifty_hours,10,1250,0
item,electric-mining-drill,fifty_hours,11,1085,0
item,electric-mining-drill,fifty_hours,12,505,0
item,electric-mining-drill,fifty_hours,13,273,0
item,electric-mining-drill,fifty_hours,14,174,0
item,electric-mining-drill,fifty_hours,15,174,0
item,electric-mining-drill,fifty_hours,16,174,0
item,electric-mining-drill,fifty_hours,17,168,0
item,electric-mining-drill,fifty_hours,18,111,0
item,burner-mining-drill,ten_hours,96,9,0
item,burner-mining-drill,ten_hours,97,29,0
item,burner-mining-drill,ten_hours,98,29,0
item,burner-mining-drill,ten_hours,99,4,0
item,burner-mining-drill,fifty_hours,19,71,0
item,stone-furnace,ten_hours,30,17,14
item,stone-furnace,ten_hours,31,65,66
item,stone-furnace,ten_hours,32,6,8
item,stone-furnace,ten_hours,33,32,30
item,stone-furnace,ten_hours,34,66,68
item,stone-furnace,ten_hours,35,14,17
item,stone-furnace,ten_hours,42,7,5
item,stone-furnace,ten_hours,43,19,20
item,stone-furnace,ten_hours,44,37,35
item,stone-furnace,ten_hours,45,19,19
item,stone-furnace,ten_hours,46,21,41
item,stone-furnace,ten_hours,47,29,35
item,stone-furnace,ten_hours,48,18,16
item,stone-furnace,ten_hours,49,12,35
item,stone-furnace,ten_hours,50,28,38
item,stone-furnace,ten_hours,51,16,13
item,stone-furnace,ten_hours,52,38,73
item,stone-furnace,ten_hours,53,18,16
item,stone-furnace,ten_hours,54,48,71
item,stone-furnace,ten_hours,55,8,5
item,stone-furnace,ten_hours,56,44,56
item,stone-furnace,ten_hours,59,50,69
item,stone-furnace,ten_hours,60,11,9
item,stone-furnace,ten_hours,61,0,6
item,stone-furnace,ten_hours,64,34,35
item,stone-furnace,ten_hours,65,13,23
item,stone-furnace,ten_hours,66,0,26
item,stone-furnace,ten_hours,67,0,18
item,stone-furnace,ten_hours,68,0,8
item,stone-furnace,ten_hours,69,0,11
item,stone-furnace,ten_hours,70,0,7
item,stone-furnace,ten_hours,74,0,8
item,stone-furnace,ten_hours,82,78,0
item,stone-furnace,ten_hours,83,0,11
item,stone-furnace,ten_hours,84,0,6
item,stone-furnace,ten_hours,85,0,10
item,stone-furnace,ten_hours,86,75,23
item,stone-furnace,ten_hours,87,34,0
item,stone-furnace,ten_hours,88,103,0
item,stone-furnace,ten_hours,90,65,0
item,stone-furnace,ten_hours,91,8,11
item,stone-furnace,ten_hours,94,64,7
item,stone-furnace,ten_hours,96,3,10
item,stone-furnace,ten_hours,97,30,29
item,stone-furnace,ten_hours,98,18,29
item,stone-furnace,ten_hours,99,55,4
item,stone-furnace,fifty_hours,6,186,186
item,stone-furnace,fifty_hours,7,14,17
item,stone-furnace,fifty_hours,8,63,60
item,stone-furnace,fifty_hours,9,99,146
item,stone-furnace,fifty_hours,10,148,211
item,stone-furnace,fifty_hours,11,102,130
item,stone-furnace,fifty_hours,12,45,50
item,stone-furnace,fifty_hours,13,13,86
item,stone-furnace,fifty_hours,14,0,15
item,stone-furnace,fifty_hours,16,78,17
item,stone-furnace,fifty_hours,17,212,33
item,stone-furnace,fifty_hours,18,137,18
item,stone-furnace,fifty_hours,19,106,72
item,steel-furnace,ten_hours,43,100,0
item,steel-furnace,ten_hours,44,97,0
item,steel-furnace,ten_hours,45,193,0
item,steel-furnace,ten_hours,46,205,0
item,steel-furnace,ten_hours,47,210,0
item,steel-furnace,ten_hours,48,210,0
item,steel-furnace,ten_hours,49,210,0
item,steel-furnace,ten_hours,50,210,0
item,steel-furnace,ten_hours,51,210,0
item,steel-furnace,ten_hours,52,205,0
item,steel-furnace,ten_hours,53,194,0
item,steel-furnace,ten_hours,54,96,0
item,steel-furnace,ten_hours,55,90,0
item,steel-furnace,ten_hours,56,90,0
item,steel-furnace,ten_hours,57,90,0
item,steel-furnace,ten_hours,58,90,0
item,steel-furnace,ten_hours,59,89,0
item,steel-furnace,ten_hours,60,90,0
item,steel-furnace,ten_hours,61,99,0
item,steel-furnace,ten_hours,62,130,0
item,steel-furnace,ten_hours,63,130,0
item,steel-furnace,ten_hours,64,130,0
item,steel-furnace,ten_hours,65,116,0
item,steel-furnace,ten_hours,66,89,0
item,steel-furnace,ten_hours,67,40,0
item,steel-furnace,ten_hours,68,40,0
item,steel-furnace,ten_hours,69,40,0
item,steel-furnace,ten_hours,70,40,0
item,steel-furnace,ten_hours,71,40,0
item,steel-furnace,ten_hours,72,40,0
item,steel-furnace,ten_hours,73,40,0
item,steel-furnace,ten_hours,74,40,0
item,steel-furnace,ten_hours,75,40,0
item,steel-furnace,ten_hours,76,40,0
item,steel-furnace,ten_hours,77,40,0
item,steel-furnace,ten_hours,78,40,0
item,steel-furnace,ten_hours,79,38,0
item,steel-furnace,ten_hours,80,40,0
item,steel-furnace,ten_hours,81,39,0
item,steel-furnace,ten_hours,82,3,0
item,steel-furnace,fifty_hours,8,197,0
item,steel-furnace,fifty_hours,9,1028,0
item,steel-furnace,fifty_hours,10,915,0
item,steel-furnace,fifty_hours,11,449,0
item,steel-furnace,fifty_hours,12,579,0
item,steel-furnace,fifty_hours,13,325,0
item,steel-furnace,fifty_hours,14,200,0
item,steel-furnace,fifty_hours,15,198,0
item,steel-furnace,fifty_hours,16,82,0
item,electric-furnace,ten_hours,1,108,108
item,electric-furnace,ten_hours,2,108,108
item,electric-furnace,ten_hours,3,108,108
item,electric-furnace,ten_hours,4,108,108
item,electric-furnace,ten_hours,5,108,108
item,electric-furnace,ten_hours,6,108,108
item,electric-furnace,ten_hours,7,108,109
item,electric-furnace,ten_hours,8,108,106
item,electric-furnace,ten_hours,9,108,110
item,electric-furnace,ten_hours,10,108,107
item,electric-furnace,ten_hours,11,101,92
item,electric-furnace,ten_hours,12,90,91
item,electric-furnace,ten_hours,13,90,90
item,electric-furnace,ten_hours,14,90,88
item,electric-furnace,ten_hours,15,90,96
item,electric-furnace,ten_hours,16,105,108
item,electric-furnace,ten_hours,17,108,107
item,electric-furnace,ten_hours,18,108,110
item,electric-furnace,ten_hours,19,108,104
item,electric-furnace,ten_hours,20,80,62
item,electric-furnace,ten_hours,21,60,62
item,electric-furnace,ten_hours,22,65,88
item,electric-furnace,ten_hours,23,108,106
item,electric-furnace,ten_hours,24,107,109
item,electric-furnace,ten_hours,25,106,105
item,electric-furnace,ten_hours,26,107,104
item,electric-furnace,ten_hours,27,96,79
item,electric-furnace,ten_hours,28,71,66
item,electric-furnace,ten_hours,29,45,45
item,electric-furnace,ten_hours,30,62,65
item,electric-furnace,ten_hours,31,58,53
item,electric-furnace,ten_hours,32,52,53
item,electric-furnace,ten_hours,33,74,86
item,electric-furnace,ten_hours,34,79,16
item,electric-furnace,ten_hours,35,35,28
item,electric-furnace,ten_hours,36,38,50
item,electric-furnace,ten_hours,37,59,39
item,electric-furnace,ten_hours,38,18,34
item,electric-furnace,ten_hours,39,59,83
item,electric-furnace,ten_hours,40,79,36
item,electric-furnace,ten_hours,41,8,23
item,electric-furnace,ten_hours,42,27,5
item,electric-furnace,ten_hours,43,2,0
item,electric-furnace,ten_hours,50,0,8
item,electric-furnace,ten_hours,51,5,8
item,electric-furnace,ten_hours,52,18,8
item,electric-furnace,ten_hours,53,14,5
item,electric-furnace,fifty_hours,1,540,541
item,electric-furnace,fifty_hours,2,479,468
item,electric-furnace,fifty_hours,3,519,525
item,electric-furnace,fifty_hours,4,420,427
item,electric-furnace,fifty_hours,5,425,399
item,electric-furnace,fifty_hours,6,325,273
item,electric-furnace,fifty_hours,7,209,234
item,electric-furnace,fifty_hours,8,116,64
item,electric-furnace,fifty_hours,10,37,29
item,lab,ten_hours,1,5,6
item,lab,ten_hours,2,5,5
item,lab,ten_hours,3,8,8
item,lab,ten_hours,4,0,4
item,lab,ten_hours,5,9,7
item,lab,ten_hours,6,4,5
item,lab,ten_hours,7,6,4
item,lab,ten_hours,8,2,4
item,lab,ten_hours,9,5,4
item,lab,ten_hours,10,0,2
item,lab,ten_hours,11,8,4
item,lab,ten_hours,12,0,4
item,lab,ten_hours,13,4,3
item,lab,ten_hours,14,0,3
item,lab,ten_hours,15,9,5
item,lab,ten_hours,16,3,6
item,lab,ten_hours,17,9,5
item,lab,ten_hours,18,11,10
item,lab,ten_hours,19,27,12
item,lab,ten_hours,20,14,30
item,lab,ten_hours,29,5,0
item,lab,ten_hours,30,30,0
item,lab,ten_hours,31,24,0
item,lab,ten_hours,48,6,0
item,lab,ten_hours,49,12,0
item,lab,ten_hours,55,8,0
item,lab,ten_hours,56,13,0
item,lab,ten_hours,57,16,0
item,lab,ten_hours,58,17,0
item,lab,ten_hours,59,23,0
item,lab,ten_hours,61,2,0
item,lab,ten_hours,62,11,0
item,lab,ten_hours,65,14,0
item,lab,ten_hours,66,8,0
item,lab,ten_hours,67,13,0
item,lab,ten_hours,69,9,0
item,lab,ten_hours,85,18,0
item,lab,ten_hours,86,17,0
item,lab,ten_hours,94,3,0
item,lab,ten_hours,96,1,0
item,lab,fifty_hours,1,26,24
item,lab,fifty_hours,2,12,16
item,lab,fifty_hours,3,59,38
item,lab,fifty_hours,4,14,30
item,lab,fifty_hours,5,5,0
item,lab,fifty_hours,6,54,0
item,lab,fifty_hours,9,18,0
item,lab,fifty_hours,11,77,0
item,lab,fifty_hours,12,13,0
item,lab,fifty_hours,13,44,0
item,lab,fifty_hours,17,35,0
item,lab,fifty_hours,18,3,0
item,lab,fifty_hours,19,1,0
item,boiler,ten_hours,30,15,0
item,boiler,ten_hours,31,65,0
item,boiler,ten_hours,32,8,0
item,boiler,ten_hours,33,30,6
item,boiler,ten_hours,34,69,6
item,boiler,ten_hours,35,16,6
item,boiler,ten_hours,36,0,14
item,boiler,ten_hours,42,6,0
item,boiler,ten_hours,43,19,0
item,boiler,ten_hours,44,36,0
item,boiler,ten_hours,45,18,0
item,boiler,ten_hours,46,41,0
item,boiler,ten_hours,47,35,0
item,boiler,ten_hours,48,16,0
item,boiler,ten_hours,49,35,0
item,boiler,ten_hours,50,39,0
item,boiler,ten_hours,51,13,0
item,boiler,ten_hours,52,72,0
item,boiler,ten_hours,53,17,0
item,boiler,ten_hours,54,70,0
item,boiler,ten_hours,55,6,0
item,boiler,ten_hours,56,55,0
item,boiler,ten_hours,59,69,0
item,boiler,ten_hours,60,9,0
item,boiler,ten_hours,61,6,0
item,boiler,ten_hours,64,35,0
item,boiler,ten_hours,65,23,0
item,boiler,ten_hours,66,26,0
item,boiler,ten_hours,67,18,0
item,boiler,ten_hours,68,8,0
item,boiler,ten_hours,69,12,0
item,boiler,ten_hours,70,6,0
item,boiler,ten_hours,74,8,0
item,boiler,ten_hours,83,11,0
item,boiler,ten_hours,84,6,0
item,boiler,ten_hours,85,10,0
item,boiler,ten_hours,86,23,0
item,boiler,ten_hours,91,11,0
item,boiler,ten_hours,94,7,0
item,boiler,ten_hours,96,1,0
item,boiler,fifty_hours,6,187,12
item,boiler,fifty_hours,7,16,20
item,boiler,fifty_hours,8,61,0
item,boiler,fifty_hours,9,145,0
item,boiler,fifty_hours,10,211,0
item,boiler,fifty_hours,11,130,0
item,boiler,fifty_hours,12,50,0
item,boiler,fifty_hours,13,87,0
item,boiler,fifty_hours,14,14,0
item,boiler,fifty_hours,16,17,0
item,boiler,fifty_hours,17,33,0
item,boiler,fifty_hours,18,18,0
item,boiler,fifty_hours,19,1,0
item,steam-engine,ten_hours,15,5,0
item,steam-engine,ten_hours,16,30,0
item,steam-engine,ten_hours,17,29,0
item,steam-engine,ten_hours,18,29,0
item,steam-engine,ten_hours,19,29,0
item,steam-engine,ten_hours,20,29,0
item,steam-engine,ten_hours,21,29,0
item,steam-engine,ten_hours,22,29,0
item,steam-engine,ten_hours,23,29,0
item,steam-engine,ten_hours,24,29,0
item,steam-engine,ten_hours,25,29,0
item,steam-engine,ten_hours,26,29,0
item,steam-engine,ten_hours,27,29,0
item,steam-engine,ten_hours,28,29,0
item,steam-engine,ten_hours,29,29,0
item,steam-engine,ten_hours,30,29,0
item,steam-engine,ten_hours,31,33,0
item,steam-engine,ten_hours,32,27,0
item,steam-engine,ten_hours,33,30,0
item,steam-engine,ten_hours,34,28,0
item,steam-engine,ten_hours,35,30,0
item,steam-engine,ten_hours,36,30,0
item,steam-engine,ten_hours,37,30,0
item,steam-engine,ten_hours,38,30,0
item,steam-engine,ten_hours,39,30,0
item,steam-engine,ten_hours,40,30,0
item,steam-engine,ten_hours,41,30,0
item,steam-engine,ten_hours,42,34,0
item,steam-engine,ten_hours,43,33,0
item,steam-engine,ten_hours,44,72,0
item,steam-engine,ten_hours,45,87,0
item,steam-engine,ten_hours,46,69,0
item,steam-engine,ten_hours,47,33,0
item,steam-engine,ten_hours,48,62,0
item,steam-engine,ten_hours,49,70,0
item,steam-engine,ten_hours,50,95,0
item,steam-engine,ten_hours,51,83,0
item,steam-engine,ten_hours,52,93,0
item,steam-engine,ten_hours,53,79,0
item,steam-engine,ten_hours,54,56,0
item,steam-engine,ten_hours,55,33,0
item,steam-engine,ten_hours,56,32,0
item,steam-engine,ten_hours,57,29,0
item,steam-engine,ten_hours,58,29,0
item,steam-engine,ten_hours,59,65,0
item,steam-engine,ten_hours,60,25,0
item,steam-engine,ten_hours,61,51,0
item,steam-engine,ten_hours,62,52,0
item,steam-engine,ten_hours,63,33,0
item,steam-engine,ten_hours,64,34,0
item,steam-engine,ten_hours,65,44,0
item,steam-engine,ten_hours,66,30,0
item,steam-engine,ten_hours,67,31,0
item,steam-engine,ten_hours,68,10,0
item,steam-engine,ten_hours,69,18,0
item,steam-engine,ten_hours,70,6,0
item,steam-engine,ten_hours,72,14,0
item,steam-engine,ten_hours,73,11,0
item,steam-engine,ten_hours,74,8,0
item,steam-engine,ten_hours,82,40,0
item,steam-engine,ten_hours,84,10,0
item,steam-engine,ten_hours,85,11,0
item,steam-engine,ten_hours,86,5,0
item,steam-engine,ten_hours,91,30,0
item,steam-engine,ten_hours,94,7,0
item,steam-engine,ten_hours,96,1,0
item,steam-engine,fifty_hours,3,122,0
item,steam-engine,fifty_hours,4,145,0
item,steam-engine,fifty_hours,5,145,0
item,steam-engine,fifty_hours,6,147,0
item,steam-engine,fifty_hours,7,150,0
item,steam-engine,fifty_hours,8,199,0
item,steam-engine,fifty_hours,9,321,0
item,steam-engine,fifty_hours,10,406,0
item,steam-engine,fifty_hours,11,188,0
item,steam-engine,fifty_hours,12,195,0
item,steam-engine,fifty_hours,13,133,0
item,steam-engine,fifty_hours,14,39,0
item,steam-engine,fifty_hours,16,50,0
item,steam-engine,fifty_hours,17,16,0
item,steam-engine,fifty_hours,18,37,0
item,steam-engine,fifty_hours,19,1,0
item,solar-panel,ten_hours,26,6,0
item,solar-panel,ten_hours,27,9,0
item,solar-panel,ten_hours,28,9,0
item,solar-panel,ten_hours,29,9,0
item,solar-panel,ten_hours,30,9,0
item,solar-panel,ten_hours,31,9,0
item,solar-panel,ten_hours,32,1,0
item,solar-panel,ten_hours,37,4,0
item,solar-panel,ten_hours,38,9,0
item,solar-panel,ten_hours,39,9,0
item,solar-panel,ten_hours,40,9,0
item,solar-panel,ten_hours,41,9,0
item,solar-panel,ten_hours,42,9,0
item,solar-panel,ten_hours,43,9,0
item,solar-panel,ten_hours,44,3,0
item,solar-panel,ten_hours,47,9,0
item,solar-panel,ten_hours,48,6,0
item,solar-panel,fifty_hours,5,33,0
item,solar-panel,fifty_hours,6,19,0
item,solar-panel,fifty_hours,7,22,0
item,solar-panel,fifty_hours,8,39,0
item,solar-panel,fifty_hours,9,15,0
item,offshore-pump,ten_hours,63,6,0
item,offshore-pump,ten_hours,64,5,0
item,offshore-pump,ten_hours,79,1,0
item,offshore-pump,ten_hours,86,7,0
item,offshore-pump,ten_hours,96,1,0
item,offshore-pump,fifty_hours,12,11,0
item,offshore-pump,fifty_hours,15,1,0
item,offshore-pump,fifty_hours,17,7,0
item,offshore-pump,fifty_hours,19,1,0
item,small-electric-pole,ten_hours,41,114,0
item,small-electric-pole,ten_hours,42,236,0
item,small-electric-pole,ten_hours,43,712,0
item,small-electric-pole,ten_hours,44,720,0
item,small-electric-pole,ten_hours,45,720,0
item,small-electric-pole,ten_hours,46,184,0
item,small-electric-pole,ten_hours,48,28,0
item,small-electric-pole,ten_hours,49,268,0
item,small-electric-pole,ten_hours,51,310,0
item,small-electric-pole,ten_hours,52,204,0
item,small-electric-pole,ten_hours,53,302,0
item,small-electric-pole,ten_hours,54,360,0
item,small-electric-pole,ten_hours,55,334,0
item,small-electric-pole,ten_hours,56,360,0
item,small-electric-pole,ten_hours,57,360,0
item,small-electric-pole,ten_hours,58,360,0
item,small-electric-pole,ten_hours,59,326,0
item,small-electric-pole,ten_hours,60,224,0
item,small-electric-pole,ten_hours,61,554,0
item,small-electric-pole,ten_hours,62,364,0
item,small-electric-pole,ten_hours,63,368,0
item,small-electric-pole,ten_hours,64,308,0
item,small-electric-pole,ten_hours,65,494,0
item,small-electric-pole,ten_hours,66,390,0
item,small-electric-pole,ten_hours,67,148,0
item,small-electric-pole,ten_hours,68,316,0
item,small-electric-pole,ten_hours,69,252,0
item,small-electric-pole,ten_hours,70,42,0
item,small-electric-pole,ten_hours,74,52,0
item,small-electric-pole,ten_hours,78,162,0
item,small-electric-pole,ten_hours,79,4,0
item,small-electric-pole,ten_hours,80,228,0
item,small-electric-pole,ten_hours,81,102,0
item,small-electric-pole,ten_hours,87,162,0
item,small-electric-pole,ten_hours,88,72,0
item,small-electric-pole,ten_hours,89,10,0
item,small-electric-pole,ten_hours,90,100,0
item,small-electric-pole,ten_hours,91,28,0
item,small-electric-pole,ten_hours,94,30,0
item,small-electric-pole,ten_hours,95,60,0
item,small-electric-pole,ten_hours,96,12,0
item,small-electric-pole,fifty_hours,8,1782,0
item,small-electric-pole,fifty_hours,9,1200,0
item,small-electric-pole,fifty_hours,10,1176,0
item,small-electric-pole,fifty_hours,11,1740,0
item,small-electric-pole,fifty_hours,12,1818,0
item,small-electric-pole,fifty_hours,13,1600,0
item,small-electric-pole,fifty_hours,14,94,0
item,small-electric-pole,fifty_hours,15,166,0
item,small-electric-pole,fifty_hours,16,330,0
item,small-electric-pole,fifty_hours,17,244,0
item,small-electric-pole,fifty_hours,18,158,0
item,small-electric-pole,fifty_hours,19,72,0
item,pipe,ten_hours,1,1359,1344
item,pipe,ten_hours,2,1342,1336
item,pipe,ten_hours,3,1328,1338
item,pipe,ten_hours,4,1403,1402
item,pipe,ten_hours,5,1528,1526
item,pipe,ten_hours,6,1378,1366
item,pipe,ten_hours,7,1618,1604
item,pipe,ten_hours,8,1915,1902
item,pipe,ten_hours,9,2147,2140
item,pipe,ten_hours,10,2158,2138
item,pipe,ten_hours,11,2143,2122
item,pipe,ten_hours,12,2160,2138
item,pipe,ten_hours,13,2149,2130
item,pipe,ten_hours,14,2173,2162
item,pipe,ten_hours,15,2195,2193
item,pipe,ten_hours,16,2362,2345
item,pipe,ten_hours,17,2445,2441
item,pipe,ten_hours,18,2451,2367
item,pipe,ten_hours,19,2381,2347
item,pipe,ten_hours,20,2365,2350
item,pipe,ten_hours,21,2334,2302
item,pipe,ten_hours,22,2297,2306
item,pipe,ten_hours,23,2351,2319
item,pipe,ten_hours,24,2264,2299
item,pipe,ten_hours,25,2389,2305
item,pipe,ten_hours,26,2356,2341
item,pipe,ten_hours,27,2282,2281
item,pipe,ten_hours,28,2356,2289
item,pipe,ten_hours,29,2341,2358
item,pipe,ten_hours,30,2698,2614
item,pipe,ten_hours,31,2745,2709
item,pipe,ten_hours,32,2499,2444
item,pipe,ten_hours,33,2547,2543
item,pipe,ten_hours,34,2827,2683
item,pipe,ten_hours,35,2549,2572
item,pipe,ten_hours,36,2456,2458
item,pipe,ten_hours,37,2435,2530
item,pipe,ten_hours,38,2523,2470
item,pipe,ten_hours,39,2343,2386
item,pipe,ten_hours,40,2498,2496
item,pipe,ten_hours,41,2550,2512
item,pipe,ten_hours,42,2813,2753
item,pipe,ten_hours,43,3141,2783
item,pipe,ten_hours,44,2992,2944
item,pipe,ten_hours,45,3337,3037
item,pipe,ten_hours,46,3328,3123
item,pipe,ten_hours,47,3308,3096
item,pipe,ten_hours,48,3293,3108
item,pipe,ten_hours,49,3060,2914
item,pipe,ten_hours,50,3008,2633
item,pipe,ten_hours,51,2853,2582
item,pipe,ten_hours,52,3226,2828
item,pipe,ten_hours,53,2734,2594
item,pipe,ten_hours,54,2544,2634
item,pipe,ten_hours,55,2445,1969
item,pipe,ten_hours,56,1911,1808
item,pipe,ten_hours,57,1854,1817
item,pipe,ten_hours,58,2026,1872
item,pipe,ten_hours,59,2033,2044
item,pipe,ten_hours,60,1818,1708
item,pipe,ten_hours,61,1876,1822
item,pipe,ten_hours,62,1802,1603
item,pipe,ten_hours,63,1614,1442
item,pipe,ten_hours,64,1417,1148
item,pipe,ten_hours,65,1058,1069
item,pipe,ten_hours,66,1106,1062
item,pipe,ten_hours,67,1097,1070
item,pipe,ten_hours,68,888,786
item,pipe,ten_hours,69,875,602
item,pipe,ten_hours,70,796,701
item,pipe,ten_hours,71,652,636
item,pipe,ten_hours,72,517,694
item,pipe,ten_hours,73,549,646
item,pipe,ten_hours,74,681,304
item,pipe,ten_hours,75,741,335
item,pipe,ten_hours,76,584,372
item,pipe,ten_hours,77,646,362
item,pipe,ten_hours,78,309,8
item,pipe,ten_hours,79,457,15
item,pipe,ten_hours,80,311,102
item,pipe,ten_hours,81,387,300
item,pipe,ten_hours,82,359,470
item,pipe,ten_hours,83,378,124
item,pipe,ten_hours,84,161,109
item,pipe,ten_hours,85,52,95
item,pipe,ten_hours,86,118,183
item,pipe,ten_hours,87,166,0
item,pipe,ten_hours,91,225,194
item,pipe,ten_hours,94,63,63
item,pipe,ten_hours,96,12,12
item,pipe,fifty_hours,1,8586,8538
item,pipe,fifty_hours,2,10783,10690
item,pipe,fifty_hours,3,11834,11693
item,pipe,fifty_hours,4,11611,11576
item,pipe,fifty_hours,5,11724,11574
item,pipe,fifty_hours,6,13316,12993
item,pipe,fifty_hours,7,12306,12416
item,pipe,fifty_hours,8,13994,13488
item,pipe,fifty_hours,9,16326,15278
item,pipe,fifty_hours,10,14365,13271
item,pipe,fifty_hours,11,10269,9510
item,pipe,fifty_hours,12,8527,7723
item,pipe,fifty_hours,13,5024,4589
item,pipe,fifty_hours,14,3195,2981
item,pipe,fifty_hours,15,2737,1092
item,pipe,fifty_hours,16,1596,1105
item,pipe,fifty_hours,17,336,278
item,pipe,fifty_hours,18,288,257
item,pipe,fifty_hours,19,12,12
item,pumpjack,ten_hours,49,5,0
item,pumpjack,ten_hours,50,4,0
item,pumpjack,ten_hours,51,5,0
item,pumpjack,ten_hours,60,9,0
item,pumpjack,ten_hours,61,8,0
item,pumpjack,ten_hours,77,12,0
item,pumpjack,fifty_hours,9,5,0
item,pumpjack,fifty_hours,10,9,0
item,pumpjack,fifty_hours,12,17,0
item,pumpjack,fifty_hours,15,12,0
item,oil-refinery,ten_hours,42,7,0
item,oil-refinery,ten_hours,43,9,0
item,oil-refinery,ten_hours,44,9,0
item,oil-refinery,ten_hours,45,8,0
item,oil-refinery,ten_hours,46,8,0
item,oil-refinery,ten_hours,47,5,0
item,oil-refinery,ten_hours,48,5,0
item,oil-refinery,ten_hours,49,5,0
item,oil-refinery,ten_hours,50,8,0
item,oil-refinery,ten_hours,51,10,0
item,oil-refinery,ten_hours,52,7,0
item,oil-refinery,ten_hours,53,12,0
item,oil-refinery,ten_hours,54,13,0
item,oil-refinery,ten_hours,56,5,0
item,oil-refinery,ten_hours,59,5,0
item,oil-refinery,ten_hours,60,5,0
item,oil-refinery,ten_hours,61,6,0
item,oil-refinery,ten_hours,62,7,0
item,oil-refinery,ten_hours,63,11,0
item,oil-refinery,ten_hours,64,4,0
item,oil-refinery,ten_hours,65,7,0
item,oil-refinery,ten_hours,66,5,0
item,oil-refinery,ten_hours,67,5,0
item,oil-refinery,ten_hours,68,3,0
item,oil-refinery,ten_hours,74,1,0
item,oil-refinery,ten_hours,75,12,0
item,oil-refinery,ten_hours,76,8,0
item,oil-refinery,fifty_hours,8,25,0
item,oil-refinery,fifty_hours,9,31,0
item,oil-refinery,fifty_hours,10,50,0
item,oil-refinery,fifty_hours,11,10,0
item,oil-refinery,fifty_hours,12,33,0
item,oil-refinery,fifty_hours,13,20,0
item,oil-refinery,fifty_hours,14,1,0
item,oil-refinery,fifty_hours,15,20,0
item,chemical-plant,ten_hours,31,13,0
item,chemical-plant,ten_hours,34,12,0
item,chemical-plant,ten_hours,35,3,0
item,chemical-plant,ten_hours,43,8,0
item,chemical-plant,ten_hours,44,22,0
item,chemical-plant,ten_hours,45,23,0
item,chemical-plant,ten_hours,46,19,0
item,chemical-plant,ten_hours,47,29,0
item,chemical-plant,ten_hours,48,26,0
item,chemical-plant,ten_hours,49,30,0
item,chemical-plant,ten_hours,50,23,0
item,chemical-plant,ten_hours,51,23,0
item,chemical-plant,ten_hours,52,20,0
item,chemical-plant,ten_hours,53,24,0
item,chemical-plant,ten_hours,54,18,0
item,chemical-plant,ten_hours,55,20,0
item,chemical-plant,ten_hours,56,21,0
item,chemical-plant,ten_hours,57,4,0
item,chemical-plant,ten_hours,59,9,0
item,chemical-plant,ten_hours,60,6,0
item,chemical-plant,ten_hours,61,18,0
item,chemical-plant,ten_hours,62,12,0
item,chemical-plant,ten_hours,63,21,0
item,chemical-plant,ten_hours,64,5,0
item,chemical-plant,ten_hours,65,7,0
item,chemical-plant,ten_hours,66,7,0
item,chemical-plant,ten_hours,67,5,0
item,chemical-plant,ten_hours,68,6,0
item,chemical-plant,ten_hours,69,1,0
item,chemical-plant,ten_hours,73,7,0
item,chemical-plant,ten_hours,74,10,0
item,chemical-plant,ten_hours,75,8,0
item,chemical-plant,ten_hours,76,5,0
item,chemical-plant,fifty_hours,6,25,0
item,chemical-plant,fifty_hours,7,3,0
item,chemical-plant,fifty_hours,8,30,0
item,chemical-plant,fifty_hours,9,127,0
item,chemical-plant,fifty_hours,10,108,0
item,chemical-plant,fifty_hours,11,54,0
item,chemical-plant,fifty_hours,12,62,0
item,chemical-plant,fifty_hours,13,26,0
item,chemical-plant,fifty_hours,14,17,0
item,chemical-plant,fifty_hours,15,13,0
item,electric-engine-unit,ten_hours,1,132,142
item,electric-engine-unit,ten_hours,2,186,157
item,electric-engine-unit,ten_hours,3,120,171
item,electric-engine-unit,ten_hours,4,269,215
item,electric-engine-unit,ten_hours,5,184,220
item,electric-engine-unit,ten_hours,6,244,234
item,electric-engine-unit,ten_hours,7,305,220
item,electric-engine-unit,ten_hours,8,351,236
item,electric-engine-unit,ten_hours,9,355,226
item,electric-engine-unit,ten_hours,10,363,236
item,electric-engine-unit,ten_hours,11,354,222
item,electric-engine-unit,ten_hours,12,354,232
item,electric-engine-unit,ten_hours,13,357,226
item,electric-engine-unit,ten_hours,14,368,237
item,electric-engine-unit,ten_hours,15,367,224
item,electric-engine-unit,ten_hours,16,355,236
item,electric-engine-unit,ten_hours,17,354,220
item,electric-engine-unit,ten_hours,18,358,238
item,electric-engine-unit,ten_hours,19,353,225
item,electric-engine-unit,ten_hours,20,361,235
item,electric-engine-unit,ten_hours,21,352,224
item,electric-engine-unit,ten_hours,22,356,235
item,electric-engine-unit,ten_hours,23,350,219
item,electric-engine-unit,ten_hours,24,363,237
item,electric-engine-unit,ten_hours,25,370,226
item,electric-engine-unit,ten_hours,26,355,235
item,electric-engine-unit,ten_hours,27,347,260
item,electric-engine-unit,ten_hours,28,354,261
item,electric-engine-unit,ten_hours,29,361,301
item,electric-engine-unit,ten_hours,30,427,319
item,electric-engine-unit,ten_hours,31,417,301
item,electric-engine-unit,ten_hours,32,423,295
item,electric-engine-unit,ten_hours,33,424,273
item,electric-engine-unit,ten_hours,34,421,292
item,electric-engine-unit,ten_hours,35,433,261
item,electric-engine-unit,ten_hours,36,430,431
item,electric-engine-unit,ten_hours,37,429,410
item,electric-engine-unit,ten_hours,38,419,372
item,electric-engine-unit,ten_hours,39,424,368
item,electric-engine-unit,ten_hours,40,424,426
item,electric-engine-unit,ten_hours,41,424,390
item,electric-engine-unit,ten_hours,42,425,483
item,electric-engine-unit,ten_hours,43,420,215
item,electric-engine-unit,ten_hours,44,428,415
item,electric-engine-unit,ten_hours,45,430,557
item,electric-engine-unit,ten_hours,46,429,525
item,electric-engine-unit,ten_hours,47,424,143
item,electric-engine-unit,ten_hours,48,413,562
item,electric-engine-unit,ten_hours,49,405,144
item,electric-engine-unit,ten_hours,50,392,162
item,electric-engine-unit,ten_hours,51,236,143
item,electric-engine-unit,ten_hours,52,153,161
item,electric-engine-unit,ten_hours,53,153,142
item,electric-engine-unit,ten_hours,54,153,163
item,electric-engine-unit,ten_hours,55,153,142
item,electric-engine-unit,ten_hours,56,153,163
item,electric-engine-unit,ten_hours,57,153,142
item,electric-engine-unit,ten_hours,58,153,154
item,electric-engine-unit,ten_hours,59,144,126
item,electric-engine-unit,ten_hours,60,138,126
item,electric-engine-unit,ten_hours,61,115,104
item,electric-engine-unit,ten_hours,62,108,159
item,electric-engine-unit,ten_hours,63,151,143
item,electric-engine-unit,ten_hours,64,153,161
item,electric-engine-unit,ten_hours,65,153,139
item,electric-engine-unit,ten_hours,66,153,154
item,electric-engine-unit,ten_hours,67,147,146
item,electric-engine-unit,ten_hours,68,139,160
item,electric-engine-unit,ten_hours,69,152,146
item,electric-engine-unit,ten_hours,70,170,133
item,electric-engine-unit,ten_hours,71,114,16
item,electric-engine-unit,fifty_hours,1,1439,1136
item,electric-engine-unit,fifty_hours,2,1796,1153
item,electric-engine-unit,fifty_hours,3,1787,1143
item,electric-engine-unit,fifty_hours,4,1782,1150
item,electric-engine-unit,fifty_hours,5,1787,1283
item,electric-engine-unit,fifty_hours,6,2112,1480
item,electric-engine-unit,fifty_hours,7,2135,1842
item,electric-engine-unit,fifty_hours,8,2121,1929
item,electric-engine-unit,fifty_hours,9,2101,1931
item,electric-engine-unit,fifty_hours,10,1087,771
item,electric-engine-unit,fifty_hours,11,756,727
item,electric-engine-unit,fifty_hours,12,665,693
item,electric-engine-unit,fifty_hours,13,744,745
item,electric-engine-unit,fifty_hours,14,284,149
item,engine-unit,ten_hours,1,661,665
item,engine-unit,ten_hours,2,677,686
item,engine-unit,ten_hours,3,660,633
item,engine-unit,ten_hours,4,721,776
item,engine-unit,ten_hours,5,750,704
item,engine-unit,ten_hours,6,693,759
item,engine-unit,ten_hours,7,811,806
item,engine-unit,ten_hours,8,867,859
item,engine-unit,ten_hours,9,880,890
item,engine-unit,ten_hours,10,874,866
item,engine-unit,ten_hours,11,871,868
item,engine-unit,ten_hours,12,874,871
item,engine-unit,ten_hours,13,876,864
item,engine-unit,ten_hours,14,886,896
item,engine-unit,ten_hours,15,891,870
item,engine-unit,ten_hours,16,914,864
item,engine-unit,ten_hours,17,948,889
item,engine-unit,ten_hours,18,878,863
item,engine-unit,ten_hours,19,877,867
item,engine-unit,ten_hours,20,875,876
item,engine-unit,ten_hours,21,876,861
item,engine-unit,ten_hours,22,873,885
item,engine-unit,ten_hours,23,877,856
item,engine-unit,ten_hours,24,877,871
item,engine-unit,ten_hours,25,880,906
item,engine-unit,ten_hours,26,883,862
item,engine-unit,ten_hours,27,872,862
item,engine-unit,ten_hours,28,878,875
item,engine-unit,ten_hours,29,879,865
item,engine-unit,ten_hours,30,879,953
item,engine-unit,ten_hours,31,880,923
item,engine-unit,ten_hours,32,907,905
item,engine-unit,ten_hours,33,904,915
item,engine-unit,ten_hours,34,894,875
item,engine-unit,ten_hours,35,919,913
item,engine-unit,ten_hours,36,898,908
item,engine-unit,ten_hours,37,915,897
item,engine-unit,ten_hours,38,919,898
item,engine-unit,ten_hours,39,897,898
item,engine-unit,ten_hours,40,931,892
item,engine-unit,ten_hours,41,945,922
item,engine-unit,ten_hours,42,988,883
item,engine-unit,ten_hours,43,910,899
item,engine-unit,ten_hours,44,924,904
item,engine-unit,ten_hours,45,909,901
item,engine-unit,ten_hours,46,935,903
item,engine-unit,ten_hours,47,957,907
item,engine-unit,ten_hours,48,926,955
item,engine-unit,ten_hours,49,855,984
item,engine-unit,ten_hours,50,737,939
item,engine-unit,ten_hours,51,735,748
item,engine-unit,ten_hours,52,740,597
item,engine-unit,ten_hours,53,730,353
item,engine-unit,ten_hours,54,709,395
item,engine-unit,ten_hours,55,505,370
item,engine-unit,ten_hours,56,411,386
item,engine-unit,ten_hours,57,411,379
item,engine-unit,ten_hours,58,411,389
item,engine-unit,ten_hours,59,405,401
item,engine-unit,ten_hours,60,390,366
item,engine-unit,ten_hours,61,380,364
item,engine-unit,ten_hours,62,359,381
item,engine-unit,ten_hours,63,299,302
item,engine-unit,ten_hours,64,269,299
item,engine-unit,ten_hours,65,311,304
item,engine-unit,ten_hours,66,324,332
item,engine-unit,ten_hours,67,324,299
item,engine-unit,ten_hours,68,300,285
item,engine-unit,ten_hours,69,207,308
item,engine-unit,ten_hours,70,311,334
item,engine-unit,ten_hours,71,318,291
item,engine-unit,ten_hours,72,303,154
item,engine-unit,ten_hours,73,277,136
item,engine-unit,ten_hours,74,5,0
item,engine-unit,ten_hours,75,6,0
item,engine-unit,ten_hours,76,6,0
item,engine-unit,ten_hours,77,6,10
item,engine-unit,ten_hours,78,4,8
item,engine-unit,ten_hours,79,6,0
item,engine-unit,ten_hours,80,6,0
item,engine-unit,ten_hours,81,4,0
item,engine-unit,fifty_hours,1,4001,4018
item,engine-unit,fifty_hours,2,4381,4365
item,engine-unit,fifty_hours,3,4508,4353
item,engine-unit,fifty_hours,4,4378,4349
item,engine-unit,fifty_hours,5,4392,4370
item,engine-unit,fifty_hours,6,4464,4571
item,engine-unit,fifty_hours,7,4548,4514
item,engine-unit,fifty_hours,8,4698,4500
item,engine-unit,fifty_hours,9,4582,4650
item,engine-unit,fifty_hours,10,3651,3032
item,engine-unit,fifty_hours,11,2143,1925
item,engine-unit,fifty_hours,12,1697,1712
item,engine-unit,fifty_hours,13,1466,1528
item,engine-unit,fifty_hours,14,1214,915
item,engine-unit,fifty_hours,15,28,18
item,engine-unit,fifty_hours,16,10,0
item,low-density-structure,ten_hours,1,719,396
item,low-density-structure,ten_hours,2,720,419
item,low-density-structure,ten_hours,3,720,408
item,low-density-structure,ten_hours,4,707,387
item,low-density-structure,ten_hours,5,717,393
item,low-density-structure,ten_hours,6,725,408
item,low-density-structure,ten_hours,7,725,421
item,low-density-structure,ten_hours,8,738,546
item,low-density-structure,ten_hours,9,751,412
item,low-density-structure,ten_hours,10,745,418
item,low-density-structure,ten_hours,11,759,687
item,low-density-structure,ten_hours,12,785,711
item,low-density-structure,ten_hours,13,834,714
item,low-density-structure,ten_hours,14,902,825
item,low-density-structure,ten_hours,15,995,935
item,low-density-structure,ten_hours,16,1042,847
item,low-density-structure,ten_hours,17,1052,834
item,low-density-structure,ten_hours,18,1052,733
item,low-density-structure,ten_hours,19,1051,613
item,low-density-structure,ten_hours,20,1057,770
item,low-density-structure,ten_hours,21,1049,723
item,low-density-structure,ten_hours,22,1051,1233
item,low-density-structure,ten_hours,23,1048,1222
item,low-density-structure,ten_hours,24,1041,1008
item,low-density-structure,ten_hours,25,1046,985
item,low-density-structure,ten_hours,26,1072,1094
item,low-density-structure,ten_hours,27,1080,309
item,low-density-structure,ten_hours,28,1080,311
item,low-density-structure,ten_hours,29,1080,1002
item,low-density-structure,ten_hours,30,1080,789
item,low-density-structure,ten_hours,31,1080,590
item,low-density-structure,ten_hours,32,1080,496
item,low-density-structure,ten_hours,33,1080,896
item,low-density-structure,ten_hours,34,1063,733
item,low-density-structure,ten_hours,35,1080,584
item,low-density-structure,ten_hours,36,1078,810
item,low-density-structure,ten_hours,37,1078,857
item,low-density-structure,ten_hours,38,1079,706
item,low-density-structure,ten_hours,39,1078,727
item,low-density-structure,ten_hours,40,1076,582
item,low-density-structure,ten_hours,41,1056,586
item,low-density-structure,ten_hours,42,952,431
item,low-density-structure,ten_hours,43,731,713
item,low-density-structure,ten_hours,44,431,442
item,low-density-structure,ten_hours,45,358,864
item,low-density-structure,ten_hours,46,359,316
item,low-density-structure,ten_hours,47,357,91
item,low-density-structure,ten_hours,48,356,9
item,low-density-structure,ten_hours,49,355,0
item,low-density-structure,ten_hours,50,290,0
item,low-density-structure,ten_hours,51,38,0
item,low-density-structure,fifty_hours,1,3656,2180
item,low-density-structure,fifty_hours,2,4025,3355
item,low-density-structure,fifty_hours,3,5192,3962
item,low-density-structure,fifty_hours,4,5246,4956
item,low-density-structure,fifty_hours,5,5358,3701
item,low-density-structure,fifty_hours,6,5383,3504
item,low-density-structure,fifty_hours,7,5393,3684
item,low-density-structure,fifty_hours,8,4246,2754
item,low-density-structure,fifty_hours,9,1785,1280
item,low-density-structure,fifty_hours,10,328,0
item,rocket-fuel,ten_hours,1,22,0
item,rocket-fuel,ten_hours,2,16,29
item,rocket-fuel,ten_hours,3,15,15
item,rocket-fuel,ten_hours,4,27,0
item,rocket-fuel,ten_hours,5,51,0
item,rocket-fuel,ten_hours,6,94,15
item,rocket-fuel,ten_hours,7,117,28
item,rocket-fuel,ten_hours,8,140,153
item,rocket-fuel,ten_hours,9,179,19
item,rocket-fuel,ten_hours,10,288,43
item,rocket-fuel,ten_hours,11,498,0
item,rocket-fuel,ten_hours,12,667,0
item,rocket-fuel,ten_hours,13,672,0
item,rocket-fuel,ten_hours,14,672,78
item,rocket-fuel,ten_hours,15,672,173
item,rocket-fuel,ten_hours,16,671,676
item,rocket-fuel,ten_hours,17,672,684
item,rocket-fuel,ten_hours,18,672,547
item,rocket-fuel,ten_hours,19,672,568
item,rocket-fuel,ten_hours,20,672,770
item,rocket-fuel,ten_hours,21,672,684
item,rocket-fuel,ten_hours,22,672,999
item,rocket-fuel,ten_hours,23,672,901
item,rocket-fuel,ten_hours,24,672,435
item,rocket-fuel,ten_hours,25,672,691
item,rocket-fuel,ten_hours,26,672,833
item,rocket-fuel,ten_hours,27,672,24
item,rocket-fuel,ten_hours,28,672,289
item,rocket-fuel,ten_hours,29,672,720
item,rocket-fuel,ten_hours,30,672,426
item,rocket-fuel,ten_hours,31,672,454
item,rocket-fuel,ten_hours,32,672,444
item,rocket-fuel,ten_hours,33,672,582
item,rocket-fuel,ten_hours,34,660,424
item,rocket-fuel,ten_hours,35,671,249
item,rocket-fuel,ten_hours,36,672,528
item,rocket-fuel,ten_hours,37,672,581
item,rocket-fuel,ten_hours,38,672,559
item,rocket-fuel,ten_hours,39,672,727
item,rocket-fuel,ten_hours,40,672,582
item,rocket-fuel,ten_hours,41,672,484
item,rocket-fuel,ten_hours,42,654,133
item,rocket-fuel,ten_hours,43,609,492
item,rocket-fuel,ten_hours,44,622,350
item,rocket-fuel,ten_hours,45,539,204
item,rocket-fuel,ten_hours,46,479,156
item,rocket-fuel,ten_hours,47,432,91
item,rocket-fuel,ten_hours,48,357,9
item,rocket-fuel,ten_hours,49,247,0
item,rocket-fuel,fifty_hours,1,581,215
item,rocket-fuel,fifty_hours,2,2797,121
item,rocket-fuel,fifty_hours,3,3359,2648
item,rocket-fuel,fifty_hours,4,3360,3789
item,rocket-fuel,fifty_hours,5,3360,2557
item,rocket-fuel,fifty_hours,6,3348,2330
item,rocket-fuel,fifty_hours,7,3359,2644
item,rocket-fuel,fifty_hours,8,3229,2041
item,rocket-fuel,fifty_hours,9,2054,460
item,radar,ten_hours,47,3,0
item,radar,ten_hours,48,4,0
item,radar,ten_hours,49,1,0
item,radar,ten_hours,50,6,0
item,radar,ten_hours,51,3,0
item,radar,ten_hours,52,1,0
item,radar,ten_hours,53,5,0
item,radar,ten_hours,54,4,0
item,radar,ten_hours,55,4,0
item,radar,ten_hours,56,4,0
item,radar,ten_hours,58,4,0
item,radar,ten_hours,59,4,0
item,radar,ten_hours,60,3,0
item,radar,ten_hours,61,5,0
item,radar,ten_hours,62,7,0
item,radar,ten_hours,63,2,0
item,radar,ten_hours,65,1,0
item,radar,ten_hours,66,1,0
item,radar,ten_hours,68,10,0
item,radar,ten_hours,69,7,0
item,radar,fifty_hours,9,8,0
item,radar,fifty_hours,10,19,0
item,radar,fifty_hours,11,16,0
item,radar,fifty_hours,12,17,0
item,radar,fifty_hours,13,19,0
item,accumulator,ten_hours,46,4,0
item,accumulator,ten_hours,47,6,0
item,accumulator,ten_hours,48,6,0
item,accumulator,fifty_hours,9,16,0
build,electric-mining-drill,ten_hours,18,6,0
build,electric-mining-drill,ten_hours,45,50,0
build,electric-mining-drill,ten_hours,46,349,0
build,electric-mining-drill,ten_hours,47,292,0
build,electric-mining-drill,ten_hours,48,275,1
build,electric-mining-drill,ten_hours,49,273,0
build,electric-mining-drill,ten_hours,51,274,0
build,electric-mining-drill,ten_hours,53,470,0
build,electric-mining-drill,ten_hours,54,374,0
build,electric-mining-drill,ten_hours,55,187,0
build,electric-mining-drill,ten_hours,56,280,0
build,electric-mining-drill,ten_hours,57,101,0
build,electric-mining-drill,ten_hours,58,252,0
build,electric-mining-drill,ten_hours,61,26,0
build,electric-mining-drill,ten_hours,62,68,0
build,electric-mining-drill,ten_hours,63,103,0
build,electric-mining-drill,ten_hours,64,118,0
build,electric-mining-drill,ten_hours,65,132,0
build,electric-mining-drill,ten_hours,66,70,0
build,electric-mining-drill,ten_hours,67,94,0
build,electric-mining-drill,ten_hours,68,39,0
build,electric-mining-drill,ten_hours,69,59,0
build,electric-mining-drill,ten_hours,70,5,0
build,electric-mining-drill,ten_hours,71,107,5
build,electric-mining-drill,ten_hours,76,33,3
build,electric-mining-drill,ten_hours,79,62,2
build,electric-mining-drill,ten_hours,81,62,2
build,electric-mining-drill,ten_hours,83,61,3
build,electric-mining-drill,ten_hours,85,17,0
build,electric-mining-drill,ten_hours,86,14,0
build,electric-mining-drill,ten_hours,87,32,2
build,electric-mining-drill,ten_hours,89,35,5
build,electric-mining-drill,ten_hours,90,15,0
build,electric-mining-drill,ten_hours,91,22,0
build,electric-mining-drill,ten_hours,92,4,0
build,electric-mining-drill,ten_hours,93,26,2
build,electric-mining-drill,fifty_hours,3,6,0
build,electric-mining-drill,fifty_hours,9,1239,1
build,electric-mining-drill,fifty_hours,10,1118,0
build,electric-mining-drill,fifty_hours,11,820,0
build,electric-mining-drill,fifty_hours,12,315,0
build,electric-mining-drill,fifty_hours,13,394,0
build,electric-mining-drill,fifty_hours,14,112,5
build,electric-mining-drill,fifty_hours,15,95,5
build,electric-mining-drill,fifty_hours,16,123,5
build,electric-mining-drill,fifty_hours,17,98,7
build,electric-mining-drill,fifty_hours,18,67,2
build,burner-mining-drill,ten_hours,96,13,0
build,burner-mining-drill,ten_hours,97,36,1
build,burner-mining-drill,ten_hours,98,19,0
build,burner-mining-drill,ten_hours,99,5,0
build,burner-mining-drill,fifty_hours,19,73,1
build,stone-furnace,ten_hours,55,0,1
build,stone-furnace,ten_hours,57,0,1
build,stone-furnace,ten_hours,66,2,0
build,stone-furnace,ten_hours,67,4,24
build,stone-furnace,ten_hours,68,0,24
build,stone-furnace,ten_hours,69,0,1
build,stone-furnace,ten_hours,72,0,95
build,stone-furnace,ten_hours,78,48,96
build,stone-furnace,ten_hours,82,60,0
build,stone-furnace,ten_hours,83,1,0
build,stone-furnace,ten_hours,84,48,0
build,stone-furnace,ten_hours,86,51,3
build,stone-furnace,ten_hours,87,54,6
build,stone-furnace,ten_hours,88,48,0
build,stone-furnace,ten_hours,90,6,0
build,stone-furnace,ten_hours,92,9,0
build,stone-furnace,ten_hours,93,5,0
build,stone-furnace,ten_hours,94,41,1
build,stone-furnace,ten_hours,97,11,0
build,stone-furnace,ten_hours,99,25,1
build,stone-furnace,fifty_hours,11,0,2
build,stone-furnace,fifty_hours,13,6,49
build,stone-furnace,fifty_hours,14,0,95
build,stone-furnace,fifty_hours,15,48,96
build,stone-furnace,fifty_hours,16,109,0
build,stone-furnace,fifty_hours,17,153,9
build,stone-furnace,fifty_hours,18,61,1
build,stone-furnace,fifty_hours,19,36,1
build,steel-furnace,ten_hours,42,107,0
build,steel-furnace,ten_hours,43,170,0
build,steel-furnace,ten_hours,44,185,0
build,steel-furnace,ten_hours,45,209,0
build,steel-furnace,ten_hours,46,195,0
build,steel-furnace,ten_hours,47,196,0
build,steel-furnace,ten_hours,48,185,0
build,steel-furnace,ten_hours,49,151,0
build,steel-furnace,ten_hours,50,233,0
build,steel-furnace,ten_hours,51,214,0
build,steel-furnace,ten_hours,52,157,0
build,steel-furnace,ten_hours,53,128,0
build,steel-furnace,ten_hours,54,178,0
build,steel-furnace,ten_hours,55,170,0
build,steel-furnace,ten_hours,56,133,0
build,steel-furnace,ten_hours,57,30,0
build,steel-furnace,ten_hours,59,27,0
build,steel-furnace,ten_hours,60,148,0
build,steel-furnace,ten_hours,61,173,0
build,steel-furnace,ten_hours,62,1,0
build,steel-furnace,ten_hours,63,127,0
build,steel-furnace,ten_hours,64,86,0
build,steel-furnace,ten_hours,65,145,0
build,steel-furnace,ten_hours,66,122,0
build,steel-furnace,ten_hours,67,94,0
build,steel-furnace,ten_hours,68,150,0
build,steel-furnace,ten_hours,69,2,0
build,steel-furnace,ten_hours,72,96,1
build,steel-furnace,ten_hours,77,24,0
build,steel-furnace,ten_hours,78,96,0
build,steel-furnace,fifty_hours,8,462,0
build,steel-furnace,fifty_hours,9,936,0
build,steel-furnace,fifty_hours,10,910,0
build,steel-furnace,fifty_hours,11,360,0
build,steel-furnace,fifty_hours,12,535,0
build,steel-furnace,fifty_hours,13,513,0
build,steel-furnace,fifty_hours,14,96,1
build,steel-furnace,fifty_hours,15,120,0
build,electric-furnace,ten_hours,51,1,0
build,electric-furnace,ten_hours,52,1,0
build,electric-furnace,fifty_hours,10,2,0
build,assembling-machine-1,ten_hours,35,3,0
build,assembling-machine-1,ten_hours,43,4,0
build,assembling-machine-1,ten_hours,45,4,1
build,assembling-machine-1,ten_hours,47,8,0
build,assembling-machine-1,ten_hours,49,6,0
build,assembling-machine-1,ten_hours,52,1,0
build,assembling-machine-1,ten_hours,54,1,0
build,assembling-machine-1,ten_hours,55,7,0
build,assembling-machine-1,ten_hours,56,3,0
build,assembling-machine-1,ten_hours,57,1,10
build,assembling-machine-1,ten_hours,58,1,0
build,assembling-machine-1,ten_hours,59,6,3
build,assembling-machine-1,ten_hours,61,6,1
build,assembling-machine-1,ten_hours,62,7,0
build,assembling-machine-1,ten_hours,63,3,0
build,assembling-machine-1,ten_hours,64,9,0
build,assembling-machine-1,ten_hours,65,5,1
build,assembling-machine-1,ten_hours,66,7,2
build,assembling-machine-1,ten_hours,67,4,0
build,assembling-machine-1,ten_hours,68,5,0
build,assembling-machine-1,ten_hours,69,6,0
build,assembling-machine-1,ten_hours,73,0,20
build,assembling-machine-1,ten_hours,78,0,20
build,assembling-machine-1,ten_hours,82,2,0
build,assembling-machine-1,ten_hours,84,4,0
build,assembling-machine-1,ten_hours,85,45,0
build,assembling-machine-1,ten_hours,86,4,0
build,assembling-machine-1,ten_hours,88,28,0
build,assembling-machine-1,ten_hours,90,0,9
build,assembling-machine-1,ten_hours,92,15,0
build,assembling-machine-1,ten_hours,94,4,0
build,assembling-machine-1,ten_hours,95,9,0
build,assembling-machine-1,fifty_hours,7,3,0
build,assembling-machine-1,fifty_hours,8,4,0
build,assembling-machine-1,fifty_hours,9,18,1
build,assembling-machine-1,fifty_hours,10,2,0
build,assembling-machine-1,fifty_hours,11,18,13
build,assembling-machine-1,fifty_hours,12,25,1
build,assembling-machine-1,fifty_hours,13,27,3
build,assembling-machine-1,fifty_hours,14,0,20
build,assembling-machine-1,fifty_hours,15,0,20
build,assembling-machine-1,fifty_hours,16,6,0
build,assembling-machine-1,fifty_hours,17,77,0
build,assembling-machine-1,fifty_hours,18,19,9
build,assembling-machine-1,fifty_hours,19,9,0
build,assembling-machine-2,ten_hours,32,12,0
build,assembling-machine-2,ten_hours,35,4,2
build,assembling-machine-2,ten_hours,41,5,0
build,assembling-machine-2,ten_hours,42,124,0
build,assembling-machine-2,ten_hours,43,130,0
build,assembling-machine-2,ten_hours,44,248,1
build,assembling-machine-2,ten_hours,45,117,0
build,assembling-machine-2,ten_hours,46,77,0
build,assembling-machine-2,ten_hours,47,186,0
build,assembling-machine-2,ten_hours,48,114,0
build,assembling-machine-2,ten_hours,49,63,0
build,assembling-machine-2,ten_hours,50,56,0
build,assembling-machine-2,ten_hours,51,47,0
build,assembling-machine-2,ten_hours,52,69,0
build,assembling-machine-2,ten_hours,53,98,0
build,assembling-machine-2,ten_hours,54,165,0
build,assembling-machine-2,ten_hours,55,55,0
build,assembling-machine-2,ten_hours,56,141,0
build,assembling-machine-2,ten_hours,57,60,0
build,assembling-machine-2,ten_hours,58,55,0
build,assembling-machine-2,ten_hours,59,123,0
build,assembling-machine-2,ten_hours,60,28,0
build,assembling-machine-2,ten_hours,61,49,0
build,assembling-machine-2,ten_hours,62,42,0
build,assembling-machine-2,ten_hours,63,55,0
build,assembling-machine-2,ten_hours,64,13,0
build,assembling-machine-2,ten_hours,65,20,0
build,assembling-machine-2,ten_hours,66,34,0
build,assembling-machine-2,ten_hours,67,14,0
build,assembling-machine-2,ten_hours,68,4,0
build,assembling-machine-2,ten_hours,69,12,0
build,assembling-machine-2,ten_hours,70,2,0
build,assembling-machine-2,ten_hours,72,51,0
build,assembling-machine-2,ten_hours,73,24,0
build,assembling-machine-2,ten_hours,74,88,7
build,assembling-machine-2,ten_hours,75,8,0
build,assembling-machine-2,ten_hours,77,29,0
build,assembling-machine-2,ten_hours,78,20,0
build,assembling-machine-2,fifty_hours,6,12,0
build,assembling-machine-2,fifty_hours,7,4,2
build,assembling-machine-2,fifty_hours,8,507,1
build,assembling-machine-2,fifty_hours,9,557,0
build,assembling-machine-2,fifty_hours,10,435,0
build,assembling-machine-2,fifty_hours,11,434,0
build,assembling-machine-2,fifty_hours,12,187,0
build,assembling-machine-2,fifty_hours,13,84,0
build,assembling-machine-2,fifty_hours,14,165,7
build,assembling-machine-2,fifty_hours,15,57,0
build,assembling-machine-3,ten_hours,32,1,0
build,assembling-machine-3,ten_hours,34,2,0
build,assembling-machine-3,ten_hours,35,29,0
build,assembling-machine-3,fifty_hours,6,3,0
build,assembling-machine-3,fifty_hours,7,29,0
build,lab,ten_hours,20,0,1
build,lab,ten_hours,44,2,0
build,lab,ten_hours,49,18,0
build,lab,ten_hours,55,8,0
build,lab,ten_hours,56,11,0
build,lab,ten_hours,57,14,0
build,lab,ten_hours,58,17,0
build,lab,ten_hours,59,25,0
build,lab,ten_hours,62,13,0
build,lab,ten_hours,65,13,0
build,lab,ten_hours,66,9,0
build,lab,ten_hours,67,15,0
build,lab,ten_hours,84,37,2
build,lab,ten_hours,94,3,0
build,lab,ten_hours,96,1,0
build,lab,fifty_hours,4,0,1
build,lab,fifty_hours,8,2,0
build,lab,fifty_hours,9,18,0
build,lab,fifty_hours,11,75,0
build,lab,fifty_hours,12,13,0
build,lab,fifty_hours,13,37,0
build,lab,fifty_hours,16,37,2
build,lab,fifty_hours,18,3,0
build,lab,fifty_hours,19,1,0
build,boiler,ten_hours,31,88,0
build,boiler,ten_hours,34,99,0
build,boiler,ten_hours,43,16,0
build,boiler,ten_hours,44,32,0
build,boiler,ten_hours,45,48,0
build,boiler,ten_hours,46,27,0
build,boiler,ten_hours,47,22,0
build,boiler,ten_hours,48,47,0
build,boiler,ten_hours,49,5,0
build,boiler,ten_hours,50,41,0
build,boiler,ten_hours,51,57,0
build,boiler,ten_hours,52,20,0
build,boiler,ten_hours,53,58,0
build,boiler,ten_hours,54,24,0
build,boiler,ten_hours,55,27,0
build,boiler,ten_hours,56,44,0
build,boiler,ten_hours,57,1,0
build,boiler,ten_hours,58,9,0
build,boiler,ten_hours,59,39,0
build,boiler,ten_hours,60,20,0
build,boiler,ten_hours,61,2,0
build,boiler,ten_hours,62,10,0
build,boiler,ten_hours,63,12,0
build,boiler,ten_hours,64,5,0
build,boiler,ten_hours,65,19,0
build,boiler,ten_hours,66,12,0
build,boiler,ten_hours,67,18,0
build,boiler,ten_hours,68,9,0
build,boiler,ten_hours,69,12,0
build,boiler,ten_hours,70,3,0
build,boiler,ten_hours,79,16,0
build,boiler,ten_hours,80,17,0
build,boiler,ten_hours,90,11,0
build,boiler,ten_hours,94,7,0
build,boiler,ten_hours,96,1,0
build,boiler,fifty_hours,6,187,0
build,boiler,fifty_hours,8,48,0
build,boiler,fifty_hours,9,149,0
build,boiler,fifty_hours,10,200,0
build,boiler,fifty_hours,11,120,0
build,boiler,fifty_hours,12,49,0
build,boiler,fifty_hours,13,70,0
build,boiler,fifty_hours,14,3,0
build,boiler,fifty_hours,15,16,0
build,boiler,fifty_hours,16,17,0
build,boiler,fifty_hours,18,18,0
build,boiler,fifty_hours,19,1,0
build,steam-engine,ten_hours,31,174,0
build,steam-engine,ten_hours,33,2,0
build,steam-engine,ten_hours,34,159,0
build,steam-engine,ten_hours,35,39,0
build,steam-engine,ten_hours,42,1,0
build,steam-engine,ten_hours,43,41,0
build,steam-engine,ten_hours,44,74,0
build,steam-engine,ten_hours,45,77,0
build,steam-engine,ten_hours,46,60,0
build,steam-engine,ten_hours,47,33,0
build,steam-engine,ten_hours,48,84,0
build,steam-engine,ten_hours,49,22,0
build,steam-engine,ten_hours,50,102,0
build,steam-engine,ten_hours,51,138,0
build,steam-engine,ten_hours,52,34,0
build,steam-engine,ten_hours,53,111,0
build,steam-engine,ten_hours,54,26,0
build,steam-engine,ten_hours,55,91,0
build,steam-engine,ten_hours,56,32,0
build,steam-engine,ten_hours,57,2,0
build,steam-engine,ten_hours,58,79,0
build,steam-engine,ten_hours,59,15,0
build,steam-engine,ten_hours,60,34,0
build,steam-engine,ten_hours,61,12,0
build,steam-engine,ten_hours,62,18,0
build,steam-engine,ten_hours,63,24,0
build,steam-engine,ten_hours,64,11,0
build,steam-engine,ten_hours,65,38,0
build,steam-engine,ten_hours,66,19,0
build,steam-engine,ten_hours,67,36,0
build,steam-engine,ten_hours,68,26,0
build,steam-engine,ten_hours,69,5,0
build,steam-engine,ten_hours,70,19,0
build,steam-engine,ten_hours,79,22,0
build,steam-engine,ten_hours,80,44,0
build,steam-engine,ten_hours,90,30,0
build,steam-engine,ten_hours,94,7,0
build,steam-engine,ten_hours,96,1,0
build,steam-engine,fifty_hours,6,335,0
build,steam-engine,fifty_hours,7,39,0
build,steam-engine,fifty_hours,8,116,0
build,steam-engine,fifty_hours,9,276,0
build,steam-engine,fifty_hours,10,411,0
build,steam-engine,fifty_hours,11,219,0
build,steam-engine,fifty_hours,12,99,0
build,steam-engine,fifty_hours,13,124,0
build,steam-engine,fifty_hours,14,19,0
build,steam-engine,fifty_hours,15,22,0
build,steam-engine,fifty_hours,16,44,0
build,steam-engine,fifty_hours,18,37,0
build,steam-engine,fifty_hours,19,1,0
build,offshore-pump,ten_hours,79,7,0
build,offshore-pump,ten_hours,80,1,0
build,offshore-pump,ten_hours,96,1,0
build,offshore-pump,fifty_hours,15,7,0
build,offshore-pump,fifty_hours,16,1,0
build,offshore-pump,fifty_hours,19,1,0
build,oil-refinery,ten_hours,42,6,0
build,oil-refinery,ten_hours,43,11,0
build,oil-refinery,ten_hours,44,8,0
build,oil-refinery,ten_hours,45,10,0
build,oil-refinery,ten_hours,46,6,0
build,oil-refinery,ten_hours,47,5,0
build,oil-refinery,ten_hours,48,7,0
build,oil-refinery,ten_hours,49,2,0
build,oil-refinery,ten_hours,50,8,0
build,oil-refinery,ten_hours,51,6,0
build,oil-refinery,ten_hours,52,20,0
build,oil-refinery,ten_hours,54,19,0
build,oil-refinery,ten_hours,56,5,0
build,oil-refinery,ten_hours,59,5,0
build,oil-refinery,ten_hours,60,1,0
build,oil-refinery,ten_hours,61,7,0
build,oil-refinery,ten_hours,62,8,0
build,oil-refinery,ten_hours,63,6,0
build,oil-refinery,ten_hours,65,4,0
build,oil-refinery,ten_hours,66,8,0
build,oil-refinery,ten_hours,67,4,0
build,oil-refinery,ten_hours,73,4,0
build,oil-refinery,ten_hours,75,13,0
build,oil-refinery,fifty_hours,8,25,0
build,oil-refinery,fifty_hours,9,30,0
build,oil-refinery,fifty_hours,10,53,0
build,oil-refinery,fifty_hours,11,10,0
build,oil-refinery,fifty_hours,12,22,0
build,oil-refinery,fifty_hours,13,16,0
build,oil-refinery,fifty_hours,14,4,0
build,oil-refinery,fifty_hours,15,13,0
build,chemical-plant,ten_hours,31,13,0
build,chemical-plant,ten_hours,35,16,0
build,chemical-plant,ten_hours,42,1,0
build,chemical-plant,ten_hours,43,10,0
build,chemical-plant,ten_hours,44,23,0
build,chemical-plant,ten_hours,45,23,0
build,chemical-plant,ten_hours,46,18,0
build,chemical-plant,ten_hours,47,31,0
build,chemical-plant,ten_hours,48,12,0
build,chemical-plant,ten_hours,49,21,0
build,chemical-plant,ten_hours,50,41,0
build,chemical-plant,ten_hours,51,22,0
build,chemical-plant,ten_hours,52,23,0
build,chemical-plant,ten_hours,53,14,0
build,chemical-plant,ten_hours,54,22,0
build,chemical-plant,ten_hours,55,4,0
build,chemical-plant,ten_hours,56,41,0
build,chemical-plant,ten_hours,57,1,0
build,chemical-plant,ten_hours,59,9,0
build,chemical-plant,ten_hours,61,14,0
build,chemical-plant,ten_hours,62,21,0
build,chemical-plant,ten_hours,63,9,0
build,chemical-plant,ten_hours,65,1,0
build,chemical-plant,ten_hours,66,12,0
build,chemical-plant,ten_hours,67,6,0
build,chemical-plant,ten_hours,68,1,0
build,chemical-plant,ten_hours,69,1,0
build,chemical-plant,ten_hours,70,1,0
build,chemical-plant,ten_hours,73,16,0
build,chemical-plant,ten_hours,75,5,0
build,chemical-plant,fifty_hours,6,13,0
build,chemical-plant,fifty_hours,7,16,0
build,chemical-plant,fifty_hours,8,34,0
build,chemical-plant,fifty_hours,9,105,0
build,chemical-plant,fifty_hours,10,122,0
build,chemical-plant,fifty_hours,11,55,0
build,chemical-plant,fifty_hours,12,44,0
build,chemical-plant,fifty_hours,13,21,0
build,chemical-plant,fifty_hours,14,17,0
build,chemical-plant,fifty_hours,15,5,0
build,pumpjack,ten_hours,50,14,0
build,pumpjack,ten_hours,76,15,3
build,pumpjack,fifty_hours,10,14,0
build,pumpjack,fifty_hours,15,15,3
build,transport-belt,ten_hours,18,20,0
build,transport-belt,ten_hours,19,1,0
build,transport-belt,ten_hours,20,1,0
build,transport-belt,ten_hours,31,7,0
build,transport-belt,ten_hours,32,6,0
build,transport-belt,ten_hours,34,12,0
build,transport-belt,ten_hours,35,20,0
build,transport-belt,ten_hours,39,54,0
build,transport-belt,ten_hours,43,120,0
build,transport-belt,ten_hours,44,533,0
build,transport-belt,ten_hours,45,882,0
build,transport-belt,ten_hours,46,723,0
build,transport-belt,ten_hours,47,269,0
build,transport-belt,ten_hours,48,856,6
build,transport-belt,ten_hours,49,838,0
build,transport-belt,ten_hours,50,108,0
build,transport-belt,ten_hours,51,1091,0
build,transport-belt,ten_hours,52,391,0
build,transport-belt,ten_hours,53,350,0
build,transport-belt,ten_hours,54,851,0
build,transport-belt,ten_hours,55,713,0
build,transport-belt,ten_hours,56,790,18
build,transport-belt,ten_hours,57,1000,0
build,transport-belt,ten_hours,58,779,1
build,transport-belt,ten_hours,59,889,0
build,transport-belt,ten_hours,60,173,0
build,transport-belt,ten_hours,61,636,12
build,transport-belt,ten_hours,62,850,0
build,transport-belt,ten_hours,63,834,26
build,transport-belt,ten_hours,64,1624,21
build,transport-belt,ten_hours,65,1028,32
build,transport-belt,ten_hours,66,1238,35
build,transport-belt,ten_hours,67,841,29
build,transport-belt,ten_hours,68,834,22
build,transport-belt,ten_hours,69,261,0
build,transport-belt,ten_hours,70,96,4
build,transport-belt,ten_hours,71,239,29
build,transport-belt,ten_hours,72,322,26
build,transport-belt,ten_hours,73,229,12
build,transport-belt,ten_hours,74,301,3
build,transport-belt,ten_hours,75,103,11
build,transport-belt,ten_hours,76,88,6
build,transport-belt,ten_hours,77,499,14
build,transport-belt,ten_hours,78,382,28
build,transport-belt,ten_hours,79,52,0
build,transport-belt,ten_hours,80,208,12
build,transport-belt,ten_hours,81,294,10
build,transport-belt,ten_hours,82,131,4
build,transport-belt,ten_hours,83,522,51
build,transport-belt,ten_hours,84,111,5
build,transport-belt,ten_hours,85,431,29
build,transport-belt,ten_hours,86,282,6
build,transport-belt,ten_hours,87,232,16
build,transport-belt,ten_hours,88,278,3
build,transport-belt,ten_hours,89,334,18
build,transport-belt,ten_hours,90,159,3
build,transport-belt,ten_hours,91,95,2
build,transport-belt,ten_hours,92,57,3
build,transport-belt,ten_hours,93,244,9
build,transport-belt,fifty_hours,3,21,0
build,transport-belt,fifty_hours,4,1,0
build,transport-belt,fifty_hours,6,25,0
build,transport-belt,fifty_hours,7,74,0
build,transport-belt,fifty_hours,8,653,0
build,transport-belt,fifty_hours,9,3568,6
build,transport-belt,fifty_hours,10,2791,0
build,transport-belt,fifty_hours,11,4171,19
build,transport-belt,fifty_hours,12,4117,59
build,transport-belt,fifty_hours,13,4202,118
build,transport-belt,fifty_hours,14,1187,74
build,transport-belt,fifty_hours,15,1124,59
build,transport-belt,fifty_hours,16,1266,82
build,transport-belt,fifty_hours,17,1557,72
build,transport-belt,fifty_hours,18,555,17
build,inserter,ten_hours,20,2,2
build,inserter,ten_hours,31,103,0
build,inserter,ten_hours,32,1,0
build,inserter,ten_hours,34,116,0
build,inserter,ten_hours,35,32,0
build,inserter,ten_hours,39,25,0
build,inserter,ten_hours,42,105,0
build,inserter,ten_hours,43,367,0
build,inserter,ten_hours,44,764,0
build,inserter,ten_hours,45,514,0
build,inserter,ten_hours,46,359,0
build,inserter,ten_hours,47,489,0
build,inserter,ten_hours,48,498,0
build,inserter,ten_hours,49,547,0
build,inserter,ten_hours,50,483,0
build,inserter,ten_hours,51,705,0
build,inserter,ten_hours,52,392,0
build,inserter,ten_hours,53,109,28
build,inserter,ten_hours,54,893,0
build,inserter,ten_hours,55,519,1
build,inserter,ten_hours,56,467,0
build,inserter,ten_hours,57,142,0
build,inserter,ten_hours,58,61,0
build,inserter,ten_hours,59,382,0
build,inserter,ten_hours,60,421,0
build,inserter,ten_hours,61,302,0
build,inserter,ten_hours,62,130,0
build,inserter,ten_hours,63,254,0
build,inserter,ten_hours,64,132,0
build,inserter,ten_hours,65,416,0
build,inserter,ten_hours,66,292,2
build,inserter,ten_hours,67,244,7
build,inserter,ten_hours,68,245,1
build,inserter,ten_hours,69,34,2
build,inserter,ten_hours,70,3,1
build,inserter,ten_hours,72,124,0
build,inserter,ten_hours,73,15,0
build,inserter,ten_hours,74,213,0
build,inserter,ten_hours,75,6,0
build,inserter,ten_hours,77,48,0
build,inserter,ten_hours,78,96,0
build,inserter,ten_hours,82,216,18
build,inserter,ten_hours,83,19,0
build,inserter,ten_hours,84,102,10
build,inserter,ten_hours,85,96,0
build,inserter,ten_hours,86,97,14
build,inserter,ten_hours,87,11,0
build,inserter,ten_hours,88,131,4
build,inserter,ten_hours,89,11,0
build,inserter,ten_hours,91,19,1
build,inserter,ten_hours,92,106,5
build,inserter,ten_hours,93,45,0
build,inserter,ten_hours,94,10,0
build,inserter,fifty_hours,4,2,2
build,inserter,fifty_hours,6,220,0
build,inserter,fifty_hours,7,57,0
build,inserter,fifty_hours,8,1236,0
build,inserter,fifty_hours,9,2407,0
build,inserter,fifty_hours,10,2582,28
build,inserter,fifty_hours,11,1571,1
build,inserter,fifty_hours,12,1239,0
build,inserter,fifty_hours,13,1231,12
build,inserter,fifty_hours,14,355,1
build,inserter,fifty_hours,15,150,0
build,inserter,fifty_hours,16,337,28
build,inserter,fifty_hours,17,346,18
build,inserter,fifty_hours,18,180,6
build,small-electric-pole,ten_hours,6,30,0
build,small-electric-pole,ten_hours,10,131,0
build,small-electric-pole,ten_hours,11,24,0
build,small-electric-pole,ten_hours,17,6,0
build,small-electric-pole,ten_hours,18,3,0
build,small-electric-pole,ten_hours,31,89,0
build,small-electric-pole,ten_hours,32,229,0
build,small-electric-pole,ten_hours,34,77,0
build,small-electric-pole,ten_hours,35,49,0
build,small-electric-pole,ten_hours,41,17,0
build,small-electric-pole,ten_hours,42,103,0
build,small-electric-pole,ten_hours,43,203,0
build,small-electric-pole,ten_hours,44,200,0
build,small-electric-pole,ten_hours,45,346,0
build,small-electric-pole,ten_hours,46,302,0
build,small-electric-pole,ten_hours,47,198,0
build,small-electric-pole,ten_hours,48,518,0
build,small-electric-pole,ten_hours,49,255,0
build,small-electric-pole,ten_hours,50,337,0
build,small-electric-pole,ten_hours,51,582,0
build,small-electric-pole,ten_hours,52,170,0
build,small-electric-pole,ten_hours,53,229,0
build,small-electric-pole,ten_hours,54,380,0
build,small-electric-pole,ten_hours,55,264,0
build,small-electric-pole,ten_hours,56,443,0
build,small-electric-pole,ten_hours,57,103,0
build,small-electric-pole,ten_hours,58,91,0
build,small-electric-pole,ten_hours,59,403,0
build,small-electric-pole,ten_hours,60,71,0
build,small-electric-pole,ten_hours,61,328,0
build,small-electric-pole,ten_hours,62,165,0
build,small-electric-pole,ten_hours,63,201,0
build,small-electric-pole,ten_hours,64,80,1
build,small-electric-pole,ten_hours,65,263,0
build,small-electric-pole,ten_hours,66,196,0
build,small-electric-pole,ten_hours,67,154,0
build,small-electric-pole,ten_hours,68,124,0
build,small-electric-pole,ten_hours,69,70,0
build,small-electric-pole,ten_hours,70,9,0
build,small-electric-pole,ten_hours,71,34,1
build,small-electric-pole,ten_hours,72,26,0
build,small-electric-pole,ten_hours,73,13,0
build,small-electric-pole,ten_hours,74,46,1
build,small-electric-pole,ten_hours,75,30,0
build,small-electric-pole,ten_hours,76,97,1
build,small-electric-pole,ten_hours,77,51,0
build,small-electric-pole,ten_hours,78,27,0
build,small-electric-pole,ten_hours,79,14,0
build,small-electric-pole,ten_hours,80,28,0
build,small-electric-pole,ten_hours,81,34,0
build,small-electric-pole,ten_hours,82,26,0
build,small-electric-pole,ten_hours,83,81,0
build,small-electric-pole,ten_hours,84,37,0
build,small-electric-pole,ten_hours,85,60,1
build,small-electric-pole,ten_hours,86,32,0
build,small-electric-pole,ten_hours,87,14,0
build,small-electric-pole,ten_hours,88,64,1
build,small-electric-pole,ten_hours,89,41,0
build,small-electric-pole,ten_hours,90,12,0
build,small-electric-pole,ten_hours,91,12,0
build,small-electric-pole,ten_hours,92,4,0
build,small-electric-pole,ten_hours,93,16,0
build,small-electric-pole,ten_hours,94,3,0
build,small-electric-pole,ten_hours,95,54,0
build,small-electric-pole,ten_hours,96,4,0
build,small-electric-pole,fifty_hours,1,30,0
build,small-electric-pole,fifty_hours,2,155,0
build,small-electric-pole,fifty_hours,3,9,0
build,small-electric-pole,fifty_hours,6,395,0
build,small-electric-pole,fifty_hours,7,49,0
build,small-electric-pole,fifty_hours,8,523,0
build,small-electric-pole,fifty_hours,9,1619,0
build,small-electric-pole,fifty_hours,10,1698,0
build,small-electric-pole,fifty_hours,11,1304,0
build,small-electric-pole,fifty_hours,12,845,1
build,small-electric-pole,fifty_hours,13,807,0
build,small-electric-pole,fifty_hours,14,128,2
build,small-electric-pole,fifty_hours,15,219,1
build,small-electric-pole,fifty_hours,16,206,0
build,small-electric-pole,fifty_hours,17,211,2
build,small-electric-pole,fifty_hours,18,47,0
build,small-electric-pole,fifty_hours,19,58,0
build,radar,ten_hours,42,2,0
build,radar,ten_hours,46,4,0
build,radar,ten_hours,48,8,0
build,radar,ten_hours,49,2,0
build,radar,ten_hours,50,4,0
build,radar,ten_hours,51,4,0
build,radar,ten_hours,52,1,0
build,radar,ten_hours,53,7,0
build,radar,ten_hours,54,5,0
build,radar,ten_hours,55,3,0
build,radar,ten_hours,56,4,0
build,radar,ten_hours,57,2,0
build,radar,ten_hours,58,1,0
build,radar,ten_hours,59,4,0
build,radar,ten_hours,60,1,0
build,radar,ten_hours,62,2,0
build,radar,ten_hours,63,1,0
build,radar,ten_hours,64,1,0
build,radar,ten_hours,65,1,0
build,radar,ten_hours,68,2,0
build,radar,ten_hours,69,2,0
build,radar,fifty_hours,8,2,0
build,radar,fifty_hours,9,14,0
build,radar,fifty_hours,10,21,0
build,radar,fifty_hours,11,14,0
build,radar,fifty_hours,12,5,0
build,radar,fifty_hours,13,5,0
build,beacon,ten_hours,6,42,0
build,beacon,ten_hours,7,41,30
build,beacon,ten_hours,8,22,47
build,beacon,ten_hours,9,20,0
build,beacon,ten_hours,10,119,0
build,beacon,ten_hours,15,7,0
build,beacon,ten_hours,16,24,0
build,beacon,ten_hours,17,20,0
build,beacon,ten_hours,18,19,0
build,beacon,ten_hours,19,23,0
build,beacon,ten_hours,20,206,0
build,beacon,ten_hours,31,6,0
build,beacon,ten_hours,35,27,0
build,beacon,ten_hours,38,14,0
build,beacon,ten_hours,39,26,0
build,beacon,ten_hours,44,19,0
build,beacon,ten_hours,45,8,0
build,beacon,ten_hours,46,3,0
build,beacon,ten_hours,47,2,0
build,beacon,fifty_hours,1,125,77
build,beacon,fifty_hours,2,119,0
build,beacon,fifty_hours,3,93,0
build,beacon,fifty_hours,4,206,0
build,beacon,fifty_hours,6,6,0
build,beacon,fifty_hours,7,67,0
build,beacon,fifty_hours,8,19,0
build,beacon,fifty_hours,9,13,0
