#tick=1440948,surfaces=10,speed=1
kind,name,precision,sample,input,output
item,iron-plate,ten_hours,1,33155,31547
item,iron-plate,ten_hours,2,32849,31602
item,iron-plate,ten_hours,3,32372,31048
item,iron-plate,ten_hours,4,32155,30261
item,iron-plate,ten_hours,5,32741,30207
item,iron-plate,ten_hours,6,33136,30642
item,iron-plate,ten_hours,7,31374,31288
item,iron-plate,ten_hours,8,32143,31313
item,iron-plate,ten_hours,9,33100,32283
item,iron-plate,ten_hours,10,32911,32626
item,iron-plate,ten_hours,11,32743,32691
item,iron-plate,ten_hours,12,32669,32750
item,iron-plate,ten_hours,13,32561,32658
item,iron-plate,ten_hours,14,32420,32318
item,iron-plate,ten_hours,15,32440,32319
item,iron-plate,ten_hours,16,32395,32456
item,iron-plate,ten_hours,17,32328,32217
item,iron-plate,ten_hours,18,32298,31897
item,iron-plate,ten_hours,19,32411,31890
item,iron-plate,ten_hours,20,32458,31962
item,iron-plate,ten_hours,21,32542,31907
item,iron-plate,ten_hours,22,32914,31928
item,iron-plate,ten_hours,23,33284,32043
item,iron-plate,ten_hours,24,33489,32453
item,iron-plate,ten_hours,25,33571,32415
item,iron-plate,ten_hours,26,33570,32430
item,iron-plate,ten_hours,27,33591,32400
item,iron-plate,ten_hours,28,33598,32439
item,iron-plate,ten_hours,29,33592,32395
item,iron-plate,ten_hours,30,33570,32440
item,iron-plate,ten_hours,31,33627,32305
item,iron-plate,ten_hours,32,33447,32503
item,iron-plate,ten_hours,33,33337,32497
item,iron-plate,ten_hours,34,33342,32784
item,iron-plate,ten_hours,35,33464,32842
item,iron-plate,ten_hours,36,33629,33113
item,iron-plate,ten_hours,37,33754,33150
item,iron-plate,ten_hours,38,33764,33332
item,iron-plate,ten_hours,39,33786,33205
item,iron-plate,ten_hours,40,33762,32437
item,iron-plate,ten_hours,41,33908,32348
item,iron-plate,ten_hours,42,34079,32424
item,iron-plate,ten_hours,43,34323,32344
item,iron-plate,ten_hours,44,34388,32379
item,iron-plate,ten_hours,45,34449,32447
item,iron-plate,ten_hours,46,34504,32486
item,iron-plate,ten_hours,47,34524,32581
item,iron-plate,ten_hours,48,34526,32694
item,iron-plate,ten_hours,49,34524,32967
item,iron-plate,ten_hours,50,34516,32818
item,iron-plate,ten_hours,51,34523,32621
item,iron-plate,ten_hours,52,34509,32422
item,iron-plate,ten_hours,53,34708,32465
item,iron-plate,ten_hours,54,34909,32577
item,iron-plate,ten_hours,55,35021,32790
item,iron-plate,ten_hours,56,35234,33089
item,iron-plate,ten_hours,57,35274,33057
item,iron-plate,ten_hours,58,35290,33549
item,iron-plate,ten_hours,59,35280,33576
item,iron-plate,ten_hours,60,35290,33411
item,iron-plate,ten_hours,61,35297,33461
item,iron-plate,ten_hours,62,35300,33673
item,iron-plate,ten_hours,63,35266,33618
item,iron-plate,ten_hours,64,35203,33668
item,iron-plate,ten_hours,65,35144,33773
item,iron-plate,ten_hours,66,35052,34126
item,iron-plate,ten_hours,67,34772,34276
item,iron-plate,ten_hours,68,34544,34296
item,iron-plate,ten_hours,69,34046,33260
item,iron-plate,ten_hours,70,33769,33178
item,iron-plate,ten_hours,71,34107,32898
item,iron-plate,ten_hours,72,34714,32895
item,iron-plate,ten_hours,73,34966,33234
item,iron-plate,ten_hours,74,34979,33333
item,iron-plate,ten_hours,75,35062,33591
item,iron-plate,ten_hours,76,35112,33919
item,iron-plate,ten_hours,77,35116,33850
item,iron-plate,ten_hours,78,35204,33720
item,iron-plate,ten_hours,79,35246,33659
item,iron-plate,ten_hours,80,35328,33682
item,iron-plate,ten_hours,81,35301,33865
item,iron-plate,ten_hours,82,35222,33402
item,iron-plate,ten_hours,83,35282,33637
item,iron-plate,ten_hours,84,35324,33899
item,iron-plate,ten_hours,85,35336,33873
item,iron-plate,ten_hours,86,35481,33985
item,iron-plate,ten_hours,87,35516,33971
item,iron-plate,ten_hours,88,35659,34332
item,iron-plate,ten_hours,89,35884,34463
item,iron-plate,ten_hours,90,36026,34645
item,iron-plate,ten_hours,91,36063,34875
item,iron-plate,ten_hours,92,36094,34955
item,iron-plate,ten_hours,93,36060,35315
item,iron-plate,ten_hours,94,35844,34892
item,iron-plate,ten_hours,95,35779,34665
item,iron-plate,ten_hours,96,35781,34820
item,iron-plate,ten_hours,97,35795,34634
item,iron-plate,ten_hours,98,35776,34864
item,iron-plate,ten_hours,99,35788,34606
item,iron-plate,ten_hours,100,35772,34695
item,iron-plate,ten_hours,101,35757,34814
item,iron-plate,ten_hours,102,35647,34564
item,iron-plate,ten_hours,103,35676,34651
item,iron-plate,ten_hours,104,35680,34747
item,iron-plate,ten_hours,105,35708,34937
item,iron-plate,ten_hours,106,35745,34880
item,iron-plate,ten_hours,107,35793,34942
item,iron-plate,ten_hours,108,35732,34962
item,iron-plate,ten_hours,109,35692,35028
item,iron-plate,ten_hours,110,35713,35577
item,iron-plate,ten_hours,111,35722,35807
item,iron-plate,ten_hours,112,35304,36735
item,iron-plate,ten_hours,113,35276,34959
item,iron-plate,ten_hours,114,35673,33802
item,iron-plate,ten_hours,115,35752,34798
item,iron-plate,ten_hours,116,35769,34940
item,iron-plate,ten_hours,117,35689,34932
item,iron-plate,ten_hours,118,35820,34500
item,iron-plate,ten_hours,119,35854,34661
item,iron-plate,ten_hours,120,36023,34949
item,iron-plate,ten_hours,121,36018,34892
item,iron-plate,ten_hours,122,35897,34763
item,iron-plate,ten_hours,123,34544,33495
item,iron-plate,ten_hours,124,33997,32919
item,iron-plate,ten_hours,125,32760,32598
item,iron-plate,ten_hours,126,32560,32643
item,iron-plate,ten_hours,127,32336,31761
item,iron-plate,ten_hours,128,32331,32460
item,iron-plate,ten_hours,129,32331,32135
item,iron-plate,ten_hours,130,32325,31078
item,iron-plate,ten_hours,131,32316,31546
item,iron-plate,ten_hours,132,32340,31966
item,iron-plate,ten_hours,133,32319,31383
item,iron-plate,ten_hours,134,32295,31642
item,iron-plate,ten_hours,135,32302,31667
item,iron-plate,ten_hours,136,32340,31672
item,iron-plate,ten_hours,137,32523,32207
item,iron-plate,ten_hours,138,32474,32798
item,iron-plate,ten_hours,139,32434,33610
item,iron-plate,ten_hours,140,32171,33806
item,iron-plate,ten_hours,141,31263,31029
item,iron-plate,ten_hours,142,30575,29443
item,iron-plate,ten_hours,143,28564,28195
item,iron-plate,ten_hours,144,26361,26593
item,iron-plate,ten_hours,145,25869,26931
item,iron-plate,ten_hours,146,25405,26661
item,iron-plate,ten_hours,147,24691,26933
item,iron-plate,ten_hours,148,23185,25731
item,iron-plate,ten_hours,149,21091,22288
item,iron-plate,ten_hours,150,25964,18959
item,iron-plate,ten_hours,151,23094,15851
item,iron-plate,ten_hours,152,15643,15100
item,iron-plate,ten_hours,153,15675,15412
item,iron-plate,ten_hours,154,15683,14998
item,iron-plate,ten_hours,155,15716,14619
item,iron-plate,ten_hours,156,15740,14468
item,iron-plate,ten_hours,157,13607,11900
item,iron-plate,ten_hours,158,10355,10878
item,iron-plate,ten_hours,159,10350,10846
item,iron-plate,ten_hours,160,10350,10511
item,iron-plate,ten_hours,161,10350,10472
item,iron-plate,ten_hours,162,10350,10126
item,iron-plate,ten_hours,163,10350,9529
item,iron-plate,ten_hours,164,10350,9457
item,iron-plate,ten_hours,165,10350,10074
item,iron-plate,ten_hours,166,10350,10646
item,iron-plate,ten_hours,167,10312,10110
item,iron-plate,ten_hours,168,10206,9377
item,iron-plate,ten_hours,169,10196,9896
item,iron-plate,ten_hours,170,10205,8841
item,iron-plate,ten_hours,171,10205,9428
item,iron-plate,ten_hours,172,10187,9114
item,iron-plate,ten_hours,173,10142,9116
item,iron-plate,ten_hours,174,10204,9239
item,iron-plate,ten_hours,175,9432,9334
item,iron-plate,ten_hours,176,9973,8437
item,iron-plate,ten_hours,177,9191,8371
item,iron-plate,ten_hours,178,9423,8038
item,iron-plate,ten_hours,179,8702,7660
item,iron-plate,ten_hours,180,5793,5631
item,iron-plate,ten_hours,181,5542,5975
item,iron-plate,ten_hours,182,5219,5862
item,iron-plate,ten_hours,183,4747,4688
item,iron-plate,ten_hours,184,3973,4492
item,iron-plate,ten_hours,185,3551,4764
item,iron-plate,ten_hours,186,3451,3955
item,iron-plate,ten_hours,187,3421,2955
item,iron-plate,ten_hours,188,3458,2728
item,iron-plate,ten_hours,189,3122,2891
item,iron-plate,ten_hours,190,3089,2261
item,iron-plate,ten_hours,191,2849,2026
item,iron-plate,ten_hours,192,2278,1597
item,iron-plate,ten_hours,193,1679,1445
item,iron-plate,ten_hours,194,1374,980
item,iron-plate,ten_hours,195,781,1038
item,iron-plate,ten_hours,196,780,815
item,iron-plate,ten_hours,197,606,134
item,iron-plate,ten_hours,198,522,260
item,iron-plate,ten_hours,199,226,193
item,iron-plate,ten_hours,200,57,18
item,iron-plate,fifty_hours,1,163272,154665
item,iron-plate,fifty_hours,2,162664,158152
item,iron-plate,fifty_hours,3,162833,162736
item,iron-plate,fifty_hours,4,161890,160422
item,iron-plate,fifty_hours,5,165800,160746
item,iron-plate,fifty_hours,6,167921,162104
item,iron-plate,fifty_hours,7,167217,162931
item,iron-plate,fifty_hours,8,168695,165237
item,iron-plate,fifty_hours,9,171147,161942
item,iron-plate,fifty_hours,10,172594,163546
item,iron-plate,fifty_hours,11,173670,162875
item,iron-plate,fifty_hours,12,176368,166682
item,iron-plate,fifty_hours,13,176210,168193
item,iron-plate,fifty_hours,14,172183,169136
item,iron-plate,fifty_hours,15,173828,165951
item,iron-plate,fifty_hours,16,176006,168830
item,iron-plate,fifty_hours,17,176465,168676
item,iron-plate,fifty_hours,18,178566,171396
item,iron-plate,fifty_hours,19,179840,174702
item,iron-plate,fifty_hours,20,178912,173619
item,iron-plate,fifty_hours,21,178468,173713
item,iron-plate,fifty_hours,22,178675,175389
item,iron-plate,fifty_hours,23,177727,176101
item,iron-plate,fifty_hours,24,179155,173982
item,iron-plate,fifty_hours,25,173216,168667
item,iron-plate,fifty_hours,26,161883,160077
item,iron-plate,fifty_hours,27,161572,158204
item,iron-plate,fifty_hours,28,161942,164093
item,iron-plate,fifty_hours,29,142632,142191
item,iron-plate,fifty_hours,30,120336,120572
item,iron-plate,fifty_hours,31,85811,75980
item,iron-plate,fifty_hours,32,60402,58603
item,iron-plate,fifty_hours,33,51750,49658
item,iron-plate,fifty_hours,34,51269,48870
item,iron-plate,fifty_hours,35,50170,46231
item,iron-plate,fifty_hours,36,43082,38137
item,iron-plate,fifty_hours,37,23032,25781
item,iron-plate,fifty_hours,38,16541,14790
item,iron-plate,fifty_hours,39,8961,7086
item,iron-plate,fifty_hours,40,2191,1420
item,copper-plate,ten_hours,1,30597,30672
item,copper-plate,ten_hours,2,30102,30813
item,copper-plate,ten_hours,3,29064,29802
item,copper-plate,ten_hours,4,28093,27799
item,copper-plate,ten_hours,5,28801,27074
item,copper-plate,ten_hours,6,29808,27161
item,copper-plate,ten_hours,7,29573,29215
item,copper-plate,ten_hours,8,30409,27921
item,copper-plate,ten_hours,9,31168,29204
item,copper-plate,ten_hours,10,31628,30433
item,copper-plate,ten_hours,11,31817,30607
item,copper-plate,ten_hours,12,31922,30983
item,copper-plate,ten_hours,13,31921,30901
item,copper-plate,ten_hours,14,31963,31002
item,copper-plate,ten_hours,15,31998,31080
item,copper-plate,ten_hours,16,31974,30993
item,copper-plate,ten_hours,17,32000,31021
item,copper-plate,ten_hours,18,31986,30877
item,copper-plate,ten_hours,19,31974,30932
item,copper-plate,ten_hours,20,31962,31019
item,copper-plate,ten_hours,21,31958,30855
item,copper-plate,ten_hours,22,31976,30972
item,copper-plate,ten_hours,23,31945,30832
item,copper-plate,ten_hours,24,31887,30876
item,copper-plate,ten_hours,25,31885,30880
item,copper-plate,ten_hours,26,31867,30776
item,copper-plate,ten_hours,27,31869,30838
item,copper-plate,ten_hours,28,31867,30779
item,copper-plate,ten_hours,29,31873,31312
item,copper-plate,ten_hours,30,31867,31875
item,copper-plate,ten_hours,31,31750,31720
item,copper-plate,ten_hours,32,31856,32155
item,copper-plate,ten_hours,33,31820,31995
item,copper-plate,ten_hours,34,31880,32456
item,copper-plate,ten_hours,35,31888,32536
item,copper-plate,ten_hours,36,31874,32362
item,copper-plate,ten_hours,37,31826,32423
item,copper-plate,ten_hours,38,31822,32643
item,copper-plate,ten_hours,39,31767,32793
item,copper-plate,ten_hours,40,31732,32399
item,copper-plate,ten_hours,41,31711,31370
item,copper-plate,ten_hours,42,31807,31008
item,copper-plate,ten_hours,43,31818,30969
item,copper-plate,ten_hours,44,31798,30892
item,copper-plate,ten_hours,45,31825,30981
item,copper-plate,ten_hours,46,31811,30860
item,copper-plate,ten_hours,47,31808,30971
item,copper-plate,ten_hours,48,31832,31045
item,copper-plate,ten_hours,49,31810,30974
item,copper-plate,ten_hours,50,31847,31023
item,copper-plate,ten_hours,51,31907,30969
item,copper-plate,ten_hours,52,31900,31054
item,copper-plate,ten_hours,53,31892,31041
item,copper-plate,ten_hours,54,31913,31038
item,copper-plate,ten_hours,55,31865,31136
item,copper-plate,ten_hours,56,31896,31360
item,copper-plate,ten_hours,57,31901,31875
item,copper-plate,ten_hours,58,31885,31954
item,copper-plate,ten_hours,59,31872,31849
item,copper-plate,ten_hours,60,31848,31917
item,copper-plate,ten_hours,61,31847,31819
item,copper-plate,ten_hours,62,31822,31923
item,copper-plate,ten_hours,63,31809,31815
item,copper-plate,ten_hours,64,31669,31863
item,copper-plate,ten_hours,65,31501,31898
item,copper-plate,ten_hours,66,31239,31966
item,copper-plate,ten_hours,67,30361,32400
item,copper-plate,ten_hours,68,29683,31010
item,copper-plate,ten_hours,69,28928,28906
item,copper-plate,ten_hours,70,29022,29010
item,copper-plate,ten_hours,71,28986,29081
item,copper-plate,ten_hours,72,28966,29214
item,copper-plate,ten_hours,73,28980,29165
item,copper-plate,ten_hours,74,28926,28891
item,copper-plate,ten_hours,75,28982,29804
item,copper-plate,ten_hours,76,29027,30333
item,copper-plate,ten_hours,77,29040,29782
item,copper-plate,ten_hours,78,29059,30459
item,copper-plate,ten_hours,79,29010,29020
item,copper-plate,ten_hours,80,28990,29172
item,copper-plate,ten_hours,81,28804,29000
item,copper-plate,ten_hours,82,28597,28524
item,copper-plate,ten_hours,83,28758,28476
item,copper-plate,ten_hours,84,29194,28075
item,copper-plate,ten_hours,85,29711,29845
item,copper-plate,ten_hours,86,30286,30133
item,copper-plate,ten_hours,87,30632,29605
item,copper-plate,ten_hours,88,31129,30080
item,copper-plate,ten_hours,89,31349,30326
item,copper-plate,ten_hours,90,31594,30942
item,copper-plate,ten_hours,91,31602,31119
item,copper-plate,ten_hours,92,31671,31315
item,copper-plate,ten_hours,93,31512,31704
item,copper-plate,ten_hours,94,31205,31179
item,copper-plate,ten_hours,95,31251,31061
item,copper-plate,ten_hours,96,31238,30780
item,copper-plate,ten_hours,97,31229,30978
item,copper-plate,ten_hours,98,31205,31114
item,copper-plate,ten_hours,99,31151,31060
item,copper-plate,ten_hours,100,31001,31080
item,copper-plate,ten_hours,101,31079,31082
item,copper-plate,ten_hours,102,31010,30926
item,copper-plate,ten_hours,103,30994,30947
item,copper-plate,ten_hours,104,31005,30908
item,copper-plate,ten_hours,105,31020,31165
item,copper-plate,ten_hours,106,31089,30955
item,copper-plate,ten_hours,107,31117,31257
item,copper-plate,ten_hours,108,31015,31259
item,copper-plate,ten_hours,109,30948,31447
item,copper-plate,ten_hours,110,30622,32572
item,copper-plate,ten_hours,111,30109,32764
item,copper-plate,ten_hours,112,28953,33092
item,copper-plate,ten_hours,113,29453,27740
item,copper-plate,ten_hours,114,30596,28332
item,copper-plate,ten_hours,115,31054,31345
item,copper-plate,ten_hours,116,30950,31373
item,copper-plate,ten_hours,117,30964,31109
item,copper-plate,ten_hours,118,30876,31124
item,copper-plate,ten_hours,119,30950,30966
item,copper-plate,ten_hours,120,30780,31457
item,copper-plate,ten_hours,121,30602,31609
item,copper-plate,ten_hours,122,31075,30873
item,copper-plate,ten_hours,123,30614,29574
item,copper-plate,ten_hours,124,28586,26725
item,copper-plate,ten_hours,125,27264,24883
item,copper-plate,ten_hours,126,23266,23539
item,copper-plate,ten_hours,127,22585,22884
item,copper-plate,ten_hours,128,22538,23023
item,copper-plate,ten_hours,129,22567,22746
item,copper-plate,ten_hours,130,22548,22895
item,copper-plate,ten_hours,131,22558,22752
item,copper-plate,ten_hours,132,22547,22365
item,copper-plate,ten_hours,133,22551,22604
item,copper-plate,ten_hours,134,22563,22418
item,copper-plate,ten_hours,135,22557,22563
item,copper-plate,ten_hours,136,22472,22687
item,copper-plate,ten_hours,137,22308,22509
item,copper-plate,ten_hours,138,22102,22933
item,copper-plate,ten_hours,139,21471,23522
item,copper-plate,ten_hours,140,20465,23265
item,copper-plate,ten_hours,141,19101,17128
item,copper-plate,ten_hours,142,18203,11509
item,copper-plate,ten_hours,143,15367,8209
item,copper-plate,ten_hours,144,8948,6107
item,copper-plate,ten_hours,145,7730,7144
item,copper-plate,ten_hours,146,7729,7142
item,copper-plate,ten_hours,147,7733,7150
item,copper-plate,ten_hours,148,7724,7122
item,copper-plate,ten_hours,149,7673,7107
item,copper-plate,ten_hours,150,7637,7137
item,copper-plate,ten_hours,151,7550,7140
item,copper-plate,ten_hours,152,7435,7131
item,copper-plate,ten_hours,153,7253,7205
item,copper-plate,ten_hours,154,6759,6850
item,copper-plate,ten_hours,155,6052,5588
item,copper-plate,ten_hours,156,7597,4973
item,copper-plate,ten_hours,157,8108,4372
item,copper-plate,ten_hours,158,4026,3804
item,copper-plate,ten_hours,159,3800,3844
item,copper-plate,ten_hours,160,3788,3853
item,copper-plate,ten_hours,161,3763,3870
item,copper-plate,ten_hours,162,3695,3856
item,copper-plate,ten_hours,163,3629,3661
item,copper-plate,ten_hours,164,3545,3654
item,copper-plate,ten_hours,165,3446,3746
item,copper-plate,ten_hours,166,3028,3633
item,copper-plate,ten_hours,167,2755,2688
item,copper-plate,ten_hours,168,3756,1734
item,copper-plate,ten_hours,169,2916,1560
item,copper-plate,ten_hours,170,1725,1660
item,copper-plate,ten_hours,171,1719,1591
item,copper-plate,ten_hours,172,1716,1476
item,copper-plate,ten_hours,173,1721,1476
item,copper-plate,ten_hours,174,1719,1476
item,copper-plate,ten_hours,175,1605,1476
item,copper-plate,ten_hours,176,1499,1476
item,copper-plate,ten_hours,177,1500,1478
item,copper-plate,ten_hours,178,1271,1169
item,copper-plate,ten_hours,179,779,784
item,copper-plate,ten_hours,180,778,779
item,copper-plate,ten_hours,181,779,777
item,copper-plate,ten_hours,182,780,786
item,copper-plate,ten_hours,183,767,822
item,copper-plate,ten_hours,184,771,877
item,copper-plate,ten_hours,185,835,862
item,copper-plate,ten_hours,186,844,798
item,copper-plate,ten_hours,187,898,775
item,copper-plate,ten_hours,188,901,706
item,copper-plate,ten_hours,189,893,663
item,copper-plate,ten_hours,190,284,230
item,copper-plate,ten_hours,191,325,338
item,copper-plate,ten_hours,192,330,365
item,copper-plate,ten_hours,193,330,490
item,copper-plate,ten_hours,194,324,227
item,copper-plate,ten_hours,195,330,240
item,copper-plate,ten_hours,196,275,282
item,copper-plate,ten_hours,197,180,43
item,copper-plate,ten_hours,198,180,20
item,copper-plate,fifty_hours,1,146657,146160
item,copper-plate,fifty_hours,2,152586,143934
item,copper-plate,fifty_hours,3,159621,154573
item,copper-plate,fifty_hours,4,159896,154842
item,copper-plate,fifty_hours,5,159651,154415
item,copper-plate,fifty_hours,6,159343,155580
item,copper-plate,fifty_hours,7,159194,160862
item,copper-plate,fifty_hours,8,159021,162620
item,copper-plate,fifty_hours,9,158959,155220
item,copper-plate,fifty_hours,10,159108,154873
item,copper-plate,fifty_hours,11,159477,155238
item,copper-plate,fifty_hours,12,159402,158955
item,copper-plate,fifty_hours,13,158648,159318
item,copper-plate,fifty_hours,14,149233,153292
item,copper-plate,fifty_hours,15,144840,146155
item,copper-plate,fifty_hours,16,145126,148766
item,copper-plate,fifty_hours,17,145064,143920
item,copper-plate,fifty_hours,18,154990,151086
item,copper-plate,fifty_hours,19,157241,156378
item,copper-plate,fifty_hours,20,155824,155012
item,copper-plate,fifty_hours,21,155108,155028
item,copper-plate,fifty_hours,22,154791,157490
item,copper-plate,fifty_hours,23,150165,153273
item,copper-plate,fifty_hours,24,154520,156029
item,copper-plate,fifty_hours,25,148141,143664
item,copper-plate,fifty_hours,26,113504,115087
item,copper-plate,fifty_hours,27,112776,112702
item,copper-plate,fifty_hours,28,108818,114916
item,copper-plate,fifty_hours,29,69349,50097
item,copper-plate,fifty_hours,30,38496,35658
item,copper-plate,fifty_hours,31,35049,33914
item,copper-plate,fifty_hours,32,27319,20846
item,copper-plate,fifty_hours,33,18078,18787
item,copper-plate,fifty_hours,34,14180,11275
item,copper-plate,fifty_hours,35,8480,7495
item,copper-plate,fifty_hours,36,5827,5686
item,copper-plate,fifty_hours,37,3932,4124
item,copper-plate,fifty_hours,38,3820,3172
item,copper-plate,fifty_hours,39,1639,1660
item,copper-plate,fifty_hours,40,635,345
item,steel-plate,ten_hours,1,2850,2081
item,steel-plate,ten_hours,2,2854,2114
item,steel-plate,ten_hours,3,2855,2196
item,steel-plate,ten_hours,4,2854,1441
item,steel-plate,ten_hours,5,2853,1138
item,steel-plate,ten_hours,6,2788,1142
item,steel-plate,ten_hours,7,2750,1412
item,steel-plate,ten_hours,8,2839,1705
item,steel-plate,ten_hours,9,2865,1534
item,steel-plate,ten_hours,10,2865,1051
item,steel-plate,ten_hours,11,2865,1163
item,steel-plate,ten_hours,12,2865,1510
item,steel-plate,ten_hours,13,2865,2256
item,steel-plate,ten_hours,14,2864,2223
item,steel-plate,ten_hours,15,2866,2129
item,steel-plate,ten_hours,16,2865,2137
item,steel-plate,ten_hours,17,2864,2124
item,steel-plate,ten_hours,18,2874,2070
item,steel-plate,ten_hours,19,2878,2110
item,steel-plate,ten_hours,20,2879,2082
item,steel-plate,ten_hours,21,2877,2134
item,steel-plate,ten_hours,22,2878,2042
item,steel-plate,ten_hours,23,2882,2208
item,steel-plate,ten_hours,24,2902,1790
item,steel-plate,ten_hours,25,2903,1684
item,steel-plate,ten_hours,26,2906,1638
item,steel-plate,ten_hours,27,2904,1668
item,steel-plate,ten_hours,28,2905,1640
item,steel-plate,ten_hours,29,2903,1865
item,steel-plate,ten_hours,30,2889,2152
item,steel-plate,ten_hours,31,2902,2220
item,steel-plate,ten_hours,32,2899,2248
item,steel-plate,ten_hours,33,2908,2181
item,steel-plate,ten_hours,34,2930,2329
item,steel-plate,ten_hours,35,2939,2358
item,steel-plate,ten_hours,36,2944,2315
item,steel-plate,ten_hours,37,2945,2350
item,steel-plate,ten_hours,38,2944,2449
item,steel-plate,ten_hours,39,2939,2631
item,steel-plate,ten_hours,40,2927,2689
item,steel-plate,ten_hours,41,2942,2655
item,steel-plate,ten_hours,42,2941,2376
item,steel-plate,ten_hours,43,2945,2046
item,steel-plate,ten_hours,44,2943,1937
item,steel-plate,ten_hours,45,2949,2001
item,steel-plate,ten_hours,46,2957,2050
item,steel-plate,ten_hours,47,2957,2255
item,steel-plate,ten_hours,48,2955,2553
item,steel-plate,ten_hours,49,2960,2280
item,steel-plate,ten_hours,50,2966,1634
item,steel-plate,ten_hours,51,2965,1085
item,steel-plate,ten_hours,52,2966,1295
item,steel-plate,ten_hours,53,2965,1798
item,steel-plate,ten_hours,54,2967,1885
item,steel-plate,ten_hours,55,2966,1977
item,steel-plate,ten_hours,56,2977,2111
item,steel-plate,ten_hours,57,2979,2505
item,steel-plate,ten_hours,58,2979,2611
item,steel-plate,ten_hours,59,2980,2567
item,steel-plate,ten_hours,60,2979,2437
item,steel-plate,ten_hours,61,2979,2461
item,steel-plate,ten_hours,62,2977,2525
item,steel-plate,ten_hours,63,2980,2504
item,steel-plate,ten_hours,64,2988,2559
item,steel-plate,ten_hours,65,2992,2548
item,steel-plate,ten_hours,66,2997,2607
item,steel-plate,ten_hours,67,3005,2540
item,steel-plate,ten_hours,68,3006,2222
item,steel-plate,ten_hours,69,3005,2388
item,steel-plate,ten_hours,70,3023,2571
item,steel-plate,ten_hours,71,3032,2597
item,steel-plate,ten_hours,72,3031,2525
item,steel-plate,ten_hours,73,3031,2878
item,steel-plate,ten_hours,74,3039,2908
item,steel-plate,ten_hours,75,3053,3230
item,steel-plate,ten_hours,76,3058,3413
item,steel-plate,ten_hours,77,3072,3783
item,steel-plate,ten_hours,78,3085,4289
item,steel-plate,ten_hours,79,3105,2790
item,steel-plate,ten_hours,80,3111,2819
item,steel-plate,ten_hours,81,3119,2814
item,steel-plate,ten_hours,82,3123,2622
item,steel-plate,ten_hours,83,3126,2643
item,steel-plate,ten_hours,84,3122,2527
item,steel-plate,ten_hours,85,3126,2949
item,steel-plate,ten_hours,86,3123,3786
item,steel-plate,ten_hours,87,3135,3855
item,steel-plate,ten_hours,88,3151,2856
item,steel-plate,ten_hours,89,3179,3100
item,steel-plate,ten_hours,90,3180,3093
item,steel-plate,ten_hours,91,3180,3100
item,steel-plate,ten_hours,92,3180,3151
item,steel-plate,ten_hours,93,3180,3152
item,steel-plate,ten_hours,94,3180,3317
item,steel-plate,ten_hours,95,3180,2818
item,steel-plate,ten_hours,96,3180,3852
item,steel-plate,ten_hours,97,3180,5862
item,steel-plate,ten_hours,98,3180,3073
item,steel-plate,ten_hours,99,3180,3014
item,steel-plate,ten_hours,100,3180,2921
item,steel-plate,ten_hours,101,3180,3025
item,steel-plate,ten_hours,102,3180,3012
item,steel-plate,ten_hours,103,3180,3109
item,steel-plate,ten_hours,104,3180,3234
item,steel-plate,ten_hours,105,3180,3260
item,steel-plate,ten_hours,106,3180,3267
item,steel-plate,ten_hours,107,3180,3471
item,steel-plate,ten_hours,108,3180,3580
item,steel-plate,ten_hours,109,3180,3663
item,steel-plate,ten_hours,110,3180,3770
item,steel-plate,ten_hours,111,3180,3866
item,steel-plate,ten_hours,112,3180,3885
item,steel-plate,ten_hours,113,3180,3544
item,steel-plate,ten_hours,114,3180,3584
item,steel-plate,ten_hours,115,3180,3608
item,steel-plate,ten_hours,116,3180,3645
item,steel-plate,ten_hours,117,3180,3526
item,steel-plate,ten_hours,118,3180,3350
item,steel-plate,ten_hours,119,3180,3788
item,steel-plate,ten_hours,120,3180,4087
item,steel-plate,ten_hours,121,3180,3510
item,steel-plate,ten_hours,122,3180,3482
item,steel-plate,ten_hours,123,3180,3528
item,steel-plate,ten_hours,124,3180,3524
item,steel-plate,ten_hours,125,3180,3324
item,steel-plate,ten_hours,126,3180,3386
item,steel-plate,ten_hours,127,3180,3588
item,steel-plate,ten_hours,128,3180,3629
item,steel-plate,ten_hours,129,3180,5175
item,steel-plate,ten_hours,130,3180,2947
item,steel-plate,ten_hours,131,3180,2921
item,steel-plate,ten_hours,132,3180,3539
item,steel-plate,ten_hours,133,3180,3804
item,steel-plate,ten_hours,134,3180,2744
item,steel-plate,ten_hours,135,3180,2667
item,steel-plate,ten_hours,136,3180,4551
item,steel-plate,ten_hours,137,3180,2481
item,steel-plate,ten_hours,138,3180,2573
item,steel-plate,ten_hours,139,3180,2737
item,steel-plate,ten_hours,140,3180,2474
item,steel-plate,ten_hours,141,3180,1873
item,steel-plate,ten_hours,142,3180,785
item,steel-plate,ten_hours,143,3178,675
item,steel-plate,ten_hours,144,3179,903
item,steel-plate,ten_hours,145,3180,1097
item,steel-plate,ten_hours,146,3180,1126
item,steel-plate,ten_hours,147,3180,1272
item,steel-plate,ten_hours,148,3123,663
item,steel-plate,ten_hours,149,2486,599
item,steel-plate,ten_hours,150,1653,466
item,steel-plate,ten_hours,151,809,1015
item,steel-plate,ten_hours,152,660,935
item,steel-plate,ten_hours,153,660,896
item,steel-plate,ten_hours,154,660,836
item,steel-plate,ten_hours,155,660,658
item,steel-plate,ten_hours,156,660,435
item,steel-plate,ten_hours,157,660,405
item,steel-plate,ten_hours,158,660,749
item,steel-plate,ten_hours,159,660,1120
item,steel-plate,ten_hours,160,660,1293
item,steel-plate,ten_hours,161,660,880
item,steel-plate,ten_hours,162,660,886
item,steel-plate,ten_hours,163,660,560
item,steel-plate,ten_hours,164,660,776
item,steel-plate,ten_hours,165,660,318
item,steel-plate,ten_hours,166,660,164
item,steel-plate,ten_hours,167,660,152
item,steel-plate,ten_hours,168,660,92
item,steel-plate,ten_hours,169,660,276
item,steel-plate,ten_hours,170,660,212
item,steel-plate,ten_hours,171,660,110
item,steel-plate,ten_hours,172,660,193
item,steel-plate,ten_hours,173,660,283
item,steel-plate,ten_hours,174,660,137
item,steel-plate,ten_hours,175,660,82
item,steel-plate,ten_hours,176,660,184
item,steel-plate,ten_hours,177,660,492
item,steel-plate,ten_hours,178,660,487
item,steel-plate,ten_hours,179,658,495
item,steel-plate,ten_hours,180,365,462
item,steel-plate,ten_hours,181,322,516
item,steel-plate,ten_hours,182,325,152
item,steel-plate,ten_hours,183,130,0
item,steel-plate,ten_hours,186,0,86
item,steel-plate,ten_hours,188,59,0
item,steel-plate,ten_hours,189,126,0
item,steel-plate,ten_hours,190,105,0
item,steel-plate,fifty_hours,1,14266,8970
item,steel-plate,fifty_hours,2,14107,6844
item,steel-plate,fifty_hours,3,14325,9281
item,steel-plate,fifty_hours,4,14360,10523
item,steel-plate,fifty_hours,5,14442,9858
item,steel-plate,fifty_hours,6,14507,8963
item,steel-plate,fifty_hours,7,14578,11336
item,steel-plate,fifty_hours,8,14699,12434
item,steel-plate,fifty_hours,9,14720,11015
item,steel-plate,fifty_hours,10,14795,10772
item,steel-plate,fifty_hours,11,14829,8040
item,steel-plate,fifty_hours,12,14894,12231
item,steel-plate,fifty_hours,13,14916,12597
item,steel-plate,fifty_hours,14,15036,12328
item,steel-plate,fifty_hours,15,15186,14138
item,steel-plate,fifty_hours,16,15431,17094
item,steel-plate,fifty_hours,17,15616,13555
item,steel-plate,fifty_hours,18,15768,16690
item,steel-plate,fifty_hours,19,15900,15538
item,steel-plate,fifty_hours,20,15900,18722
item,steel-plate,fifty_hours,21,15900,15640
item,steel-plate,fifty_hours,22,15900,17751
item,steel-plate,fifty_hours,23,15900,18487
item,steel-plate,fifty_hours,24,15900,18396
item,steel-plate,fifty_hours,25,15900,17368
item,steel-plate,fifty_hours,26,15900,18725
item,steel-plate,fifty_hours,27,15900,15675
item,steel-plate,fifty_hours,28,15900,14816
item,steel-plate,fifty_hours,29,15897,5333
item,steel-plate,fifty_hours,30,13622,4126
item,steel-plate,fifty_hours,31,3449,4340
item,steel-plate,fifty_hours,32,3300,4002
item,steel-plate,fifty_hours,33,3300,3420
item,steel-plate,fifty_hours,34,3300,896
item,steel-plate,fifty_hours,35,3300,805
item,steel-plate,fifty_hours,36,3003,2120
item,steel-plate,fifty_hours,37,777,668
item,steel-plate,fifty_hours,38,290,86
item,iron-ore,ten_hours,1,33138,33166
item,iron-ore,ten_hours,2,32760,32861
item,iron-ore,ten_hours,3,32346,32384
item,iron-ore,ten_hours,4,32167,32167
item,iron-ore,ten_hours,5,32865,32753
item,iron-ore,ten_hours,6,33529,33153
item,iron-ore,ten_hours,7,33217,31408
item,iron-ore,ten_hours,8,30786,32126
item,iron-ore,ten_hours,9,31950,33112
item,iron-ore,ten_hours,10,32886,32922
item,iron-ore,ten_hours,11,32701,32755
item,iron-ore,ten_hours,12,32563,32680
item,iron-ore,ten_hours,13,32513,32572
item,iron-ore,ten_hours,14,32435,32433
item,iron-ore,ten_hours,15,32444,32452
item,iron-ore,ten_hours,16,32377,32406
item,iron-ore,ten_hours,17,32328,32340
item,iron-ore,ten_hours,18,32287,32311
item,iron-ore,ten_hours,19,32415,32422
item,iron-ore,ten_hours,20,32480,32472
item,iron-ore,ten_hours,21,32642,32551
item,iron-ore,ten_hours,22,32994,32927
item,iron-ore,ten_hours,23,33291,33295
item,iron-ore,ten_hours,24,33452,33501
item,iron-ore,ten_hours,25,33578,33581
item,iron-ore,ten_hours,26,33590,33584
item,iron-ore,ten_hours,27,33567,33603
item,iron-ore,ten_hours,28,33602,33609
item,iron-ore,ten_hours,29,33606,33605
item,iron-ore,ten_hours,30,33875,33583
item,iron-ore,ten_hours,31,33318,33637
item,iron-ore,ten_hours,32,33564,33460
item,iron-ore,ten_hours,33,33167,33346
item,iron-ore,ten_hours,34,33266,33353
item,iron-ore,ten_hours,35,33503,33475
item,iron-ore,ten_hours,36,33598,33644
item,iron-ore,ten_hours,37,33806,33764
item,iron-ore,ten_hours,38,33753,33778
item,iron-ore,ten_hours,39,33834,33795
item,iron-ore,ten_hours,40,33942,33778
item,iron-ore,ten_hours,41,33674,33916
item,iron-ore,ten_hours,42,34129,34094
item,iron-ore,ten_hours,43,34321,34335
item,iron-ore,ten_hours,44,34430,34399
item,iron-ore,ten_hours,45,34444,34460
item,iron-ore,ten_hours,46,34468,34515
item,iron-ore,ten_hours,47,34551,34538
item,iron-ore,ten_hours,48,34515,34536
item,iron-ore,ten_hours,49,34541,34538
item,iron-ore,ten_hours,50,34486,34526
item,iron-ore,ten_hours,51,34512,34529
item,iron-ore,ten_hours,52,34517,34510
item,iron-ore,ten_hours,53,34758,34706
item,iron-ore,ten_hours,54,34927,34911
item,iron-ore,ten_hours,55,35043,35022
item,iron-ore,ten_hours,56,35213,35245
item,iron-ore,ten_hours,57,35273,35288
item,iron-ore,ten_hours,58,35283,35301
item,iron-ore,ten_hours,59,35284,35292
item,iron-ore,ten_hours,60,35305,35301
item,iron-ore,ten_hours,61,35308,35311
item,iron-ore,ten_hours,62,35329,35311
item,iron-ore,ten_hours,63,35254,35278
item,iron-ore,ten_hours,64,35156,35213
item,iron-ore,ten_hours,65,35055,35157
item,iron-ore,ten_hours,66,34960,35065
item,iron-ore,ten_hours,67,34624,34783
item,iron-ore,ten_hours,68,34543,34556
item,iron-ore,ten_hours,69,33937,34058
item,iron-ore,ten_hours,70,33708,33779
item,iron-ore,ten_hours,71,34320,34118
item,iron-ore,ten_hours,72,35169,34726
item,iron-ore,ten_hours,73,35245,34979
item,iron-ore,ten_hours,74,35235,35048
item,iron-ore,ten_hours,75,35084,35133
item,iron-ore,ten_hours,76,35153,35184
item,iron-ore,ten_hours,77,35319,35186
item,iron-ore,ten_hours,78,35389,35228
item,iron-ore,ten_hours,79,35249,35255
item,iron-ore,ten_hours,80,35339,35340
item,iron-ore,ten_hours,81,35279,35312
item,iron-ore,ten_hours,82,35213,35236
item,iron-ore,ten_hours,83,35314,35314
item,iron-ore,ten_hours,84,35413,35396
item,iron-ore,ten_hours,85,35412,35407
item,iron-ore,ten_hours,86,35550,35545
item,iron-ore,ten_hours,87,35507,35533
item,iron-ore,ten_hours,88,35641,35670
item,iron-ore,ten_hours,89,35771,35895
item,iron-ore,ten_hours,90,35943,36038
item,iron-ore,ten_hours,91,35986,36126
item,iron-ore,ten_hours,92,36087,36166
item,iron-ore,ten_hours,93,36019,36132
item,iron-ore,ten_hours,94,35778,35916
item,iron-ore,ten_hours,95,35721,35851
item,iron-ore,ten_hours,96,35864,35853
item,iron-ore,ten_hours,97,35847,35865
item,iron-ore,ten_hours,98,35838,35809
item,iron-ore,ten_hours,99,35848,35800
item,iron-ore,ten_hours,100,35799,35784
item,iron-ore,ten_hours,101,35810,35788
item,iron-ore,ten_hours,102,35727,35713
item,iron-ore,ten_hours,103,35727,35742
item,iron-ore,ten_hours,104,35712,35746
item,iron-ore,ten_hours,105,35773,35774
item,iron-ore,ten_hours,106,35824,35811
item,iron-ore,ten_hours,107,35855,35859
item,iron-ore,ten_hours,108,35799,35799
item,iron-ore,ten_hours,109,35737,35757
item,iron-ore,ten_hours,110,35804,35780
item,iron-ore,ten_hours,111,35830,35789
item,iron-ore,ten_hours,112,35262,35376
item,iron-ore,ten_hours,113,35377,35348
item,iron-ore,ten_hours,114,35755,35745
item,iron-ore,ten_hours,115,35823,35824
item,iron-ore,ten_hours,116,35823,35841
item,iron-ore,ten_hours,117,35763,35761
item,iron-ore,ten_hours,118,35875,35892
item,iron-ore,ten_hours,119,35920,35926
item,iron-ore,ten_hours,120,36057,36095
item,iron-ore,ten_hours,121,36088,36090
item,iron-ore,ten_hours,122,35849,35977
item,iron-ore,ten_hours,123,34521,34631
item,iron-ore,ten_hours,124,33984,34078
item,iron-ore,ten_hours,125,33887,32846
item,iron-ore,ten_hours,126,34212,32632
item,iron-ore,ten_hours,127,32747,32388
item,iron-ore,ten_hours,128,32459,32367
item,iron-ore,ten_hours,129,32348,32395
item,iron-ore,ten_hours,130,32387,32397
item,iron-ore,ten_hours,131,32394,32388
item,iron-ore,ten_hours,132,32406,32412
item,iron-ore,ten_hours,133,32389,32391
item,iron-ore,ten_hours,134,32348,32367
item,iron-ore,ten_hours,135,32360,32374
item,iron-ore,ten_hours,136,32388,32412
item,iron-ore,ten_hours,137,32619,32595
item,iron-ore,ten_hours,138,32554,32546
item,iron-ore,ten_hours,139,32461,32506
item,iron-ore,ten_hours,140,32180,32243
item,iron-ore,ten_hours,141,31179,31325
item,iron-ore,ten_hours,142,30429,30598
item,iron-ore,ten_hours,143,28460,28590
item,iron-ore,ten_hours,144,30167,26381
item,iron-ore,ten_hours,145,26634,25869
item,iron-ore,ten_hours,146,26023,25405
item,iron-ore,ten_hours,147,24594,24691
item,iron-ore,ten_hours,148,22945,23185
item,iron-ore,ten_hours,149,21761,21091
item,iron-ore,ten_hours,150,26423,25965
item,iron-ore,ten_hours,151,26229,23237
item,iron-ore,ten_hours,152,18153,15643
item,iron-ore,ten_hours,153,16549,15675
item,iron-ore,ten_hours,154,15760,15683
item,iron-ore,ten_hours,155,15749,15716
item,iron-ore,ten_hours,156,15749,15740
item,iron-ore,ten_hours,157,14698,13675
item,iron-ore,ten_hours,158,10644,10359
item,iron-ore,ten_hours,159,11486,10350
item,iron-ore,ten_hours,160,10340,10350
item,iron-ore,ten_hours,161,10336,10350
item,iron-ore,ten_hours,162,10368,10350
item,iron-ore,ten_hours,163,10335,10350
item,iron-ore,ten_hours,164,10367,10350
item,iron-ore,ten_hours,165,10353,10350
item,iron-ore,ten_hours,166,10487,10350
item,iron-ore,ten_hours,167,10757,10314
item,iron-ore,ten_hours,168,10199,10206
item,iron-ore,ten_hours,169,10216,10195
item,iron-ore,ten_hours,170,10211,10205
item,iron-ore,ten_hours,171,10198,10205
item,iron-ore,ten_hours,172,10185,10186
item,iron-ore,ten_hours,173,10106,10143
item,iron-ore,ten_hours,174,9919,10203
item,iron-ore,ten_hours,175,9463,9433
item,iron-ore,ten_hours,176,10178,9979
item,iron-ore,ten_hours,177,9406,9201
item,iron-ore,ten_hours,178,9488,9411
item,iron-ore,ten_hours,179,8069,8688
item,iron-ore,ten_hours,180,5600,5793
item,iron-ore,ten_hours,181,5457,5542
item,iron-ore,ten_hours,182,5481,5221
item,iron-ore,ten_hours,183,4853,4792
item,iron-ore,ten_hours,184,5315,3970
item,iron-ore,ten_hours,185,4249,3565
item,iron-ore,ten_hours,186,3457,3452
item,iron-ore,ten_hours,187,3436,3420
item,iron-ore,ten_hours,188,3471,3458
item,iron-ore,ten_hours,189,3332,3136
item,iron-ore,ten_hours,190,3184,3094
item,iron-ore,ten_hours,191,2932,2845
item,iron-ore,ten_hours,192,2520,2314
item,iron-ore,ten_hours,193,1719,1679
item,iron-ore,ten_hours,194,1477,1394
item,iron-ore,ten_hours,195,794,787
item,iron-ore,ten_hours,196,780,780
item,iron-ore,ten_hours,197,612,612
item,iron-ore,ten_hours,198,522,522
item,iron-ore,ten_hours,199,233,233
item,iron-ore,ten_hours,200,62,62
item,iron-ore,fifty_hours,1,163276,163331
item,iron-ore,fifty_hours,2,162368,162721
item,iron-ore,fifty_hours,3,162656,162892
item,iron-ore,fifty_hours,4,161887,161951
item,iron-ore,fifty_hours,5,165957,165855
item,iron-ore,fifty_hours,6,168240,167984
item,iron-ore,fifty_hours,7,166818,167271
item,iron-ore,fifty_hours,8,168933,168759
item,iron-ore,fifty_hours,9,170998,171204
item,iron-ore,fifty_hours,10,172561,172653
item,iron-ore,fifty_hours,11,173757,173678
item,iron-ore,fifty_hours,12,176358,176427
item,iron-ore,fifty_hours,13,176102,176270
item,iron-ore,fifty_hours,14,171772,172241
item,iron-ore,fifty_hours,15,175053,174004
item,iron-ore,fifty_hours,16,176449,176193
item,iron-ore,fifty_hours,17,176631,176665
item,iron-ore,fifty_hours,18,178412,178681
item,iron-ore,fifty_hours,19,179591,180191
item,iron-ore,fifty_hours,20,179196,179111
item,iron-ore,fifty_hours,21,178749,178763
item,iron-ore,fifty_hours,22,179019,179006
item,iron-ore,fifty_hours,23,178047,178082
item,iron-ore,fifty_hours,24,179438,179515
item,iron-ore,fifty_hours,25,174329,173622
item,iron-ore,fifty_hours,26,164153,162179
item,iron-ore,fifty_hours,27,161897,161932
item,iron-ore,fifty_hours,28,162202,162302
item,iron-ore,fifty_hours,29,146869,142763
item,iron-ore,fifty_hours,30,121746,120337
item,iron-ore,fifty_hours,31,92440,85954
item,iron-ore,fifty_hours,32,62917,60474
item,iron-ore,fifty_hours,33,51759,51750
item,iron-ore,fifty_hours,34,51870,51270
item,iron-ore,fifty_hours,35,49871,50170
item,iron-ore,fifty_hours,36,42741,43072
item,iron-ore,fifty_hours,37,25355,23090
item,iron-ore,fifty_hours,38,16880,16560
item,iron-ore,fifty_hours,39,9442,9019
item,iron-ore,fifty_hours,40,2209,2209
item,copper-ore,ten_hours,1,30517,30597
item,copper-ore,ten_hours,2,30066,30102
item,copper-ore,ten_hours,3,28938,29064
item,copper-ore,ten_hours,4,28113,28093
item,copper-ore,ten_hours,5,29068,28801
item,copper-ore,ten_hours,6,30315,29821
item,copper-ore,ten_hours,7,30935,29560
item,copper-ore,ten_hours,8,29626,30410
item,copper-ore,ten_hours,9,30211,31167
item,copper-ore,ten_hours,10,31724,31628
item,copper-ore,ten_hours,11,31865,31817
item,copper-ore,ten_hours,12,31929,31922
item,copper-ore,ten_hours,13,31911,31921
item,copper-ore,ten_hours,14,31980,31963
item,copper-ore,ten_hours,15,31976,31998
item,copper-ore,ten_hours,16,31986,31974
item,copper-ore,ten_hours,17,32004,32000
item,copper-ore,ten_hours,18,31977,31986
item,copper-ore,ten_hours,19,31958,31974
item,copper-ore,ten_hours,20,31967,31962
item,copper-ore,ten_hours,21,31944,31958
item,copper-ore,ten_hours,22,31981,31976
item,copper-ore,ten_hours,23,31933,31945
item,copper-ore,ten_hours,24,31874,31887
item,copper-ore,ten_hours,25,31865,31885
item,copper-ore,ten_hours,26,31878,31867
item,copper-ore,ten_hours,27,31861,31869
item,copper-ore,ten_hours,28,31869,31867
item,copper-ore,ten_hours,29,31896,31873
item,copper-ore,ten_hours,30,32054,31867
item,copper-ore,ten_hours,31,31570,31750
item,copper-ore,ten_hours,32,31932,31856
item,copper-ore,ten_hours,33,31721,31820
item,copper-ore,ten_hours,34,31869,31880
item,copper-ore,ten_hours,35,31910,31888
item,copper-ore,ten_hours,36,31867,31874
item,copper-ore,ten_hours,37,31822,31826
item,copper-ore,ten_hours,38,31816,31822
item,copper-ore,ten_hours,39,31817,31767
item,copper-ore,ten_hours,40,31831,31732
item,copper-ore,ten_hours,41,31548,31711
item,copper-ore,ten_hours,42,31804,31807
item,copper-ore,ten_hours,43,31816,31818
item,copper-ore,ten_hours,44,31804,31798
item,copper-ore,ten_hours,45,31839,31825
item,copper-ore,ten_hours,46,31796,31811
item,copper-ore,ten_hours,47,31793,31808
item,copper-ore,ten_hours,48,31821,31832
item,copper-ore,ten_hours,49,31804,31810
item,copper-ore,ten_hours,50,31922,31847
item,copper-ore,ten_hours,51,31901,31907
item,copper-ore,ten_hours,52,31900,31900
item,copper-ore,ten_hours,53,31914,31892
item,copper-ore,ten_hours,54,31837,31913
item,copper-ore,ten_hours,55,31884,31865
item,copper-ore,ten_hours,56,31889,31896
item,copper-ore,ten_hours,57,31881,31901
item,copper-ore,ten_hours,58,31890,31885
item,copper-ore,ten_hours,59,31883,31872
item,copper-ore,ten_hours,60,31836,31848
item,copper-ore,ten_hours,61,31848,31847
item,copper-ore,ten_hours,62,31817,31822
item,copper-ore,ten_hours,63,31812,31809
item,copper-ore,ten_hours,64,31632,31669
item,copper-ore,ten_hours,65,31467,31501
item,copper-ore,ten_hours,66,31188,31239
item,copper-ore,ten_hours,67,30282,30361
item,copper-ore,ten_hours,68,29609,29683
item,copper-ore,ten_hours,69,28966,28928
item,copper-ore,ten_hours,70,28993,29022
item,copper-ore,ten_hours,71,28987,28986
item,copper-ore,ten_hours,72,28975,28966
item,copper-ore,ten_hours,73,28985,28980
item,copper-ore,ten_hours,74,28930,28926
item,copper-ore,ten_hours,75,29002,28982
item,copper-ore,ten_hours,76,28991,29027
item,copper-ore,ten_hours,77,29082,29040
item,copper-ore,ten_hours,78,29053,29059
item,copper-ore,ten_hours,79,28988,29010
item,copper-ore,ten_hours,80,28980,28990
item,copper-ore,ten_hours,81,28783,28804
item,copper-ore,ten_hours,82,28588,28597
item,copper-ore,ten_hours,83,28790,28758
item,copper-ore,ten_hours,84,29258,29194
item,copper-ore,ten_hours,85,29750,29711
item,copper-ore,ten_hours,86,30306,30286
item,copper-ore,ten_hours,87,30673,30632
item,copper-ore,ten_hours,88,31164,31129
item,copper-ore,ten_hours,89,31376,31349
item,copper-ore,ten_hours,90,31607,31594
item,copper-ore,ten_hours,91,31593,31602
item,copper-ore,ten_hours,92,31673,31671
item,copper-ore,ten_hours,93,31461,31512
item,copper-ore,ten_hours,94,31233,31205
item,copper-ore,ten_hours,95,31236,31251
item,copper-ore,ten_hours,96,31199,31238
item,copper-ore,ten_hours,97,31250,31229
item,copper-ore,ten_hours,98,31201,31205
item,copper-ore,ten_hours,99,31131,31151
item,copper-ore,ten_hours,100,31018,31001
item,copper-ore,ten_hours,101,31060,31079
item,copper-ore,ten_hours,102,31003,31010
item,copper-ore,ten_hours,103,30999,30994
item,copper-ore,ten_hours,104,31001,31005
item,copper-ore,ten_hours,105,31019,31020
item,copper-ore,ten_hours,106,31100,31089
item,copper-ore,ten_hours,107,31094,31117
item,copper-ore,ten_hours,108,31011,31015
item,copper-ore,ten_hours,109,30934,30948
item,copper-ore,ten_hours,110,30511,30622
item,copper-ore,ten_hours,111,30080,30109
item,copper-ore,ten_hours,112,28846,28953
item,copper-ore,ten_hours,113,29646,29453
item,copper-ore,ten_hours,114,30702,30596
item,copper-ore,ten_hours,115,31034,31054
item,copper-ore,ten_hours,116,30981,30950
item,copper-ore,ten_hours,117,30945,30964
item,copper-ore,ten_hours,118,30880,30876
item,copper-ore,ten_hours,119,30935,30950
item,copper-ore,ten_hours,120,30756,30780
item,copper-ore,ten_hours,121,30582,30602
item,copper-ore,ten_hours,122,31037,31075
item,copper-ore,ten_hours,123,30761,30643
item,copper-ore,ten_hours,124,28442,28608
item,copper-ore,ten_hours,125,27363,27289
item,copper-ore,ten_hours,126,27146,23310
item,copper-ore,ten_hours,127,23480,22585
item,copper-ore,ten_hours,128,23001,22538
item,copper-ore,ten_hours,129,22575,22567
item,copper-ore,ten_hours,130,22555,22548
item,copper-ore,ten_hours,131,22530,22558
item,copper-ore,ten_hours,132,22557,22547
item,copper-ore,ten_hours,133,22549,22551
item,copper-ore,ten_hours,134,22572,22563
item,copper-ore,ten_hours,135,22538,22557
item,copper-ore,ten_hours,136,22458,22472
item,copper-ore,ten_hours,137,22292,22308
item,copper-ore,ten_hours,138,22071,22102
item,copper-ore,ten_hours,139,21365,21471
item,copper-ore,ten_hours,140,20281,20465
item,copper-ore,ten_hours,141,19103,19131
item,copper-ore,ten_hours,142,18154,18254
item,copper-ore,ten_hours,143,16576,15447
item,copper-ore,ten_hours,144,16427,9003
item,copper-ore,ten_hours,145,10208,7730
item,copper-ore,ten_hours,146,7727,7729
item,copper-ore,ten_hours,147,7729,7733
item,copper-ore,ten_hours,148,7738,7724
item,copper-ore,ten_hours,149,7659,7673
item,copper-ore,ten_hours,150,7623,7637
item,copper-ore,ten_hours,151,7531,7550
item,copper-ore,ten_hours,152,7430,7435
item,copper-ore,ten_hours,153,7207,7253
item,copper-ore,ten_hours,154,6668,6759
item,copper-ore,ten_hours,155,6119,6052
item,copper-ore,ten_hours,156,8078,7597
item,copper-ore,ten_hours,157,8122,8127
item,copper-ore,ten_hours,158,5203,4067
item,copper-ore,ten_hours,159,5256,3800
item,copper-ore,ten_hours,160,3789,3788
item,copper-ore,ten_hours,161,3748,3763
item,copper-ore,ten_hours,162,3683,3695
item,copper-ore,ten_hours,163,3627,3629
item,copper-ore,ten_hours,164,3526,3545
item,copper-ore,ten_hours,165,3427,3446
item,copper-ore,ten_hours,166,2997,3028
item,copper-ore,ten_hours,167,2950,2756
item,copper-ore,ten_hours,168,3857,3757
item,copper-ore,ten_hours,169,2892,2944
item,copper-ore,ten_hours,170,1744,1725
item,copper-ore,ten_hours,171,1721,1719
item,copper-ore,ten_hours,172,1713,1716
item,copper-ore,ten_hours,173,1711,1722
item,copper-ore,ten_hours,174,1707,1718
item,copper-ore,ten_hours,175,1573,1606
item,copper-ore,ten_hours,176,1539,1499
item,copper-ore,ten_hours,177,1573,1500
item,copper-ore,ten_hours,178,1383,1270
item,copper-ore,ten_hours,179,780,779
item,copper-ore,ten_hours,180,784,778
item,copper-ore,ten_hours,181,772,779
item,copper-ore,ten_hours,182,776,780
item,copper-ore,ten_hours,183,769,767
item,copper-ore,ten_hours,184,779,771
item,copper-ore,ten_hours,185,836,836
item,copper-ore,ten_hours,186,949,843
item,copper-ore,ten_hours,187,952,898
item,copper-ore,ten_hours,188,899,901
item,copper-ore,ten_hours,189,931,897
item,copper-ore,ten_hours,190,521,293
item,copper-ore,ten_hours,191,325,325
item,copper-ore,ten_hours,192,330,330
item,copper-ore,ten_hours,193,330,330
item,copper-ore,ten_hours,194,324,324
item,copper-ore,ten_hours,195,330,330
item,copper-ore,ten_hours,196,280,280
item,copper-ore,ten_hours,197,180,180
item,copper-ore,ten_hours,198,180,180
item,copper-ore,ten_hours,199,6,6
item,copper-ore,fifty_hours,1,146702,146657
item,copper-ore,fifty_hours,2,152811,152586
item,copper-ore,fifty_hours,3,159661,159621
item,copper-ore,fifty_hours,4,159892,159896
item,copper-ore,fifty_hours,5,159597,159651
item,copper-ore,fifty_hours,6,159558,159343
item,copper-ore,fifty_hours,7,159002,159194
item,copper-ore,fifty_hours,8,159153,159021
item,copper-ore,fifty_hours,9,158811,158959
item,copper-ore,fifty_hours,10,159136,159108
item,copper-ore,fifty_hours,11,159436,159477
item,copper-ore,fifty_hours,12,159379,159402
item,copper-ore,fifty_hours,13,158576,158648
item,copper-ore,fifty_hours,14,149038,149233
item,copper-ore,fifty_hours,15,144879,144840
item,copper-ore,fifty_hours,16,145094,145126
item,copper-ore,fifty_hours,17,145169,145064
item,copper-ore,fifty_hours,18,155126,154990
item,copper-ore,fifty_hours,19,157196,157241
item,copper-ore,fifty_hours,20,155799,155824
item,copper-ore,fifty_hours,21,155082,155108
item,copper-ore,fifty_hours,22,154650,154791
item,copper-ore,fifty_hours,23,150308,150165
item,copper-ore,fifty_hours,24,154497,154520
item,copper-ore,fifty_hours,25,148185,148217
item,copper-ore,fifty_hours,26,118757,113548
item,copper-ore,fifty_hours,27,112746,112776
item,copper-ore,fifty_hours,28,108467,108818
item,copper-ore,fifty_hours,29,80468,69565
item,copper-ore,fifty_hours,30,38476,38496
item,copper-ore,fifty_hours,31,34955,35049
item,copper-ore,fifty_hours,32,30448,27379
item,copper-ore,fifty_hours,33,18011,18078
item,copper-ore,fifty_hours,34,14440,14210
item,copper-ore,fifty_hours,35,8425,8481
item,copper-ore,fifty_hours,36,6059,5826
item,copper-ore,fifty_hours,37,3932,3933
item,copper-ore,fifty_hours,38,4252,3832
item,copper-ore,fifty_hours,39,1639,1639
item,copper-ore,fifty_hours,40,646,646
item,coal,ten_hours,1,8929,8700
item,coal,ten_hours,2,8948,8786
item,coal,ten_hours,3,8903,8623
item,coal,ten_hours,4,8981,8494
item,coal,ten_hours,5,9335,8800
item,coal,ten_hours,6,9290,8679
item,coal,ten_hours,7,9450,9103
item,coal,ten_hours,8,8945,9485
item,coal,ten_hours,9,8705,9488
item,coal,ten_hours,10,8684,8918
item,coal,ten_hours,11,8803,9055
item,coal,ten_hours,12,8727,9368
item,coal,ten_hours,13,8513,8814
item,coal,ten_hours,14,8462,8412
item,coal,ten_hours,15,8440,8444
item,coal,ten_hours,16,8492,8587
item,coal,ten_hours,17,8492,8524
item,coal,ten_hours,18,8378,8446
item,coal,ten_hours,19,8415,8408
item,coal,ten_hours,20,8348,8345
item,coal,ten_hours,21,8422,8447
item,coal,ten_hours,22,8442,8399
item,coal,ten_hours,23,8378,8444
item,coal,ten_hours,24,8428,8381
item,coal,ten_hours,25,8548,8536
item,coal,ten_hours,26,8547,8572
item,coal,ten_hours,27,8531,8498
item,coal,ten_hours,28,8536,8535
item,coal,ten_hours,29,8523,8548
item,coal,ten_hours,30,8799,8664
item,coal,ten_hours,31,8917,9003
item,coal,ten_hours,32,8847,8899
item,coal,ten_hours,33,8620,8771
item,coal,ten_hours,34,8286,8225
item,coal,ten_hours,35,8384,8361
item,coal,ten_hours,36,8413,8366
item,coal,ten_hours,37,8402,8343
item,coal,ten_hours,38,8439,8462
item,coal,ten_hours,39,8520,8527
item,coal,ten_hours,40,8641,8558
item,coal,ten_hours,41,8781,8854
item,coal,ten_hours,42,8596,8681
item,coal,ten_hours,43,8266,8290
item,coal,ten_hours,44,8475,8393
item,coal,ten_hours,45,8443,8431
item,coal,ten_hours,46,8420,8449
item,coal,ten_hours,47,8567,8488
item,coal,ten_hours,48,8785,8841
item,coal,ten_hours,49,8387,8533
item,coal,ten_hours,50,8263,8261
item,coal,ten_hours,51,8096,8145
item,coal,ten_hours,52,7965,7979
item,coal,ten_hours,53,8097,8089
item,coal,ten_hours,54,8062,8048
item,coal,ten_hours,55,8042,8058
item,coal,ten_hours,56,8195,8185
item,coal,ten_hours,57,8187,8101
item,coal,ten_hours,58,8314,8315
item,coal,ten_hours,59,8418,8405
item,coal,ten_hours,60,8314,8318
item,coal,ten_hours,61,8346,8365
item,coal,ten_hours,62,8376,8363
item,coal,ten_hours,63,8296,8297
item,coal,ten_hours,64,8399,8447
item,coal,ten_hours,65,8367,8438
item,coal,ten_hours,66,8279,8278
item,coal,ten_hours,67,8190,8308
item,coal,ten_hours,68,7782,7860
item,coal,ten_hours,69,7624,7559
item,coal,ten_hours,70,7535,7463
item,coal,ten_hours,71,7279,7331
item,coal,ten_hours,72,7416,7411
item,coal,ten_hours,73,7458,7368
item,coal,ten_hours,74,7602,7549
item,coal,ten_hours,75,7628,7628
item,coal,ten_hours,76,7789,7738
item,coal,ten_hours,77,7856,7872
item,coal,ten_hours,78,7906,7996
item,coal,ten_hours,79,7916,7869
item,coal,ten_hours,80,7905,7891
item,coal,ten_hours,81,7847,7952
item,coal,ten_hours,82,7785,7789
item,coal,ten_hours,83,7648,7705
item,coal,ten_hours,84,7760,7672
item,coal,ten_hours,85,8033,8014
item,coal,ten_hours,86,8081,8118
item,coal,ten_hours,87,8192,8096
item,coal,ten_hours,88,8200,8226
item,coal,ten_hours,89,8233,8284
item,coal,ten_hours,90,8271,8175
item,coal,ten_hours,91,8111,8129
item,coal,ten_hours,92,8177,8153
item,coal,ten_hours,93,8477,8391
item,coal,ten_hours,94,8312,8362
item,coal,ten_hours,95,8309,8358
item,coal,ten_hours,96,8358,8379
item,coal,ten_hours,97,8337,8235
item,coal,ten_hours,98,8329,8397
item,coal,ten_hours,99,8308,8170
item,coal,ten_hours,100,8259,8051
item,coal,ten_hours,101,8154,8075
item,coal,ten_hours,102,8110,7989
item,coal,ten_hours,103,8090,8056
item,coal,ten_hours,104,8274,8118
item,coal,ten_hours,105,8266,8187
item,coal,ten_hours,106,8475,8365
item,coal,ten_hours,107,8630,8538
item,coal,ten_hours,108,8579,8498
item,coal,ten_hours,109,8767,8613
item,coal,ten_hours,110,9167,8920
item,coal,ten_hours,111,9042,8947
item,coal,ten_hours,112,8727,8839
item,coal,ten_hours,113,8219,8519
item,coal,ten_hours,114,7670,7622
item,coal,ten_hours,115,7885,7704
item,coal,ten_hours,116,8537,8345
item,coal,ten_hours,117,8558,8412
item,coal,ten_hours,118,8588,8568
item,coal,ten_hours,119,8749,8624
item,coal,ten_hours,120,8741,8501
item,coal,ten_hours,121,8835,8590
item,coal,ten_hours,122,8729,8346
item,coal,ten_hours,123,8494,8125
item,coal,ten_hours,124,8261,7549
item,coal,ten_hours,125,8197,7306
item,coal,ten_hours,126,7706,6996
item,coal,ten_hours,127,6615,6450
item,coal,ten_hours,128,6647,6637
item,coal,ten_hours,129,6694,6802
item,coal,ten_hours,130,6806,6663
item,coal,ten_hours,131,6766,6787
item,coal,ten_hours,132,6750,6820
item,coal,ten_hours,133,6830,6751
item,coal,ten_hours,134,6755,6750
item,coal,ten_hours,135,6841,6805
item,coal,ten_hours,136,7020,6974
item,coal,ten_hours,137,7075,6924
item,coal,ten_hours,138,7235,7241
item,coal,ten_hours,139,7427,7326
item,coal,ten_hours,140,7788,7641
item,coal,ten_hours,141,8356,7112
item,coal,ten_hours,142,7957,6540
item,coal,ten_hours,143,7051,5627
item,coal,ten_hours,144,5607,4055
item,coal,ten_hours,145,4656,4222
item,coal,ten_hours,146,4813,4860
item,coal,ten_hours,147,6325,4759
item,coal,ten_hours,148,5327,4541
item,coal,ten_hours,149,5068,4104
item,coal,ten_hours,150,5510,4439
item,coal,ten_hours,151,5436,4124
item,coal,ten_hours,152,3241,2923
item,coal,ten_hours,153,3046,2854
item,coal,ten_hours,154,4193,3066
item,coal,ten_hours,155,3002,2871
item,coal,ten_hours,156,3216,2662
item,coal,ten_hours,157,3890,2579
item,coal,ten_hours,158,4086,2284
item,coal,ten_hours,159,3338,2635
item,coal,ten_hours,160,3234,3264
item,coal,ten_hours,161,3067,3180
item,coal,ten_hours,162,3101,3165
item,coal,ten_hours,163,2872,2987
item,coal,ten_hours,164,2819,2914
item,coal,ten_hours,165,2743,2878
item,coal,ten_hours,166,2512,2573
item,coal,ten_hours,167,2634,2239
item,coal,ten_hours,168,2336,2082
item,coal,ten_hours,169,2239,2089
item,coal,ten_hours,170,1870,1927
item,coal,ten_hours,171,2043,1940
item,coal,ten_hours,172,2588,1901
item,coal,ten_hours,173,1683,1784
item,coal,ten_hours,174,1626,1741
item,coal,ten_hours,175,1575,1670
item,coal,ten_hours,176,1698,1753
item,coal,ten_hours,177,1532,1664
item,coal,ten_hours,178,1432,1615
item,coal,ten_hours,179,1566,1595
item,coal,ten_hours,180,2656,1844
item,coal,ten_hours,181,1804,1490
item,coal,ten_hours,182,2007,1342
item,coal,ten_hours,183,1461,1178
item,coal,ten_hours,184,1746,1151
item,coal,ten_hours,185,1304,1085
item,coal,ten_hours,186,834,854
item,coal,ten_hours,187,725,732
item,coal,ten_hours,188,920,749
item,coal,ten_hours,189,1736,816
item,coal,ten_hours,190,2105,819
item,coal,ten_hours,191,1607,846
item,coal,ten_hours,192,1339,678
item,coal,ten_hours,193,1079,562
item,coal,ten_hours,194,960,515
item,coal,ten_hours,195,840,430
item,coal,ten_hours,196,640,357
item,coal,ten_hours,197,479,268
item,coal,ten_hours,198,338,212
item,coal,ten_hours,199,0,77
item,coal,ten_hours,200,0,19
item,coal,fifty_hours,1,45096,43403
item,coal,fifty_hours,2,45074,45673
item,coal,fifty_hours,3,42945,44093
item,coal,fifty_hours,4,42125,42310
item,coal,fifty_hours,5,42218,42207
item,coal,fifty_hours,6,42936,42817
item,coal,fifty_hours,7,43054,43259
item,coal,fifty_hours,8,42415,42256
item,coal,fifty_hours,9,42561,42649
item,coal,fifty_hours,10,42422,42572
item,coal,fifty_hours,11,40262,40319
item,coal,fifty_hours,12,41428,41324
item,coal,fifty_hours,13,41784,41910
item,coal,fifty_hours,14,39410,39468
item,coal,fifty_hours,15,37383,37287
item,coal,fifty_hours,16,39372,39366
item,coal,fifty_hours,17,39073,39132
item,coal,fifty_hours,18,40977,40899
item,coal,fifty_hours,19,41386,41393
item,coal,fifty_hours,20,41591,41232
item,coal,fifty_hours,21,40894,40425
item,coal,fifty_hours,22,43618,42934
item,coal,fifty_hours,23,41543,41631
item,coal,fifty_hours,24,43173,42450
item,coal,fifty_hours,25,42516,39916
item,coal,fifty_hours,26,34468,33548
item,coal,fifty_hours,27,33942,33913
item,coal,fifty_hours,28,36545,36106
item,coal,fifty_hours,29,33627,27556
item,coal,fifty_hours,30,27043,22703
item,coal,fifty_hours,31,18918,15838
item,coal,fifty_hours,32,17764,13424
item,coal,fifty_hours,33,14602,15124
item,coal,fifty_hours,34,11591,10910
item,coal,fifty_hours,35,9515,9036
item,coal,fifty_hours,36,8884,8471
item,coal,fifty_hours,37,8322,6246
item,coal,fifty_hours,38,6320,3970
item,coal,fifty_hours,39,5825,3031
item,coal,fifty_hours,40,1457,933
item,stone,ten_hours,1,3579,3612
item,stone,ten_hours,2,3578,3521
item,stone,ten_hours,3,3577,3620
item,stone,ten_hours,4,3571,3544
item,stone,ten_hours,5,3570,3610
item,stone,ten_hours,6,3619,3546
item,stone,ten_hours,7,3494,3355
item,stone,ten_hours,8,3303,3428
item,stone,ten_hours,9,3428,3492
item,stone,ten_hours,10,3565,3554
item,stone,ten_hours,11,3569,3581
item,stone,ten_hours,12,3567,3591
item,stone,ten_hours,13,3561,3555
item,stone,ten_hours,14,3565,3566
item,stone,ten_hours,15,3565,3539
item,stone,ten_hours,16,3564,3554
item,stone,ten_hours,17,3565,3583
item,stone,ten_hours,18,3567,3547
item,stone,ten_hours,19,3561,3610
item,stone,ten_hours,20,3566,3563
item,stone,ten_hours,21,3565,3532
item,stone,ten_hours,22,3565,3591
item,stone,ten_hours,23,3560,3578
item,stone,ten_hours,24,3564,3539
item,stone,ten_hours,25,3565,3573
item,stone,ten_hours,26,3566,3565
item,stone,ten_hours,27,3564,3537
item,stone,ten_hours,28,3564,3579
item,stone,ten_hours,29,3569,3581
item,stone,ten_hours,30,3573,3555
item,stone,ten_hours,31,3541,3564
item,stone,ten_hours,32,3578,3555
item,stone,ten_hours,33,3567,3589
item,stone,ten_hours,34,3581,3586
item,stone,ten_hours,35,3581,3550
item,stone,ten_hours,36,3579,3590
item,stone,ten_hours,37,3580,3600
item,stone,ten_hours,38,3574,3567
item,stone,ten_hours,39,3587,3554
item,stone,ten_hours,40,3571,3580
item,stone,ten_hours,41,3548,3542
item,stone,ten_hours,42,3581,3570
item,stone,ten_hours,43,3570,3581
item,stone,ten_hours,44,3572,3596
item,stone,ten_hours,45,3583,3589
item,stone,ten_hours,46,3569,3537
item,stone,ten_hours,47,3578,3607
item,stone,ten_hours,48,3580,3564
item,stone,ten_hours,49,3570,3598
item,stone,ten_hours,50,3581,3556
item,stone,ten_hours,51,3578,3560
item,stone,ten_hours,52,3570,3571
item,stone,ten_hours,53,3578,3584
item,stone,ten_hours,54,3581,3564
item,stone,ten_hours,55,3571,3596
item,stone,ten_hours,56,3577,3585
item,stone,ten_hours,57,3583,3574
item,stone,ten_hours,58,3570,3568
item,stone,ten_hours,59,3577,3585
item,stone,ten_hours,60,3581,3572
item,stone,ten_hours,61,3569,3566
item,stone,ten_hours,62,3579,3566
item,stone,ten_hours,63,3579,3621
item,stone,ten_hours,64,3569,3528
item,stone,ten_hours,65,3580,3580
item,stone,ten_hours,66,3577,3600
item,stone,ten_hours,67,3576,3600
item,stone,ten_hours,68,3572,3529
item,stone,ten_hours,69,3579,3606
item,stone,ten_hours,70,3569,3544
item,stone,ten_hours,71,3573,3582
item,stone,ten_hours,72,3582,3604
item,stone,ten_hours,73,3572,3580
item,stone,ten_hours,74,3578,3523
item,stone,ten_hours,75,3580,3597
item,stone,ten_hours,76,3571,3584
item,stone,ten_hours,77,3578,3548
item,stone,ten_hours,78,3578,3609
item,stone,ten_hours,79,3574,3590
item,stone,ten_hours,80,3579,3533
item,stone,ten_hours,81,3578,3585
item,stone,ten_hours,82,3572,3585
item,stone,ten_hours,83,3580,3596
item,stone,ten_hours,84,3580,3536
item,stone,ten_hours,85,3571,3621
item,stone,ten_hours,86,3579,3578
item,stone,ten_hours,87,3581,3595
item,stone,ten_hours,88,3573,3523
item,stone,ten_hours,89,3578,3597
item,stone,ten_hours,90,3578,3584
item,stone,ten_hours,91,3574,3548
item,stone,ten_hours,92,3578,3609
item,stone,ten_hours,93,3583,3590
item,stone,ten_hours,94,3572,3533
item,stone,ten_hours,95,3579,3585
item,stone,ten_hours,96,3577,3581
item,stone,ten_hours,97,3579,3572
item,stone,ten_hours,98,3572,3606
item,stone,ten_hours,99,3577,3557
item,stone,ten_hours,100,3578,3579
item,stone,ten_hours,101,3567,3564
item,stone,ten_hours,102,3575,3606
item,stone,ten_hours,103,3575,3560
item,stone,ten_hours,104,3567,3559
item,stone,ten_hours,105,3573,3559
item,stone,ten_hours,106,3573,3605
item,stone,ten_hours,107,3568,3577
item,stone,ten_hours,108,3582,3540
item,stone,ten_hours,109,3569,3600
item,stone,ten_hours,110,3573,3570
item,stone,ten_hours,111,3570,3579
item,stone,ten_hours,112,3553,3551
item,stone,ten_hours,113,3575,3569
item,stone,ten_hours,114,3576,3549
item,stone,ten_hours,115,3578,3573
item,stone,ten_hours,116,3568,3608
item,stone,ten_hours,117,3580,3555
item,stone,ten_hours,118,3569,3591
item,stone,ten_hours,119,3572,3574
item,stone,ten_hours,120,3573,3564
item,stone,ten_hours,121,3577,3539
item,stone,ten_hours,122,3573,3589
item,stone,ten_hours,123,3574,3591
item,stone,ten_hours,124,3576,3536
item,stone,ten_hours,125,3572,3583
item,stone,ten_hours,126,3576,3600
item,stone,ten_hours,127,3564,3552
item,stone,ten_hours,128,3574,3581
item,stone,ten_hours,129,3572,3568
item,stone,ten_hours,130,3575,3587
item,stone,ten_hours,131,3569,3580
item,stone,ten_hours,132,3577,3574
item,stone,ten_hours,133,3577,3571
item,stone,ten_hours,134,3574,3554
item,stone,ten_hours,135,3574,3575
item,stone,ten_hours,136,3570,3557
item,stone,ten_hours,137,3576,3604
item,stone,ten_hours,138,3570,3559
item,stone,ten_hours,139,3575,3605
item,stone,ten_hours,140,3580,3119
item,stone,ten_hours,141,3629,3621
item,stone,ten_hours,142,3641,3664
item,stone,ten_hours,143,3628,3621
item,stone,ten_hours,144,3639,3659
item,stone,ten_hours,145,3636,3621
item,stone,ten_hours,146,3634,3609
item,stone,ten_hours,147,3583,3658
item,stone,ten_hours,148,3349,3351
item,stone,ten_hours,149,3317,3353
item,stone,ten_hours,150,3258,3247
item,stone,ten_hours,151,3193,3201
item,stone,ten_hours,152,2784,2906
item,stone,ten_hours,153,2578,2572
item,stone,ten_hours,154,2325,2346
item,stone,ten_hours,155,2428,2326
item,stone,ten_hours,156,2969,2880
item,stone,ten_hours,157,3008,2722
item,stone,ten_hours,158,1964,1496
item,stone,ten_hours,159,1382,1425
item,stone,ten_hours,160,930,1043
item,stone,ten_hours,161,596,593
item,stone,ten_hours,162,599,601
item,stone,ten_hours,163,595,591
item,stone,ten_hours,164,596,601
item,stone,ten_hours,165,583,585
item,stone,ten_hours,166,540,545
item,stone,ten_hours,167,595,535
item,stone,ten_hours,168,688,666
item,stone,ten_hours,169,1056,1012
item,stone,ten_hours,170,486,612
item,stone,ten_hours,171,451,448
item,stone,ten_hours,172,450,452
item,stone,ten_hours,173,893,514
item,stone,ten_hours,174,1890,1810
item,stone,ten_hours,175,1890,1894
item,stone,ten_hours,176,1880,1874
item,stone,ten_hours,177,1890,1896
item,stone,ten_hours,178,1890,1884
item,stone,ten_hours,179,1890,1898
item,stone,ten_hours,180,1853,1854
item,stone,ten_hours,181,1868,1952
item,stone,ten_hours,182,1481,1330
item,stone,ten_hours,183,534,150
item,stone,ten_hours,184,150,150
item,stone,ten_hours,185,150,150
item,stone,ten_hours,186,150,150
item,stone,ten_hours,187,150,150
item,stone,ten_hours,188,35,35
item,stone,ten_hours,189,30,30
item,stone,ten_hours,190,150,150
item,stone,ten_hours,191,150,150
item,stone,ten_hours,192,150,150
item,stone,ten_hours,193,150,150
item,stone,ten_hours,194,150,150
item,stone,ten_hours,195,150,150
item,stone,ten_hours,196,35,35
item,stone,ten_hours,199,0,210
item,stone,ten_hours,200,0,335
item,stone,fifty_hours,1,17875,17907
item,stone,fifty_hours,2,17409,17375
item,stone,fifty_hours,3,17827,17832
item,stone,fifty_hours,4,17823,17857
item,stone,fifty_hours,5,17819,17813
item,stone,fifty_hours,6,17836,17817
item,stone,fifty_hours,7,17848,17844
item,stone,fifty_hours,8,17891,17891
item,stone,fifty_hours,9,17854,17878
item,stone,fifty_hours,10,17878,17862
item,stone,fifty_hours,11,17878,17875
item,stone,fifty_hours,12,17888,17884
item,stone,fifty_hours,13,17876,17861
item,stone,fifty_hours,14,17873,17879
item,stone,fifty_hours,15,17885,17886
item,stone,fifty_hours,16,17880,17864
item,stone,fifty_hours,17,17881,17923
item,stone,fifty_hours,18,17889,17877
item,stone,fifty_hours,19,17886,17865
item,stone,fifty_hours,20,17883,17895
item,stone,fifty_hours,21,17857,17848
item,stone,fifty_hours,22,17865,17892
item,stone,fifty_hours,23,17852,17821
item,stone,fifty_hours,24,17862,17892
item,stone,fifty_hours,25,17872,17838
item,stone,fifty_hours,26,17861,17888
item,stone,fifty_hours,27,17871,17854
item,stone,fifty_hours,28,17871,17444
item,stone,fifty_hours,29,18173,18186
item,stone,fifty_hours,30,17141,17218
item,stone,fifty_hours,31,13308,13351
item,stone,fifty_hours,32,10253,9566
item,stone,fifty_hours,33,2969,2971
item,stone,fifty_hours,34,3365,3370
item,stone,fifty_hours,35,5574,5118
item,stone,fifty_hours,36,9403,9406
item,stone,fifty_hours,37,4183,3732
item,stone,fifty_hours,38,515,515
item,stone,fifty_hours,39,750,750
item,stone,fifty_hours,40,35,580
item,stone-brick,ten_hours,1,1224,1230
item,stone-brick,ten_hours,2,1203,1270
item,stone-brick,ten_hours,3,1185,1380
item,stone-brick,ten_hours,4,964,1090
item,stone-brick,ten_hours,5,905,900
item,stone-brick,ten_hours,6,923,900
item,stone-brick,ten_hours,7,934,920
item,stone-brick,ten_hours,8,1023,965
item,stone-brick,ten_hours,9,1028,1070
item,stone-brick,ten_hours,10,902,900
item,stone-brick,ten_hours,11,1059,905
item,stone-brick,ten_hours,12,1149,975
item,stone-brick,ten_hours,13,1231,1220
item,stone-brick,ten_hours,14,1251,1280
item,stone-brick,ten_hours,15,1237,1220
item,stone-brick,ten_hours,16,1245,1240
item,stone-brick,ten_hours,17,1235,1240
item,stone-brick,ten_hours,18,1240,1230
item,stone-brick,ten_hours,19,1248,1255
item,stone-brick,ten_hours,20,1225,1235
item,stone-brick,ten_hours,21,1259,1280
item,stone-brick,ten_hours,22,1213,1200
item,stone-brick,ten_hours,23,1220,1380
item,stone-brick,ten_hours,24,1083,1170
item,stone-brick,ten_hours,25,1053,1050
item,stone-brick,ten_hours,26,1029,1040
item,stone-brick,ten_hours,27,1036,1045
item,stone-brick,ten_hours,28,1036,1035
item,stone-brick,ten_hours,29,1043,1030
item,stone-brick,ten_hours,30,1063,1040
item,stone-brick,ten_hours,31,1053,1030
item,stone-brick,ten_hours,32,1049,1040
item,stone-brick,ten_hours,33,1055,1040
item,stone-brick,ten_hours,34,1055,1050
item,stone-brick,ten_hours,35,1057,1050
item,stone-brick,ten_hours,36,1053,1040
item,stone-brick,ten_hours,37,1067,1070
item,stone-brick,ten_hours,38,1088,1090
item,stone-brick,ten_hours,39,1105,1100
item,stone-brick,ten_hours,40,1096,1100
item,stone-brick,ten_hours,41,1129,1125
item,stone-brick,ten_hours,42,1087,1090
item,stone-brick,ten_hours,43,1107,1100
item,stone-brick,ten_hours,44,1111,1100
item,stone-brick,ten_hours,45,1108,1110
item,stone-brick,ten_hours,46,1098,1100
item,stone-brick,ten_hours,47,1117,1110
item,stone-brick,ten_hours,48,1112,1170
item,stone-brick,ten_hours,49,1062,1170
item,stone-brick,ten_hours,50,966,970
item,stone-brick,ten_hours,51,1118,885
item,stone-brick,ten_hours,52,1203,1030
item,stone-brick,ten_hours,53,1235,1220
item,stone-brick,ten_hours,54,1248,1240
item,stone-brick,ten_hours,55,1242,1270
item,stone-brick,ten_hours,56,1235,1230
item,stone-brick,ten_hours,57,1255,1280
item,stone-brick,ten_hours,58,1227,1210
item,stone-brick,ten_hours,59,1261,1260
item,stone-brick,ten_hours,60,1229,1220
item,stone-brick,ten_hours,61,1249,1240
item,stone-brick,ten_hours,62,1227,1260
item,stone-brick,ten_hours,63,1228,1230
item,stone-brick,ten_hours,64,1226,1270
item,stone-brick,ten_hours,65,1224,1260
item,stone-brick,ten_hours,66,1205,1320
item,stone-brick,ten_hours,67,1080,1090
item,stone-brick,ten_hours,68,1066,1045
item,stone-brick,ten_hours,69,903,755
item,stone-brick,ten_hours,70,897,745
item,stone-brick,ten_hours,71,1016,755
item,stone-brick,ten_hours,72,1073,810
item,stone-brick,ten_hours,73,1221,1065
item,stone-brick,ten_hours,74,1229,1120
item,stone-brick,ten_hours,75,1242,1070
item,stone-brick,ten_hours,76,1234,1110
item,stone-brick,ten_hours,77,1242,1070
item,stone-brick,ten_hours,78,1248,1070
item,stone-brick,ten_hours,79,1238,1090
item,stone-brick,ten_hours,80,1259,1110
item,stone-brick,ten_hours,81,1235,1220
item,stone-brick,ten_hours,82,1236,1220
item,stone-brick,ten_hours,83,1240,1310
item,stone-brick,ten_hours,84,1236,1225
item,stone-brick,ten_hours,85,1254,1275
item,stone-brick,ten_hours,86,1232,1210
item,stone-brick,ten_hours,87,1265,1240
item,stone-brick,ten_hours,88,1229,1220
item,stone-brick,ten_hours,89,1242,1220
item,stone-brick,ten_hours,90,1234,1260
item,stone-brick,ten_hours,91,1242,1285
item,stone-brick,ten_hours,92,1248,1265
item,stone-brick,ten_hours,93,1238,1245
item,stone-brick,ten_hours,94,1259,1195
item,stone-brick,ten_hours,95,1235,1185
item,stone-brick,ten_hours,96,1234,1215
item,stone-brick,ten_hours,97,1246,1255
item,stone-brick,ten_hours,98,1194,1180
item,stone-brick,ten_hours,99,1132,1140
item,stone-brick,ten_hours,100,1138,1120
item,stone-brick,ten_hours,101,1130,1190
item,stone-brick,ten_hours,102,1130,1125
item,stone-brick,ten_hours,103,1132,1135
item,stone-brick,ten_hours,104,1131,1140
item,stone-brick,ten_hours,105,1134,1140
item,stone-brick,ten_hours,106,1131,1140
item,stone-brick,ten_hours,107,1137,1140
item,stone-brick,ten_hours,108,1143,1135
item,stone-brick,ten_hours,109,1127,1125
item,stone-brick,ten_hours,110,1137,1145
item,stone-brick,ten_hours,111,1141,1135
item,stone-brick,ten_hours,112,1131,1125
item,stone-brick,ten_hours,113,1137,1165
item,stone-brick,ten_hours,114,1123,1210
item,stone-brick,ten_hours,115,1135,1120
item,stone-brick,ten_hours,116,1156,1190
item,stone-brick,ten_hours,117,1154,1120
item,stone-brick,ten_hours,118,1097,1150
item,stone-brick,ten_hours,119,1096,1080
item,stone-brick,ten_hours,120,1081,1090
item,stone-brick,ten_hours,121,1123,1110
item,stone-brick,ten_hours,122,1108,1120
item,stone-brick,ten_hours,123,1091,1110
item,stone-brick,ten_hours,124,1098,1090
item,stone-brick,ten_hours,125,1116,1110
item,stone-brick,ten_hours,126,1105,1045
item,stone-brick,ten_hours,127,1101,1035
item,stone-brick,ten_hours,128,1099,1115
item,stone-brick,ten_hours,129,1092,1195
item,stone-brick,ten_hours,130,1105,1100
item,stone-brick,ten_hours,131,1136,1110
item,stone-brick,ten_hours,132,1188,1150
item,stone-brick,ten_hours,133,1160,1170
item,stone-brick,ten_hours,134,1129,1140
item,stone-brick,ten_hours,135,1139,1140
item,stone-brick,ten_hours,136,1133,1140
item,stone-brick,ten_hours,137,1154,1140
item,stone-brick,ten_hours,138,1154,1140
item,stone-brick,ten_hours,139,1197,1110
item,stone-brick,ten_hours,140,1178,1050
item,stone-brick,ten_hours,141,903,755
item,stone-brick,ten_hours,142,897,900
item,stone-brick,ten_hours,143,903,900
item,stone-brick,ten_hours,144,897,930
item,stone-brick,ten_hours,145,903,1020
item,stone-brick,ten_hours,146,897,1170
item,stone-brick,ten_hours,147,894,1290
item,stone-brick,ten_hours,148,768,990
item,stone-brick,ten_hours,149,744,900
item,stone-brick,ten_hours,150,716,900
item,stone-brick,ten_hours,151,693,950
item,stone-brick,ten_hours,152,553,890
item,stone-brick,ten_hours,153,411,790
item,stone-brick,ten_hours,154,348,560
item,stone-brick,ten_hours,155,713,90
item,stone-brick,ten_hours,156,983,0
item,stone-brick,ten_hours,157,1009,0
item,stone-brick,ten_hours,158,720,370
item,stone-brick,ten_hours,159,635,900
item,stone-brick,ten_hours,160,439,880
item,stone-brick,ten_hours,161,214,110
item,stone-brick,ten_hours,162,218,10
item,stone-brick,ten_hours,163,213,0
item,stone-brick,ten_hours,164,218,0
item,stone-brick,ten_hours,165,210,0
item,stone-brick,ten_hours,166,190,0
item,stone-brick,ten_hours,167,185,0
item,stone-brick,ten_hours,168,258,0
item,stone-brick,ten_hours,169,431,300
item,stone-brick,ten_hours,170,231,200
item,stone-brick,ten_hours,171,149,0
item,stone-brick,ten_hours,172,151,0
item,stone-brick,ten_hours,173,182,90
item,stone-brick,ten_hours,174,829,30
item,stone-brick,ten_hours,175,872,0
item,stone-brick,ten_hours,176,867,160
item,stone-brick,ten_hours,177,873,760
item,stone-brick,ten_hours,178,868,760
item,stone-brick,ten_hours,179,872,750
item,stone-brick,ten_hours,180,854,770
item,stone-brick,ten_hours,181,901,860
item,stone-brick,ten_hours,182,566,220
item,stone-brick,fifty_hours,1,5481,5870
item,stone-brick,fifty_hours,2,4810,4755
item,stone-brick,fifty_hours,3,5927,5600
item,stone-brick,fifty_hours,4,6193,6200
item,stone-brick,fifty_hours,5,5828,6080
item,stone-brick,fifty_hours,6,5207,5190
item,stone-brick,fifty_hours,7,5269,5210
item,stone-brick,fifty_hours,8,5409,5400
item,stone-brick,fifty_hours,9,5542,5525
item,stone-brick,fifty_hours,10,5355,5520
item,stone-brick,fifty_hours,11,6046,5645
item,stone-brick,fifty_hours,12,6207,6200
item,stone-brick,fifty_hours,13,6154,6260
item,stone-brick,fifty_hours,14,5151,4955
item,stone-brick,fifty_hours,15,5781,4820
item,stone-brick,fifty_hours,16,6221,5450
item,stone-brick,fifty_hours,17,6201,6250
item,stone-brick,fifty_hours,18,6202,6150
item,stone-brick,fifty_hours,19,6222,6175
item,stone-brick,fifty_hours,20,5944,5910
item,stone-brick,fifty_hours,21,5657,5730
item,stone-brick,fifty_hours,22,5675,5685
item,stone-brick,fifty_hours,23,5667,5755
item,stone-brick,fifty_hours,24,5584,5630
item,stone-brick,fifty_hours,25,5536,5540
item,stone-brick,fifty_hours,26,5502,5490
item,stone-brick,fifty_hours,27,5752,5710
item,stone-brick,fifty_hours,28,5816,5580
item,stone-brick,fifty_hours,29,4503,4505
item,stone-brick,fifty_hours,30,4019,5250
item,stone-brick,fifty_hours,31,2718,3280
item,stone-brick,fifty_hours,32,3786,2150
item,stone-brick,fifty_hours,33,1073,120
item,stone-brick,fifty_hours,34,1295,500
item,stone-brick,fifty_hours,35,2183,120
item,stone-brick,fifty_hours,36,4334,3200
item,stone-brick,fifty_hours,37,1467,1080
item,iron-gear-wheel,ten_hours,1,1097,1088
item,iron-gear-wheel,ten_hours,2,1086,1079
item,iron-gear-wheel,ten_hours,3,1010,1090
item,iron-gear-wheel,ten_hours,4,1093,1091
item,iron-gear-wheel,ten_hours,5,1160,1086
item,iron-gear-wheel,ten_hours,6,1244,1084
item,iron-gear-wheel,ten_hours,7,1105,1063
item,iron-gear-wheel,ten_hours,8,1143,997
item,iron-gear-wheel,ten_hours,9,1456,863
item,iron-gear-wheel,ten_hours,10,1458,853
item,iron-gear-wheel,ten_hours,11,1391,946
item,iron-gear-wheel,ten_hours,12,1233,1223
item,iron-gear-wheel,ten_hours,13,1211,1412
item,iron-gear-wheel,ten_hours,14,1151,1087
item,iron-gear-wheel,ten_hours,15,1161,1084
item,iron-gear-wheel,ten_hours,16,1165,1094
item,iron-gear-wheel,ten_hours,17,1161,1081
item,iron-gear-wheel,ten_hours,18,1156,1082
item,iron-gear-wheel,ten_hours,19,1152,1089
item,iron-gear-wheel,ten_hours,20,1166,1083
item,iron-gear-wheel,ten_hours,21,1153,1090
item,iron-gear-wheel,ten_hours,22,1166,1083
item,iron-gear-wheel,ten_hours,23,1222,1090
item,iron-gear-wheel,ten_hours,24,1417,1079
item,iron-gear-wheel,ten_hours,25,1415,1088
item,iron-gear-wheel,ten_hours,26,1418,1085
item,iron-gear-wheel,ten_hours,27,1407,1088
item,iron-gear-wheel,ten_hours,28,1421,1084
item,iron-gear-wheel,ten_hours,29,1406,1075
item,iron-gear-wheel,ten_hours,30,1400,1172
item,iron-gear-wheel,ten_hours,31,1417,1187
item,iron-gear-wheel,ten_hours,32,1412,1284
item,iron-gear-wheel,ten_hours,33,1440,1291
item,iron-gear-wheel,ten_hours,34,1430,1275
item,iron-gear-wheel,ten_hours,35,1434,1305
item,iron-gear-wheel,ten_hours,36,1443,1290
item,iron-gear-wheel,ten_hours,37,1433,1120
item,iron-gear-wheel,ten_hours,38,1427,1479
item,iron-gear-wheel,ten_hours,39,1378,1961
item,iron-gear-wheel,ten_hours,40,1242,1298
item,iron-gear-wheel,ten_hours,41,1200,1213
item,iron-gear-wheel,ten_hours,42,1220,1256
item,iron-gear-wheel,ten_hours,43,1208,1342
item,iron-gear-wheel,ten_hours,44,1212,1226
item,iron-gear-wheel,ten_hours,45,1207,1381
item,iron-gear-wheel,ten_hours,46,1195,1412
item,iron-gear-wheel,ten_hours,47,1196,1443
item,iron-gear-wheel,ten_hours,48,1164,1430
item,iron-gear-wheel,ten_hours,49,1253,1509
item,iron-gear-wheel,ten_hours,50,1462,1399
item,iron-gear-wheel,ten_hours,51,1599,899
item,iron-gear-wheel,ten_hours,52,1475,821
item,iron-gear-wheel,ten_hours,53,1432,812
item,iron-gear-wheel,ten_hours,54,1439,822
item,iron-gear-wheel,ten_hours,55,1519,833
item,iron-gear-wheel,ten_hours,56,1544,887
item,iron-gear-wheel,ten_hours,57,1433,982
item,iron-gear-wheel,ten_hours,58,1484,1157
item,iron-gear-wheel,ten_hours,59,1521,1177
item,iron-gear-wheel,ten_hours,60,1502,1111
item,iron-gear-wheel,ten_hours,61,1466,1100
item,iron-gear-wheel,ten_hours,62,1486,1145
item,iron-gear-wheel,ten_hours,63,1534,1333
item,iron-gear-wheel,ten_hours,64,1517,1184
item,iron-gear-wheel,ten_hours,65,1507,1311
item,iron-gear-wheel,ten_hours,66,1548,1380
item,iron-gear-wheel,ten_hours,67,1514,1284
item,iron-gear-wheel,ten_hours,68,1533,1224
item,iron-gear-wheel,ten_hours,69,1608,1590
item,iron-gear-wheel,ten_hours,70,1643,1711
item,iron-gear-wheel,ten_hours,71,1568,1406
item,iron-gear-wheel,ten_hours,72,1548,1375
item,iron-gear-wheel,ten_hours,73,1510,1237
item,iron-gear-wheel,ten_hours,74,1516,1316
item,iron-gear-wheel,ten_hours,75,1533,1524
item,iron-gear-wheel,ten_hours,76,1543,1607
item,iron-gear-wheel,ten_hours,77,1506,1394
item,iron-gear-wheel,ten_hours,78,1551,1296
item,iron-gear-wheel,ten_hours,79,1542,1249
item,iron-gear-wheel,ten_hours,80,1522,1268
item,iron-gear-wheel,ten_hours,81,1573,1365
item,iron-gear-wheel,ten_hours,82,1515,1179
item,iron-gear-wheel,ten_hours,83,1631,1189
item,iron-gear-wheel,ten_hours,84,1701,1438
item,iron-gear-wheel,ten_hours,85,1700,2025
item,iron-gear-wheel,ten_hours,86,1692,1947
item,iron-gear-wheel,ten_hours,87,1696,1360
item,iron-gear-wheel,ten_hours,88,1756,1259
item,iron-gear-wheel,ten_hours,89,1744,1341
item,iron-gear-wheel,ten_hours,90,1744,1305
item,iron-gear-wheel,ten_hours,91,1749,1352
item,iron-gear-wheel,ten_hours,92,1748,1342
item,iron-gear-wheel,ten_hours,93,1752,1295
item,iron-gear-wheel,ten_hours,94,1747,1340
item,iron-gear-wheel,ten_hours,95,1706,1346
item,iron-gear-wheel,ten_hours,96,1698,1417
item,iron-gear-wheel,ten_hours,97,1673,1206
item,iron-gear-wheel,ten_hours,98,1750,1345
item,iron-gear-wheel,ten_hours,99,1766,1148
item,iron-gear-wheel,ten_hours,100,1784,1087
item,iron-gear-wheel,ten_hours,101,1756,1373
item,iron-gear-wheel,ten_hours,102,1760,1201
item,iron-gear-wheel,ten_hours,103,1766,1262
item,iron-gear-wheel,ten_hours,104,1764,1388
item,iron-gear-wheel,ten_hours,105,1790,1552
item,iron-gear-wheel,ten_hours,106,1795,1498
item,iron-gear-wheel,ten_hours,107,1756,1531
item,iron-gear-wheel,ten_hours,108,1768,1660
item,iron-gear-wheel,ten_hours,109,1789,1907
item,iron-gear-wheel,ten_hours,110,1793,2386
item,iron-gear-wheel,ten_hours,111,1816,2378
item,iron-gear-wheel,ten_hours,112,1863,2925
item,iron-gear-wheel,ten_hours,113,1854,2706
item,iron-gear-wheel,ten_hours,114,1768,2286
item,iron-gear-wheel,ten_hours,115,1762,1351
item,iron-gear-wheel,ten_hours,116,1782,1288
item,iron-gear-wheel,ten_hours,117,1771,1413
item,iron-gear-wheel,ten_hours,118,1747,1106
item,iron-gear-wheel,ten_hours,119,1788,1881
item,iron-gear-wheel,ten_hours,120,1725,2592
item,iron-gear-wheel,ten_hours,121,1688,1470
item,iron-gear-wheel,ten_hours,122,1795,1327
item,iron-gear-wheel,ten_hours,123,1790,1312
item,iron-gear-wheel,ten_hours,124,1799,1446
item,iron-gear-wheel,ten_hours,125,1865,1783
item,iron-gear-wheel,ten_hours,126,1842,2067
item,iron-gear-wheel,ten_hours,127,1612,1723
item,iron-gear-wheel,ten_hours,128,1697,2071
item,iron-gear-wheel,ten_hours,129,1751,1723
item,iron-gear-wheel,ten_hours,130,1602,1174
item,iron-gear-wheel,ten_hours,131,1592,1567
item,iron-gear-wheel,ten_hours,132,1553,1537
item,iron-gear-wheel,ten_hours,133,1551,1461
item,iron-gear-wheel,ten_hours,134,1549,1718
item,iron-gear-wheel,ten_hours,135,1543,1699
item,iron-gear-wheel,ten_hours,136,1547,1665
item,iron-gear-wheel,ten_hours,137,1661,1947
item,iron-gear-wheel,ten_hours,138,1819,1991
item,iron-gear-wheel,ten_hours,139,1897,2157
item,iron-gear-wheel,ten_hours,140,1941,2353
item,iron-gear-wheel,ten_hours,141,1986,2495
item,iron-gear-wheel,ten_hours,142,2071,2424
item,iron-gear-wheel,ten_hours,143,1888,2174
item,iron-gear-wheel,ten_hours,144,1900,2095
item,iron-gear-wheel,ten_hours,145,1980,1916
item,iron-gear-wheel,ten_hours,146,1914,1812
item,iron-gear-wheel,ten_hours,147,2027,2311
item,iron-gear-wheel,ten_hours,148,1975,1628
item,iron-gear-wheel,ten_hours,149,1949,1539
item,iron-gear-wheel,ten_hours,150,1946,1850
item,iron-gear-wheel,ten_hours,151,2570,1700
item,iron-gear-wheel,ten_hours,152,2713,1885
item,iron-gear-wheel,ten_hours,153,2769,1728
item,iron-gear-wheel,ten_hours,154,2830,1598
item,iron-gear-wheel,ten_hours,155,2987,1941
item,iron-gear-wheel,ten_hours,156,3077,1670
item,iron-gear-wheel,ten_hours,157,1936,1651
item,iron-gear-wheel,ten_hours,158,1657,1582
item,iron-gear-wheel,ten_hours,159,1596,1642
item,iron-gear-wheel,ten_hours,160,1487,1920
item,iron-gear-wheel,ten_hours,161,1582,1689
item,iron-gear-wheel,ten_hours,162,1488,1791
item,iron-gear-wheel,ten_hours,163,1459,1188
item,iron-gear-wheel,ten_hours,164,1511,1025
item,iron-gear-wheel,ten_hours,165,1607,1247
item,iron-gear-wheel,ten_hours,166,1886,1404
item,iron-gear-wheel,ten_hours,167,1751,1429
item,iron-gear-wheel,ten_hours,168,1620,1481
item,iron-gear-wheel,ten_hours,169,1444,1838
item,iron-gear-wheel,ten_hours,170,1234,1310
item,iron-gear-wheel,ten_hours,171,1533,1469
item,iron-gear-wheel,ten_hours,172,1518,1604
item,iron-gear-wheel,ten_hours,173,1518,1645
item,iron-gear-wheel,ten_hours,174,1518,1527
item,iron-gear-wheel,ten_hours,175,1404,1774
item,iron-gear-wheel,ten_hours,176,1275,1535
item,iron-gear-wheel,ten_hours,177,1387,980
item,iron-gear-wheel,ten_hours,178,1382,978
item,iron-gear-wheel,ten_hours,179,1362,1031
item,iron-gear-wheel,ten_hours,180,1234,1557
item,iron-gear-wheel,ten_hours,181,1290,1819
item,iron-gear-wheel,ten_hours,182,1316,951
item,iron-gear-wheel,ten_hours,183,1283,759
item,iron-gear-wheel,ten_hours,184,1361,911
item,iron-gear-wheel,ten_hours,185,1373,1166
item,iron-gear-wheel,ten_hours,186,1187,1062
item,iron-gear-wheel,ten_hours,187,880,606
item,iron-gear-wheel,ten_hours,188,717,853
item,iron-gear-wheel,ten_hours,189,460,341
item,iron-gear-wheel,ten_hours,190,475,377
item,iron-gear-wheel,ten_hours,191,456,530
item,iron-gear-wheel,ten_hours,192,412,259
item,iron-gear-wheel,ten_hours,193,438,302
item,iron-gear-wheel,ten_hours,194,193,246
item,iron-gear-wheel,ten_hours,195,266,232
item,iron-gear-wheel,ten_hours,196,261,178
item,iron-gear-wheel,ten_hours,197,52,28
item,iron-gear-wheel,ten_hours,198,76,77
item,iron-gear-wheel,ten_hours,199,65,63
item,iron-gear-wheel,ten_hours,200,6,6
item,iron-gear-wheel,fifty_hours,1,5446,5434
item,iron-gear-wheel,fifty_hours,2,6406,4860
item,iron-gear-wheel,fifty_hours,3,6147,5752
item,iron-gear-wheel,fifty_hours,4,5800,5429
item,iron-gear-wheel,fifty_hours,5,6373,5430
item,iron-gear-wheel,fifty_hours,6,7052,5504
item,iron-gear-wheel,fifty_hours,7,7133,6342
item,iron-gear-wheel,fifty_hours,8,6923,7148
item,iron-gear-wheel,fifty_hours,9,6047,6418
item,iron-gear-wheel,fifty_hours,10,6270,7193
item,iron-gear-wheel,fifty_hours,11,7464,4187
item,iron-gear-wheel,fifty_hours,12,7484,5314
item,iron-gear-wheel,fifty_hours,13,7510,6073
item,iron-gear-wheel,fifty_hours,14,7846,7189
item,iron-gear-wheel,fifty_hours,15,7675,6858
item,iron-gear-wheel,fifty_hours,16,7664,6814
item,iron-gear-wheel,fifty_hours,17,8120,7196
item,iron-gear-wheel,fifty_hours,18,8632,7212
item,iron-gear-wheel,fifty_hours,19,8702,6675
item,iron-gear-wheel,fifty_hours,20,8671,6203
item,iron-gear-wheel,fifty_hours,21,8836,6776
item,iron-gear-wheel,fifty_hours,22,8901,8982
item,iron-gear-wheel,fifty_hours,23,9063,11646
item,iron-gear-wheel,fifty_hours,24,8813,8280
item,iron-gear-wheel,fifty_hours,25,8937,7338
item,iron-gear-wheel,fifty_hours,26,8504,8758
item,iron-gear-wheel,fifty_hours,27,7788,7982
item,iron-gear-wheel,fifty_hours,28,8865,10113
item,iron-gear-wheel,fifty_hours,29,9825,11104
item,iron-gear-wheel,fifty_hours,30,9811,9140
item,iron-gear-wheel,fifty_hours,31,13869,8852
item,iron-gear-wheel,fifty_hours,32,9753,8465
item,iron-gear-wheel,fifty_hours,33,7647,6940
item,iron-gear-wheel,fifty_hours,34,7935,7462
item,iron-gear-wheel,fifty_hours,35,7491,8019
item,iron-gear-wheel,fifty_hours,36,6640,6081
item,iron-gear-wheel,fifty_hours,37,6623,5606
item,iron-gear-wheel,fifty_hours,38,3719,3239
item,iron-gear-wheel,fifty_hours,39,1765,1569
item,iron-gear-wheel,fifty_hours,40,460,352
item,copper-cable,ten_hours,1,46556,46264
item,copper-cable,ten_hours,2,46718,46389
item,copper-cable,ten_hours,3,45178,45021
item,copper-cable,ten_hours,4,42616,42476
item,copper-cable,ten_hours,5,41112,40935
item,copper-cable,ten_hours,6,41436,41069
item,copper-cable,ten_hours,7,44140,43736
item,copper-cable,ten_hours,8,42072,42117
item,copper-cable,ten_hours,9,43780,43716
item,copper-cable,ten_hours,10,45520,45512
item,copper-cable,ten_hours,11,46148,45981
item,copper-cable,ten_hours,12,46728,46721
item,copper-cable,ten_hours,13,46760,46779
item,copper-cable,ten_hours,14,46792,46760
item,copper-cable,ten_hours,15,46860,46886
item,copper-cable,ten_hours,16,46934,46947
item,copper-cable,ten_hours,17,46930,46921
item,copper-cable,ten_hours,18,46910,46892
item,copper-cable,ten_hours,19,46878,46877
item,copper-cable,ten_hours,20,46940,46971
item,copper-cable,ten_hours,21,46900,46914
item,copper-cable,ten_hours,22,46910,46861
item,copper-cable,ten_hours,23,46848,46868
item,copper-cable,ten_hours,24,46746,46788
item,copper-cable,ten_hours,25,46694,46681
item,copper-cable,ten_hours,26,46682,46717
item,copper-cable,ten_hours,27,46672,46645
item,copper-cable,ten_hours,28,46712,46722
item,copper-cable,ten_hours,29,46706,46696
item,copper-cable,ten_hours,30,46778,46761
item,copper-cable,ten_hours,31,46412,46410
item,copper-cable,ten_hours,32,46736,46734
item,copper-cable,ten_hours,33,46574,46568
item,copper-cable,ten_hours,34,47330,47187
item,copper-cable,ten_hours,35,47450,47284
item,copper-cable,ten_hours,36,47382,47270
item,copper-cable,ten_hours,37,47362,47128
item,copper-cable,ten_hours,38,47198,46935
item,copper-cable,ten_hours,39,47000,46924
item,copper-cable,ten_hours,40,46988,46913
item,copper-cable,ten_hours,41,46852,46882
item,copper-cable,ten_hours,42,47044,47026
item,copper-cable,ten_hours,43,46928,46971
item,copper-cable,ten_hours,44,46940,46939
item,copper-cable,ten_hours,45,46956,46931
item,copper-cable,ten_hours,46,46944,46947
item,copper-cable,ten_hours,47,46986,46986
item,copper-cable,ten_hours,48,47068,47052
item,copper-cable,ten_hours,49,47110,47111
item,copper-cable,ten_hours,50,47034,47009
item,copper-cable,ten_hours,51,47190,47191
item,copper-cable,ten_hours,52,47136,47137
item,copper-cable,ten_hours,53,47088,47072
item,copper-cable,ten_hours,54,47166,47187
item,copper-cable,ten_hours,55,47092,47095
item,copper-cable,ten_hours,56,47096,47093
item,copper-cable,ten_hours,57,47120,47121
item,copper-cable,ten_hours,58,47122,47127
item,copper-cable,ten_hours,59,47142,47131
item,copper-cable,ten_hours,60,47100,47119
item,copper-cable,ten_hours,61,47134,47101
item,copper-cable,ten_hours,62,47132,47161
item,copper-cable,ten_hours,63,47058,47056
item,copper-cable,ten_hours,64,47140,47122
item,copper-cable,ten_hours,65,47158,47166
item,copper-cable,ten_hours,66,47530,47453
item,copper-cable,ten_hours,67,48452,48540
item,copper-cable,ten_hours,68,48464,48422
item,copper-cable,ten_hours,69,46144,46090
item,copper-cable,ten_hours,70,45716,45735
item,copper-cable,ten_hours,71,45908,45896
item,copper-cable,ten_hours,72,45892,45915
item,copper-cable,ten_hours,73,45800,45789
item,copper-cable,ten_hours,74,45772,45799
item,copper-cable,ten_hours,75,45794,45826
item,copper-cable,ten_hours,76,45848,45798
item,copper-cable,ten_hours,77,45978,46057
item,copper-cable,ten_hours,78,45854,45783
item,copper-cable,ten_hours,79,45830,45807
item,copper-cable,ten_hours,80,45872,45900
item,copper-cable,ten_hours,81,45800,45756
item,copper-cable,ten_hours,82,45222,45262
item,copper-cable,ten_hours,83,45302,45296
item,copper-cable,ten_hours,84,45574,45572
item,copper-cable,ten_hours,85,45544,45600
item,copper-cable,ten_hours,86,45948,45964
item,copper-cable,ten_hours,87,46012,45997
item,copper-cable,ten_hours,88,46488,46440
item,copper-cable,ten_hours,89,46386,46387
item,copper-cable,ten_hours,90,46894,46820
item,copper-cable,ten_hours,91,47288,47290
item,copper-cable,ten_hours,92,47490,47491
item,copper-cable,ten_hours,93,48420,48439
item,copper-cable,ten_hours,94,47184,47237
item,copper-cable,ten_hours,95,46830,46794
item,copper-cable,ten_hours,96,46796,46822
item,copper-cable,ten_hours,97,46878,46838
item,copper-cable,ten_hours,98,47186,47098
item,copper-cable,ten_hours,99,47234,47265
item,copper-cable,ten_hours,100,47146,47146
item,copper-cable,ten_hours,101,47400,47327
item,copper-cable,ten_hours,102,46910,46913
item,copper-cable,ten_hours,103,47090,47024
item,copper-cable,ten_hours,104,47098,47118
item,copper-cable,ten_hours,105,47306,47316
item,copper-cable,ten_hours,106,47254,47251
item,copper-cable,ten_hours,107,47514,47510
item,copper-cable,ten_hours,108,47344,47384
item,copper-cable,ten_hours,109,47396,47417
item,copper-cable,ten_hours,110,48144,47905
item,copper-cable,ten_hours,111,48928,48736
item,copper-cable,ten_hours,112,49498,49514
item,copper-cable,ten_hours,113,42564,42818
item,copper-cable,ten_hours,114,43610,43110
item,copper-cable,ten_hours,115,47792,47503
item,copper-cable,ten_hours,116,47784,47723
item,copper-cable,ten_hours,117,47516,47193
item,copper-cable,ten_hours,118,47146,46903
item,copper-cable,ten_hours,119,47234,46935
item,copper-cable,ten_hours,120,47778,47470
item,copper-cable,ten_hours,121,48010,47650
item,copper-cable,ten_hours,122,46756,46733
item,copper-cable,ten_hours,123,43642,42876
item,copper-cable,ten_hours,124,39538,39410
item,copper-cable,ten_hours,125,36840,36047
item,copper-cable,ten_hours,126,36618,36320
item,copper-cable,ten_hours,127,35532,35374
item,copper-cable,ten_hours,128,35340,35221
item,copper-cable,ten_hours,129,35250,35032
item,copper-cable,ten_hours,130,35262,34962
item,copper-cable,ten_hours,131,34932,34667
item,copper-cable,ten_hours,132,34482,34248
item,copper-cable,ten_hours,133,34420,34126
item,copper-cable,ten_hours,134,34474,34169
item,copper-cable,ten_hours,135,34500,34164
item,copper-cable,ten_hours,136,34710,34573
item,copper-cable,ten_hours,137,34578,34079
item,copper-cable,ten_hours,138,35134,34897
item,copper-cable,ten_hours,139,37158,36837
item,copper-cable,ten_hours,140,36540,36346
item,copper-cable,ten_hours,141,27294,26677
item,copper-cable,ten_hours,142,19290,18712
item,copper-cable,ten_hours,143,15664,15866
item,copper-cable,ten_hours,144,11678,10881
item,copper-cable,ten_hours,145,13836,13712
item,copper-cable,ten_hours,146,13838,13714
item,copper-cable,ten_hours,147,13852,13722
item,copper-cable,ten_hours,148,13794,13624
item,copper-cable,ten_hours,149,13776,13485
item,copper-cable,ten_hours,150,13798,13589
item,copper-cable,ten_hours,151,13784,13959
item,copper-cable,ten_hours,152,13790,13554
item,copper-cable,ten_hours,153,13774,13669
item,copper-cable,ten_hours,154,13016,12906
item,copper-cable,ten_hours,155,10480,9582
item,copper-cable,ten_hours,156,9278,8570
item,copper-cable,ten_hours,157,8032,7318
item,copper-cable,ten_hours,158,6926,6600
item,copper-cable,ten_hours,159,7010,6720
item,copper-cable,ten_hours,160,7032,6840
item,copper-cable,ten_hours,161,7072,6944
item,copper-cable,ten_hours,162,7062,6912
item,copper-cable,ten_hours,163,6816,6716
item,copper-cable,ten_hours,164,6758,6724
item,copper-cable,ten_hours,165,6840,6768
item,copper-cable,ten_hours,166,6498,6760
item,copper-cable,ten_hours,167,4942,4308
item,copper-cable,ten_hours,168,3036,2520
item,copper-cable,ten_hours,169,2520,2517
item,copper-cable,ten_hours,170,2566,2572
item,copper-cable,ten_hours,171,2570,2564
item,copper-cable,ten_hours,172,2520,2520
item,copper-cable,ten_hours,173,2520,2520
item,copper-cable,ten_hours,174,2520,2520
item,copper-cable,ten_hours,175,2520,2520
item,copper-cable,ten_hours,176,2520,2520
item,copper-cable,ten_hours,177,2524,2523
item,copper-cable,ten_hours,178,1904,1905
item,copper-cable,ten_hours,179,1132,1146
item,copper-cable,ten_hours,180,1134,1119
item,copper-cable,ten_hours,181,1118,1125
item,copper-cable,ten_hours,182,1144,1134
item,copper-cable,ten_hours,183,1208,1218
item,copper-cable,ten_hours,184,1326,1333
item,copper-cable,ten_hours,185,1288,1286
item,copper-cable,ten_hours,186,1284,1287
item,copper-cable,ten_hours,187,1386,1506
item,copper-cable,ten_hours,188,1408,1410
item,copper-cable,ten_hours,189,1318,1320
item,copper-cable,ten_hours,190,406,449
item,copper-cable,ten_hours,191,590,898
item,copper-cable,ten_hours,192,656,732
item,copper-cable,ten_hours,193,896,447
item,copper-cable,ten_hours,194,392,423
item,copper-cable,ten_hours,195,408,578
item,copper-cable,ten_hours,196,550,213
item,copper-cable,ten_hours,197,66,66
item,copper-cable,ten_hours,198,38,38
item,copper-cable,fifty_hours,1,222180,221085
item,copper-cable,fifty_hours,2,216948,216150
item,copper-cable,fifty_hours,3,233288,233127
item,copper-cable,fifty_hours,4,234592,234608
item,copper-cable,fifty_hours,5,234098,234112
item,copper-cable,fifty_hours,6,233550,233541
item,copper-cable,fifty_hours,7,234502,234183
item,copper-cable,fifty_hours,8,235930,235170
item,copper-cable,fifty_hours,9,234720,234749
item,copper-cable,fifty_hours,10,235142,235105
item,copper-cable,fifty_hours,11,235672,235682
item,copper-cable,fifty_hours,12,235580,235591
item,copper-cable,fifty_hours,13,235622,235606
item,copper-cable,fifty_hours,14,236306,236240
item,copper-cable,fifty_hours,15,229166,229225
item,copper-cable,fifty_hours,16,229382,229345
item,copper-cable,fifty_hours,17,227442,227486
item,copper-cable,fifty_hours,18,231728,231608
item,copper-cable,fifty_hours,19,237212,237251
item,copper-cable,fifty_hours,20,235240,235169
item,copper-cable,fifty_hours,21,235804,235698
item,copper-cable,fifty_hours,22,237652,237467
item,copper-cable,fifty_hours,23,232392,231681
item,copper-cable,fifty_hours,24,237458,236224
item,copper-cable,fifty_hours,25,214786,212716
item,copper-cable,fifty_hours,26,178002,176909
item,copper-cable,fifty_hours,27,172808,171374
item,copper-cable,fifty_hours,28,178120,176732
item,copper-cable,fifty_hours,29,87762,85848
item,copper-cable,fifty_hours,30,69058,68134
item,copper-cable,fifty_hours,31,64844,63670
item,copper-cable,fifty_hours,32,38278,36048
item,copper-cable,fifty_hours,33,34548,34064
item,copper-cable,fifty_hours,34,19562,18677
item,copper-cable,fifty_hours,35,12650,12644
item,copper-cable,fifty_hours,36,9214,9213
item,copper-cable,fifty_hours,37,6084,6096
item,copper-cable,fifty_hours,38,5802,5972
item,copper-cable,fifty_hours,39,2942,3078
item,copper-cable,fifty_hours,40,654,317
item,electronic-circuit,ten_hours,1,13693,13756
item,electronic-circuit,ten_hours,2,13686,13732
item,electronic-circuit,ten_hours,3,13231,13385
item,electronic-circuit,ten_hours,4,12459,12440
item,electronic-circuit,ten_hours,5,12231,11883
item,electronic-circuit,ten_hours,6,12481,11642
item,electronic-circuit,ten_hours,7,13357,12436
item,electronic-circuit,ten_hours,8,12732,12290
item,electronic-circuit,ten_hours,9,13270,12764
item,electronic-circuit,ten_hours,10,13812,13134
item,electronic-circuit,ten_hours,11,13852,13374
item,electronic-circuit,ten_hours,12,13844,13661
item,electronic-circuit,ten_hours,13,13861,13815
item,electronic-circuit,ten_hours,14,13866,13690
item,electronic-circuit,ten_hours,15,13868,13791
item,electronic-circuit,ten_hours,16,13901,13720
item,electronic-circuit,ten_hours,17,13882,13749
item,electronic-circuit,ten_hours,18,13883,13772
item,electronic-circuit,ten_hours,19,13871,13785
item,electronic-circuit,ten_hours,20,13895,13712
item,electronic-circuit,ten_hours,21,13884,13807
item,electronic-circuit,ten_hours,22,13886,13718
item,electronic-circuit,ten_hours,23,13868,13759
item,electronic-circuit,ten_hours,24,13898,13652
item,electronic-circuit,ten_hours,25,13880,13777
item,electronic-circuit,ten_hours,26,13892,13756
item,electronic-circuit,ten_hours,27,13860,13763
item,electronic-circuit,ten_hours,28,13891,13740
item,electronic-circuit,ten_hours,29,13904,13699
item,electronic-circuit,ten_hours,30,13950,13809
item,electronic-circuit,ten_hours,31,13824,13718
item,electronic-circuit,ten_hours,32,13931,13460
item,electronic-circuit,ten_hours,33,13889,13551
item,electronic-circuit,ten_hours,34,14059,13744
item,electronic-circuit,ten_hours,35,14086,13963
item,electronic-circuit,ten_hours,36,14082,13915
item,electronic-circuit,ten_hours,37,14075,13646
item,electronic-circuit,ten_hours,38,14040,13546
item,electronic-circuit,ten_hours,39,14013,13900
item,electronic-circuit,ten_hours,40,13979,13682
item,electronic-circuit,ten_hours,41,13943,13652
item,electronic-circuit,ten_hours,42,14000,13694
item,electronic-circuit,ten_hours,43,14007,13842
item,electronic-circuit,ten_hours,44,13995,13724
item,electronic-circuit,ten_hours,45,13998,13807
item,electronic-circuit,ten_hours,46,14025,13648
item,electronic-circuit,ten_hours,47,14038,13858
item,electronic-circuit,ten_hours,48,14010,13877
item,electronic-circuit,ten_hours,49,14049,14264
item,electronic-circuit,ten_hours,50,14013,14157
item,electronic-circuit,ten_hours,51,13997,13901
item,electronic-circuit,ten_hours,52,13991,13669
item,electronic-circuit,ten_hours,53,13978,13750
item,electronic-circuit,ten_hours,54,14015,13716
item,electronic-circuit,ten_hours,55,14008,13722
item,electronic-circuit,ten_hours,56,14017,13834
item,electronic-circuit,ten_hours,57,14013,13975
item,electronic-circuit,ten_hours,58,14007,13953
item,electronic-circuit,ten_hours,59,13997,13844
item,electronic-circuit,ten_hours,60,14006,13709
item,electronic-circuit,ten_hours,61,13990,13772
item,electronic-circuit,ten_hours,62,13998,13820
item,electronic-circuit,ten_hours,63,13986,13943
item,electronic-circuit,ten_hours,64,14020,13798
item,electronic-circuit,ten_hours,65,14015,14061
item,electronic-circuit,ten_hours,66,14191,13954
item,electronic-circuit,ten_hours,67,14523,14317
item,electronic-circuit,ten_hours,68,14628,14404
item,electronic-circuit,ten_hours,69,13398,14222
item,electronic-circuit,ten_hours,70,13175,13250
item,electronic-circuit,ten_hours,71,13279,13095
item,electronic-circuit,ten_hours,72,13337,13032
item,electronic-circuit,ten_hours,73,13349,12996
item,electronic-circuit,ten_hours,74,13329,13019
item,electronic-circuit,ten_hours,75,13358,13313
item,electronic-circuit,ten_hours,76,13346,13506
item,electronic-circuit,ten_hours,77,13420,13846
item,electronic-circuit,ten_hours,78,13340,13499
item,electronic-circuit,ten_hours,79,13329,13393
item,electronic-circuit,ten_hours,80,13364,13463
item,electronic-circuit,ten_hours,81,13318,13397
item,electronic-circuit,ten_hours,82,13129,13027
item,electronic-circuit,ten_hours,83,13146,13042
item,electronic-circuit,ten_hours,84,13248,13062
item,electronic-circuit,ten_hours,85,13230,13152
item,electronic-circuit,ten_hours,86,13268,13259
item,electronic-circuit,ten_hours,87,13280,13322
item,electronic-circuit,ten_hours,88,13454,13052
item,electronic-circuit,ten_hours,89,13442,13164
item,electronic-circuit,ten_hours,90,13591,13295
item,electronic-circuit,ten_hours,91,13777,13262
item,electronic-circuit,ten_hours,92,13847,13349
item,electronic-circuit,ten_hours,93,14163,13406
item,electronic-circuit,ten_hours,94,13675,13414
item,electronic-circuit,ten_hours,95,13586,13387
item,electronic-circuit,ten_hours,96,13579,13400
item,electronic-circuit,ten_hours,97,13600,13461
item,electronic-circuit,ten_hours,98,13565,13328
item,electronic-circuit,ten_hours,99,13578,13353
item,electronic-circuit,ten_hours,100,13627,13335
item,electronic-circuit,ten_hours,101,13626,13455
item,electronic-circuit,ten_hours,102,13432,13095
item,electronic-circuit,ten_hours,103,13443,13079
item,electronic-circuit,ten_hours,104,13422,13017
item,electronic-circuit,ten_hours,105,13487,13223
item,electronic-circuit,ten_hours,106,13477,13184
item,electronic-circuit,ten_hours,107,13554,13485
item,electronic-circuit,ten_hours,108,13553,13272
item,electronic-circuit,ten_hours,109,13605,13294
item,electronic-circuit,ten_hours,110,13742,13392
item,electronic-circuit,ten_hours,111,14012,13446
item,electronic-circuit,ten_hours,112,14127,13961
item,electronic-circuit,ten_hours,113,12142,12353
item,electronic-circuit,ten_hours,114,12462,11684
item,electronic-circuit,ten_hours,115,13570,13179
item,electronic-circuit,ten_hours,116,13629,13174
item,electronic-circuit,ten_hours,117,13492,13647
item,electronic-circuit,ten_hours,118,13429,13086
item,electronic-circuit,ten_hours,119,13402,13220
item,electronic-circuit,ten_hours,120,13644,13270
item,electronic-circuit,ten_hours,121,13672,13192
item,electronic-circuit,ten_hours,122,13451,12194
item,electronic-circuit,ten_hours,123,12131,11644
item,electronic-circuit,ten_hours,124,11292,10116
item,electronic-circuit,ten_hours,125,10188,9780
item,electronic-circuit,ten_hours,126,10320,9976
item,electronic-circuit,ten_hours,127,9914,10130
item,electronic-circuit,ten_hours,128,9836,10191
item,electronic-circuit,ten_hours,129,9823,10089
item,electronic-circuit,ten_hours,130,9832,9650
item,electronic-circuit,ten_hours,131,9830,9827
item,electronic-circuit,ten_hours,132,9827,9869
item,electronic-circuit,ten_hours,133,9837,9750
item,electronic-circuit,ten_hours,134,9817,9782
item,electronic-circuit,ten_hours,135,9832,9851
item,electronic-circuit,ten_hours,136,9835,9893
item,electronic-circuit,ten_hours,137,9823,9868
item,electronic-circuit,ten_hours,138,9941,10192
item,electronic-circuit,ten_hours,139,10515,10109
item,electronic-circuit,ten_hours,140,10399,9162
item,electronic-circuit,ten_hours,141,7468,5972
item,electronic-circuit,ten_hours,142,5195,5342
item,electronic-circuit,ten_hours,143,4463,3488
item,electronic-circuit,ten_hours,144,3265,2517
item,electronic-circuit,ten_hours,145,3613,3443
item,electronic-circuit,ten_hours,146,3611,3369
item,electronic-circuit,ten_hours,147,3617,3787
item,electronic-circuit,ten_hours,148,3612,3095
item,electronic-circuit,ten_hours,149,3600,2992
item,electronic-circuit,ten_hours,150,3571,3369
item,electronic-circuit,ten_hours,151,3562,3169
item,electronic-circuit,ten_hours,152,3535,3237
item,electronic-circuit,ten_hours,153,3398,3096
item,electronic-circuit,ten_hours,154,3141,2457
item,electronic-circuit,ten_hours,155,2543,1929
item,electronic-circuit,ten_hours,156,2280,1729
item,electronic-circuit,ten_hours,157,1904,1734
item,electronic-circuit,ten_hours,158,1636,1644
item,electronic-circuit,ten_hours,159,1680,1721
item,electronic-circuit,ten_hours,160,1683,1979
item,electronic-circuit,ten_hours,161,1673,1899
item,electronic-circuit,ten_hours,162,1680,1863
item,electronic-circuit,ten_hours,163,1680,1339
item,electronic-circuit,ten_hours,164,1680,1080
item,electronic-circuit,ten_hours,165,1680,1193
item,electronic-circuit,ten_hours,166,1610,1460
item,electronic-circuit,ten_hours,167,1435,657
item,electronic-circuit,ten_hours,168,840,817
item,electronic-circuit,ten_hours,169,839,928
item,electronic-circuit,ten_hours,170,840,658
item,electronic-circuit,ten_hours,171,840,866
item,electronic-circuit,ten_hours,172,840,823
item,electronic-circuit,ten_hours,173,840,866
item,electronic-circuit,ten_hours,174,840,869
item,electronic-circuit,ten_hours,175,840,865
item,electronic-circuit,ten_hours,176,840,555
item,electronic-circuit,ten_hours,177,841,540
item,electronic-circuit,ten_hours,178,629,501
item,electronic-circuit,ten_hours,179,383,481
item,electronic-circuit,ten_hours,180,375,307
item,electronic-circuit,ten_hours,181,375,514
item,electronic-circuit,ten_hours,182,376,331
item,electronic-circuit,ten_hours,183,398,267
item,electronic-circuit,ten_hours,184,441,463
item,electronic-circuit,ten_hours,185,412,570
item,electronic-circuit,ten_hours,186,425,570
item,electronic-circuit,ten_hours,187,454,280
item,electronic-circuit,ten_hours,188,472,635
item,electronic-circuit,ten_hours,189,434,318
item,electronic-circuit,ten_hours,190,148,206
item,electronic-circuit,ten_hours,191,293,159
item,electronic-circuit,ten_hours,192,206,122
item,electronic-circuit,ten_hours,193,135,116
item,electronic-circuit,ten_hours,194,143,123
item,electronic-circuit,ten_hours,195,174,79
item,electronic-circuit,ten_hours,196,71,80
item,electronic-circuit,ten_hours,197,12,0
item,electronic-circuit,ten_hours,198,10,10
item,electronic-circuit,fifty_hours,1,65300,65196
item,electronic-circuit,fifty_hours,2,65652,62266
item,electronic-circuit,fifty_hours,3,69291,68331
item,electronic-circuit,fifty_hours,4,69432,68738
item,electronic-circuit,fifty_hours,5,69416,68713
item,electronic-circuit,fifty_hours,6,69497,68767
item,electronic-circuit,fifty_hours,7,69789,68436
item,electronic-circuit,fifty_hours,8,70189,68689
item,electronic-circuit,fifty_hours,9,69943,68719
item,electronic-circuit,fifty_hours,10,70135,69804
item,electronic-circuit,fifty_hours,11,69989,68758
item,electronic-circuit,fifty_hours,12,70040,69315
item,electronic-circuit,fifty_hours,13,70009,69394
item,electronic-circuit,fifty_hours,14,69915,70147
item,electronic-circuit,fifty_hours,15,66652,65455
item,electronic-circuit,fifty_hours,16,66799,67707
item,electronic-circuit,fifty_hours,17,66071,65680
item,electronic-circuit,fifty_hours,18,67035,66092
item,electronic-circuit,fifty_hours,19,69048,66818
item,electronic-circuit,fifty_hours,20,67949,66877
item,electronic-circuit,fifty_hours,21,67410,65869
item,electronic-circuit,fifty_hours,22,67931,66627
item,electronic-circuit,fifty_hours,23,66313,64623
item,electronic-circuit,fifty_hours,24,67596,66397
item,electronic-circuit,fifty_hours,25,60734,56926
item,electronic-circuit,fifty_hours,26,49725,50036
item,electronic-circuit,fifty_hours,27,49143,49079
item,electronic-circuit,fifty_hours,28,50513,49224
item,electronic-circuit,fifty_hours,29,24004,20762
item,electronic-circuit,fifty_hours,30,18011,16612
item,electronic-circuit,fifty_hours,31,16179,13888
item,electronic-circuit,fifty_hours,32,9183,8807
item,electronic-circuit,fifty_hours,33,8393,7374
item,electronic-circuit,fifty_hours,34,5564,4520
item,electronic-circuit,fifty_hours,35,4200,4289
item,electronic-circuit,fifty_hours,36,3068,2384
item,electronic-circuit,fifty_hours,37,2002,2145
item,electronic-circuit,fifty_hours,38,1933,2009
item,electronic-circuit,fifty_hours,39,951,599
item,electronic-circuit,fifty_hours,40,93,90
item,advanced-circuit,ten_hours,1,2064,1790
item,advanced-circuit,ten_hours,2,2097,1815
item,advanced-circuit,ten_hours,3,2058,1983
item,advanced-circuit,ten_hours,4,1956,1904
item,advanced-circuit,ten_hours,5,1724,1778
item,advanced-circuit,ten_hours,6,1604,1742
item,advanced-circuit,ten_hours,7,1676,1758
item,advanced-circuit,ten_hours,8,1677,1518
item,advanced-circuit,ten_hours,9,1717,1412
item,advanced-circuit,ten_hours,10,1786,1290
item,advanced-circuit,ten_hours,11,1894,1485
item,advanced-circuit,ten_hours,12,2063,1659
item,advanced-circuit,ten_hours,13,2066,1777
item,advanced-circuit,ten_hours,14,2068,1811
item,advanced-circuit,ten_hours,15,2090,1792
item,advanced-circuit,ten_hours,16,2082,1788
item,advanced-circuit,ten_hours,17,2088,1783
item,advanced-circuit,ten_hours,18,2086,1793
item,advanced-circuit,ten_hours,19,2088,1801
item,advanced-circuit,ten_hours,20,2089,1789
item,advanced-circuit,ten_hours,21,2086,1809
item,advanced-circuit,ten_hours,22,2083,1771
item,advanced-circuit,ten_hours,23,2082,1870
item,advanced-circuit,ten_hours,24,2034,1791
item,advanced-circuit,ten_hours,25,2014,1832
item,advanced-circuit,ten_hours,26,2019,1836
item,advanced-circuit,ten_hours,27,2015,1849
item,advanced-circuit,ten_hours,28,2012,1873
item,advanced-circuit,ten_hours,29,2004,1861
item,advanced-circuit,ten_hours,30,1989,2129
item,advanced-circuit,ten_hours,31,1982,1996
item,advanced-circuit,ten_hours,32,1988,1852
item,advanced-circuit,ten_hours,33,1979,1886
item,advanced-circuit,ten_hours,34,1978,2207
item,advanced-circuit,ten_hours,35,1979,2327
item,advanced-circuit,ten_hours,36,1983,2372
item,advanced-circuit,ten_hours,37,1967,2346
item,advanced-circuit,ten_hours,38,1970,2262
item,advanced-circuit,ten_hours,39,1982,2255
item,advanced-circuit,ten_hours,40,1987,2217
item,advanced-circuit,ten_hours,41,1988,2158
item,advanced-circuit,ten_hours,42,1991,2188
item,advanced-circuit,ten_hours,43,2002,2191
item,advanced-circuit,ten_hours,44,2000,2152
item,advanced-circuit,ten_hours,45,1996,2136
item,advanced-circuit,ten_hours,46,1978,2122
item,advanced-circuit,ten_hours,47,1983,2311
item,advanced-circuit,ten_hours,48,1980,2391
item,advanced-circuit,ten_hours,49,1976,2474
item,advanced-circuit,ten_hours,50,2002,2287
item,advanced-circuit,ten_hours,51,2066,1298
item,advanced-circuit,ten_hours,52,2064,1279
item,advanced-circuit,ten_hours,53,2066,1378
item,advanced-circuit,ten_hours,54,2062,1434
item,advanced-circuit,ten_hours,55,2044,1551
item,advanced-circuit,ten_hours,56,2046,1709
item,advanced-circuit,ten_hours,57,2050,1864
item,advanced-circuit,ten_hours,58,2046,1991
item,advanced-circuit,ten_hours,59,2063,1975
item,advanced-circuit,ten_hours,60,2060,1786
item,advanced-circuit,ten_hours,61,2061,1788
item,advanced-circuit,ten_hours,62,2061,1855
item,advanced-circuit,ten_hours,63,2057,1850
item,advanced-circuit,ten_hours,64,2053,2000
item,advanced-circuit,ten_hours,65,2052,2038
item,advanced-circuit,ten_hours,66,2002,2099
item,advanced-circuit,ten_hours,67,2019,2060
item,advanced-circuit,ten_hours,68,1931,2269
item,advanced-circuit,ten_hours,69,1907,1896
item,advanced-circuit,ten_hours,70,1942,1553
item,advanced-circuit,ten_hours,71,1998,1542
item,advanced-circuit,ten_hours,72,2021,1563
item,advanced-circuit,ten_hours,73,2020,1732
item,advanced-circuit,ten_hours,74,2027,1838
item,advanced-circuit,ten_hours,75,2019,1939
item,advanced-circuit,ten_hours,76,2020,2141
item,advanced-circuit,ten_hours,77,2025,3186
item,advanced-circuit,ten_hours,78,2020,3758
item,advanced-circuit,ten_hours,79,2026,2088
item,advanced-circuit,ten_hours,80,2027,2186
item,advanced-circuit,ten_hours,81,2028,2142
item,advanced-circuit,ten_hours,82,2028,1651
item,advanced-circuit,ten_hours,83,2031,1645
item,advanced-circuit,ten_hours,84,2026,1622
item,advanced-circuit,ten_hours,85,2038,1660
item,advanced-circuit,ten_hours,86,2099,1635
item,advanced-circuit,ten_hours,87,2098,1664
item,advanced-circuit,ten_hours,88,2095,1608
item,advanced-circuit,ten_hours,89,2090,1889
item,advanced-circuit,ten_hours,90,2096,1937
item,advanced-circuit,ten_hours,91,2075,1990
item,advanced-circuit,ten_hours,92,2090,2105
item,advanced-circuit,ten_hours,93,2091,2074
item,advanced-circuit,ten_hours,94,2090,2103
item,advanced-circuit,ten_hours,95,2095,2240
item,advanced-circuit,ten_hours,96,2096,2239
item,advanced-circuit,ten_hours,97,2091,2198
item,advanced-circuit,ten_hours,98,2094,1927
item,advanced-circuit,ten_hours,99,2093,1793
item,advanced-circuit,ten_hours,100,2042,1845
item,advanced-circuit,ten_hours,101,2076,1793
item,advanced-circuit,ten_hours,102,2098,1575
item,advanced-circuit,ten_hours,103,2100,1555
item,advanced-circuit,ten_hours,104,2101,1580
item,advanced-circuit,ten_hours,105,2097,1580
item,advanced-circuit,ten_hours,106,2099,1607
item,advanced-circuit,ten_hours,107,2102,1621
item,advanced-circuit,ten_hours,108,2065,1727
item,advanced-circuit,ten_hours,109,2031,1820
item,advanced-circuit,ten_hours,110,2043,1931
item,advanced-circuit,ten_hours,111,2043,1863
item,advanced-circuit,ten_hours,112,2101,1897
item,advanced-circuit,ten_hours,113,1861,1759
item,advanced-circuit,ten_hours,114,1761,1643
item,advanced-circuit,ten_hours,115,2064,1709
item,advanced-circuit,ten_hours,116,2048,1809
item,advanced-circuit,ten_hours,117,2057,1841
item,advanced-circuit,ten_hours,118,2027,1829
item,advanced-circuit,ten_hours,119,2050,2365
item,advanced-circuit,ten_hours,120,2022,2872
item,advanced-circuit,ten_hours,121,2036,1795
item,advanced-circuit,ten_hours,122,1963,1718
item,advanced-circuit,ten_hours,123,1896,1649
item,advanced-circuit,ten_hours,124,1623,1611
item,advanced-circuit,ten_hours,125,1557,1527
item,advanced-circuit,ten_hours,126,1536,1519
item,advanced-circuit,ten_hours,127,1530,1472
item,advanced-circuit,ten_hours,128,1539,1627
item,advanced-circuit,ten_hours,129,1545,1679
item,advanced-circuit,ten_hours,130,1540,1675
item,advanced-circuit,ten_hours,131,1535,1671
item,advanced-circuit,ten_hours,132,1542,1519
item,advanced-circuit,ten_hours,133,1530,1469
item,advanced-circuit,ten_hours,134,1553,1536
item,advanced-circuit,ten_hours,135,1552,1572
item,advanced-circuit,ten_hours,136,1601,1484
item,advanced-circuit,ten_hours,137,1468,1342
item,advanced-circuit,ten_hours,138,1563,1293
item,advanced-circuit,ten_hours,139,1652,1253
item,advanced-circuit,ten_hours,140,1576,1274
item,advanced-circuit,ten_hours,141,1174,822
item,advanced-circuit,ten_hours,142,1005,765
item,advanced-circuit,ten_hours,143,764,623
item,advanced-circuit,ten_hours,144,418,689
item,advanced-circuit,ten_hours,145,862,609
item,advanced-circuit,ten_hours,146,861,720
item,advanced-circuit,ten_hours,147,861,774
item,advanced-circuit,ten_hours,148,859,777
item,advanced-circuit,ten_hours,149,858,789
item,advanced-circuit,ten_hours,150,856,765
item,advanced-circuit,ten_hours,151,857,776
item,advanced-circuit,ten_hours,152,851,690
item,advanced-circuit,ten_hours,153,840,689
item,advanced-circuit,ten_hours,154,793,565
item,advanced-circuit,ten_hours,155,428,419
item,advanced-circuit,ten_hours,156,420,369
item,advanced-circuit,ten_hours,157,400,343
item,advanced-circuit,ten_hours,158,419,423
item,advanced-circuit,ten_hours,159,420,434
item,advanced-circuit,ten_hours,160,417,432
item,advanced-circuit,ten_hours,161,422,417
item,advanced-circuit,ten_hours,162,420,607
item,advanced-circuit,ten_hours,163,419,386
item,advanced-circuit,ten_hours,164,421,288
item,advanced-circuit,ten_hours,165,434,216
item,advanced-circuit,ten_hours,166,420,0
item,advanced-circuit,fifty_hours,1,9899,9270
item,advanced-circuit,fifty_hours,2,8460,7720
item,advanced-circuit,fifty_hours,3,10181,8524
item,advanced-circuit,fifty_hours,4,10433,8954
item,advanced-circuit,fifty_hours,5,10299,9073
item,advanced-circuit,fifty_hours,6,10039,9548
item,advanced-circuit,fifty_hours,7,9906,10268
item,advanced-circuit,fifty_hours,8,9889,11452
item,advanced-circuit,fifty_hours,9,9977,10825
item,advanced-circuit,fifty_hours,10,9919,11585
item,advanced-circuit,fifty_hours,11,10302,6940
item,advanced-circuit,fifty_hours,12,10265,9325
item,advanced-circuit,fifty_hours,13,10284,9531
item,advanced-circuit,fifty_hours,14,9801,9877
item,advanced-circuit,fifty_hours,15,10085,8614
item,advanced-circuit,fifty_hours,16,10118,13359
item,advanced-circuit,fifty_hours,17,10151,8720
item,advanced-circuit,fifty_hours,18,10478,8733
item,advanced-circuit,fifty_hours,19,10441,10512
item,advanced-circuit,fifty_hours,20,10416,10002
item,advanced-circuit,fifty_hours,21,10472,8083
item,advanced-circuit,fifty_hours,22,10340,8706
item,advanced-circuit,fifty_hours,23,9830,8871
item,advanced-circuit,fifty_hours,24,10204,10716
item,advanced-circuit,fifty_hours,25,9075,8300
item,advanced-circuit,fifty_hours,26,7690,7972
item,advanced-circuit,fifty_hours,27,7712,7767
item,advanced-circuit,fifty_hours,28,7860,6646
item,advanced-circuit,fifty_hours,29,4223,3508
item,advanced-circuit,fifty_hours,30,4295,3825
item,advanced-circuit,fifty_hours,31,3769,3139
item,advanced-circuit,fifty_hours,32,2076,2001
item,advanced-circuit,fifty_hours,33,2116,1914
item,advanced-circuit,fifty_hours,34,420,0
item,processing-unit,ten_hours,1,494,268
item,processing-unit,ten_hours,2,504,268
item,processing-unit,ten_hours,3,457,270
item,processing-unit,ten_hours,4,425,394
item,processing-unit,ten_hours,5,408,333
item,processing-unit,ten_hours,6,423,350
item,processing-unit,ten_hours,7,470,842
item,processing-unit,ten_hours,8,457,879
item,processing-unit,ten_hours,9,487,243
item,processing-unit,ten_hours,10,497,40
item,processing-unit,ten_hours,11,502,215
item,processing-unit,ten_hours,12,494,341
item,processing-unit,ten_hours,13,490,258
item,processing-unit,ten_hours,14,502,14
item,processing-unit,ten_hours,15,492,0
item,processing-unit,ten_hours,16,502,12
item,processing-unit,ten_hours,17,494,160
item,processing-unit,ten_hours,18,502,59
item,processing-unit,ten_hours,19,496,78
item,processing-unit,ten_hours,20,493,202
item,processing-unit,ten_hours,21,500,268
item,processing-unit,ten_hours,22,490,272
item,processing-unit,ten_hours,23,505,264
item,processing-unit,ten_hours,24,490,268
item,processing-unit,ten_hours,25,506,275
item,processing-unit,ten_hours,26,492,387
item,processing-unit,ten_hours,27,501,285
item,processing-unit,ten_hours,28,496,306
item,processing-unit,ten_hours,29,490,313
item,processing-unit,ten_hours,30,489,337
item,processing-unit,ten_hours,31,476,524
item,processing-unit,ten_hours,32,489,504
item,processing-unit,ten_hours,33,471,540
item,processing-unit,ten_hours,34,476,458
item,processing-unit,ten_hours,35,479,756
item,processing-unit,ten_hours,36,474,653
item,processing-unit,ten_hours,37,475,821
item,processing-unit,ten_hours,38,469,914
item,processing-unit,ten_hours,39,490,989
item,processing-unit,ten_hours,40,485,1177
item,processing-unit,ten_hours,41,496,1176
item,processing-unit,ten_hours,42,484,764
item,processing-unit,ten_hours,43,499,227
item,processing-unit,ten_hours,44,492,212
item,processing-unit,ten_hours,45,489,216
item,processing-unit,ten_hours,46,489,217
item,processing-unit,ten_hours,47,476,247
item,processing-unit,ten_hours,48,493,308
item,processing-unit,ten_hours,49,478,382
item,processing-unit,ten_hours,50,485,475
item,processing-unit,ten_hours,51,496,111
item,processing-unit,ten_hours,52,500,0
item,processing-unit,ten_hours,53,498,70
item,processing-unit,ten_hours,54,485,91
item,processing-unit,ten_hours,55,499,174
item,processing-unit,ten_hours,56,479,291
item,processing-unit,ten_hours,57,494,302
item,processing-unit,ten_hours,58,484,516
item,processing-unit,ten_hours,59,494,558
item,processing-unit,ten_hours,60,498,406
item,processing-unit,ten_hours,61,498,350
item,processing-unit,ten_hours,62,496,390
item,processing-unit,ten_hours,63,486,422
item,processing-unit,ten_hours,64,498,571
item,processing-unit,ten_hours,65,482,494
item,processing-unit,ten_hours,66,494,560
item,processing-unit,ten_hours,67,501,662
item,processing-unit,ten_hours,68,532,307
item,processing-unit,ten_hours,69,479,401
item,processing-unit,ten_hours,70,418,622
item,processing-unit,ten_hours,71,423,470
item,processing-unit,ten_hours,72,422,381
item,processing-unit,ten_hours,73,410,285
item,processing-unit,ten_hours,74,418,423
item,processing-unit,ten_hours,75,418,447
item,processing-unit,ten_hours,76,408,406
item,processing-unit,ten_hours,77,429,541
item,processing-unit,ten_hours,78,416,606
item,processing-unit,ten_hours,79,417,145
item,processing-unit,ten_hours,80,428,382
item,processing-unit,ten_hours,81,417,283
item,processing-unit,ten_hours,82,418,64
item,processing-unit,ten_hours,83,424,204
item,processing-unit,ten_hours,84,411,244
item,processing-unit,ten_hours,85,422,445
item,processing-unit,ten_hours,86,419,558
item,processing-unit,ten_hours,87,420,325
item,processing-unit,ten_hours,88,418,268
item,processing-unit,ten_hours,89,420,126
item,processing-unit,ten_hours,90,409,110
item,processing-unit,ten_hours,91,416,112
item,processing-unit,ten_hours,92,417,232
item,processing-unit,ten_hours,93,406,792
item,processing-unit,ten_hours,94,422,845
item,processing-unit,ten_hours,95,415,632
item,processing-unit,ten_hours,96,410,564
item,processing-unit,ten_hours,97,429,845
item,processing-unit,ten_hours,98,410,147
item,processing-unit,ten_hours,99,415,110
item,processing-unit,ten_hours,100,430,110
item,processing-unit,ten_hours,101,413,115
item,processing-unit,ten_hours,102,425,107
item,processing-unit,ten_hours,103,420,106
item,processing-unit,ten_hours,104,411,129
item,processing-unit,ten_hours,105,423,153
item,processing-unit,ten_hours,106,419,145
item,processing-unit,ten_hours,107,418,155
item,processing-unit,ten_hours,108,420,145
item,processing-unit,ten_hours,109,419,226
item,processing-unit,ten_hours,110,411,615
item,processing-unit,ten_hours,111,424,566
item,processing-unit,ten_hours,112,419,460
item,processing-unit,ten_hours,113,350,141
item,processing-unit,ten_hours,114,367,267
item,processing-unit,ten_hours,115,410,101
item,processing-unit,ten_hours,116,422,58
item,processing-unit,ten_hours,117,421,148
item,processing-unit,ten_hours,118,419,337
item,processing-unit,ten_hours,119,425,309
item,processing-unit,ten_hours,120,419,490
item,processing-unit,ten_hours,121,415,473
item,processing-unit,ten_hours,122,372,431
item,processing-unit,ten_hours,123,336,23
item,processing-unit,ten_hours,124,295,114
item,processing-unit,ten_hours,125,281,86
item,processing-unit,ten_hours,126,276,166
item,processing-unit,ten_hours,127,280,263
item,processing-unit,ten_hours,128,284,152
item,processing-unit,ten_hours,129,275,423
item,processing-unit,ten_hours,130,285,126
item,processing-unit,ten_hours,131,283,191
item,processing-unit,ten_hours,132,276,376
item,processing-unit,ten_hours,133,283,398
item,processing-unit,ten_hours,134,277,227
item,processing-unit,ten_hours,135,276,118
item,processing-unit,ten_hours,136,282,413
item,processing-unit,ten_hours,137,276,0
item,processing-unit,ten_hours,138,283,0
item,processing-unit,ten_hours,139,275,0
item,processing-unit,ten_hours,140,204,0
item,processing-unit,ten_hours,141,73,0
item,processing-unit,ten_hours,142,55,0
item,processing-unit,fifty_hours,1,2288,1533
item,processing-unit,fifty_hours,2,2334,2354
item,processing-unit,fifty_hours,3,2480,828
item,processing-unit,fifty_hours,4,2487,511
item,processing-unit,fifty_hours,5,2491,1347
item,processing-unit,fifty_hours,6,2468,1628
item,processing-unit,fifty_hours,7,2391,2782
item,processing-unit,fifty_hours,8,2393,4554
item,processing-unit,fifty_hours,9,2460,2595
item,processing-unit,fifty_hours,10,2421,1629
item,processing-unit,fifty_hours,11,2478,446
item,processing-unit,fifty_hours,12,2449,2073
item,processing-unit,fifty_hours,13,2460,2227
item,processing-unit,fifty_hours,14,2424,2552
item,processing-unit,fifty_hours,15,2091,2006
item,processing-unit,fifty_hours,16,2098,2080
item,processing-unit,fifty_hours,17,2092,1240
item,processing-unit,fifty_hours,18,2086,1387
item,processing-unit,fifty_hours,19,2076,2613
item,processing-unit,fifty_hours,20,2094,1776
item,processing-unit,fifty_hours,21,2092,610
item,processing-unit,fifty_hours,22,2087,1286
item,processing-unit,fifty_hours,23,1970,1535
item,processing-unit,fifty_hours,24,2106,1342
item,processing-unit,fifty_hours,25,1699,1127
item,processing-unit,fifty_hours,26,1400,1130
item,processing-unit,fifty_hours,27,1395,1310
item,processing-unit,fifty_hours,28,1320,413
item,processing-unit,fifty_hours,29,128,0
item,plastic-bar,ten_hours,1,6114,6044
item,plastic-bar,ten_hours,2,6328,6123
item,plastic-bar,ten_hours,3,6288,5982
item,plastic-bar,ten_hours,4,5972,5598
item,plastic-bar,ten_hours,5,5574,5156
item,plastic-bar,ten_hours,6,4740,4853
item,plastic-bar,ten_hours,7,4510,5152
item,plastic-bar,ten_hours,8,4990,5120
item,plastic-bar,ten_hours,9,5354,5314
item,plastic-bar,ten_hours,10,5488,5516
item,plastic-bar,ten_hours,11,5490,5692
item,plastic-bar,ten_hours,12,5790,6076
item,plastic-bar,ten_hours,13,6070,6064
item,plastic-bar,ten_hours,14,6084,6082
item,plastic-bar,ten_hours,15,6120,6140
item,plastic-bar,ten_hours,16,6094,6094
item,plastic-bar,ten_hours,17,6130,6128
item,plastic-bar,ten_hours,18,6132,6104
item,plastic-bar,ten_hours,19,6104,6124
item,plastic-bar,ten_hours,20,6128,6136
item,plastic-bar,ten_hours,21,6110,6106
item,plastic-bar,ten_hours,22,6110,6110
item,plastic-bar,ten_hours,23,6116,6098
item,plastic-bar,ten_hours,24,6020,6026
item,plastic-bar,ten_hours,25,5966,5986
item,plastic-bar,ten_hours,26,5962,5968
item,plastic-bar,ten_hours,27,5986,5982
item,plastic-bar,ten_hours,28,5958,5954
item,plastic-bar,ten_hours,29,5978,5958
item,plastic-bar,ten_hours,30,5908,5936
item,plastic-bar,ten_hours,31,5904,5870
item,plastic-bar,ten_hours,32,5920,5926
item,plastic-bar,ten_hours,33,5872,5888
item,plastic-bar,ten_hours,34,5912,5900
item,plastic-bar,ten_hours,35,5886,5924
item,plastic-bar,ten_hours,36,5904,5891
item,plastic-bar,ten_hours,37,5910,5882
item,plastic-bar,ten_hours,38,5872,5875
item,plastic-bar,ten_hours,39,5896,5912
item,plastic-bar,ten_hours,40,5918,5911
item,plastic-bar,ten_hours,41,5900,5889
item,plastic-bar,ten_hours,42,5916,5932
item,plastic-bar,ten_hours,43,5952,5957
item,plastic-bar,ten_hours,44,5954,5933
item,plastic-bar,ten_hours,45,5932,5949
item,plastic-bar,ten_hours,46,5884,5885
item,plastic-bar,ten_hours,47,5944,5916
item,plastic-bar,ten_hours,48,5888,5915
item,plastic-bar,ten_hours,49,5898,5889
item,plastic-bar,ten_hours,50,5924,5947
item,plastic-bar,ten_hours,51,6092,6059
item,plastic-bar,ten_hours,52,6066,6080
item,plastic-bar,ten_hours,53,6086,6087
item,plastic-bar,ten_hours,54,6072,6057
item,plastic-bar,ten_hours,55,6014,6043
item,plastic-bar,ten_hours,56,6034,6015
item,plastic-bar,ten_hours,57,6066,6048
item,plastic-bar,ten_hours,58,6032,6053
item,plastic-bar,ten_hours,59,6050,6059
item,plastic-bar,ten_hours,60,6064,6073
item,plastic-bar,ten_hours,61,6088,6049
item,plastic-bar,ten_hours,62,6052,6074
item,plastic-bar,ten_hours,63,6066,6067
item,plastic-bar,ten_hours,64,6056,6035
item,plastic-bar,ten_hours,65,6034,6065
item,plastic-bar,ten_hours,66,5958,5937
item,plastic-bar,ten_hours,67,5916,5937
item,plastic-bar,ten_hours,68,5388,5423
item,plastic-bar,ten_hours,69,5302,5274
item,plastic-bar,ten_hours,70,5428,5387
item,plastic-bar,ten_hours,71,5466,5474
item,plastic-bar,ten_hours,72,5464,5464
item,plastic-bar,ten_hours,73,5486,5510
item,plastic-bar,ten_hours,74,5518,5492
item,plastic-bar,ten_hours,75,5502,5503
item,plastic-bar,ten_hours,76,5502,5506
item,plastic-bar,ten_hours,77,5548,5528
item,plastic-bar,ten_hours,78,5526,5538
item,plastic-bar,ten_hours,79,5530,5522
item,plastic-bar,ten_hours,80,5542,5552
item,plastic-bar,ten_hours,81,5518,5531
item,plastic-bar,ten_hours,82,5494,5485
item,plastic-bar,ten_hours,83,5440,5459
item,plastic-bar,ten_hours,84,5288,5278
item,plastic-bar,ten_hours,85,5614,5606
item,plastic-bar,ten_hours,86,5796,5787
item,plastic-bar,ten_hours,87,5872,5848
item,plastic-bar,ten_hours,88,5914,5936
item,plastic-bar,ten_hours,89,6034,6023
item,plastic-bar,ten_hours,90,6124,6134
item,plastic-bar,ten_hours,91,6108,6068
item,plastic-bar,ten_hours,92,6122,6134
item,plastic-bar,ten_hours,93,6110,6127
item,plastic-bar,ten_hours,94,6156,6117
item,plastic-bar,ten_hours,95,6112,6150
item,plastic-bar,ten_hours,96,6136,6110
item,plastic-bar,ten_hours,97,6148,6142
item,plastic-bar,ten_hours,98,6118,6141
item,plastic-bar,ten_hours,99,6136,6121
item,plastic-bar,ten_hours,100,6002,6050
item,plastic-bar,ten_hours,101,6112,6064
item,plastic-bar,ten_hours,102,6132,6154
item,plastic-bar,ten_hours,103,6152,6147
item,plastic-bar,ten_hours,104,6156,6133
item,plastic-bar,ten_hours,105,6120,6160
item,plastic-bar,ten_hours,106,6358,6116
item,plastic-bar,ten_hours,107,6722,6170
item,plastic-bar,ten_hours,108,6288,6073
item,plastic-bar,ten_hours,109,6276,5995
item,plastic-bar,ten_hours,110,6228,6052
item,plastic-bar,ten_hours,111,6232,5998
item,plastic-bar,ten_hours,112,6272,6156
item,plastic-bar,ten_hours,113,6022,5260
item,plastic-bar,ten_hours,114,4400,4980
item,plastic-bar,ten_hours,115,4402,6067
item,plastic-bar,ten_hours,116,5746,6067
item,plastic-bar,ten_hours,117,6074,6030
item,plastic-bar,ten_hours,118,5992,6030
item,plastic-bar,ten_hours,119,6028,6012
item,plastic-bar,ten_hours,120,5992,6007
item,plastic-bar,ten_hours,121,6020,6023
item,plastic-bar,ten_hours,122,5878,5842
item,plastic-bar,ten_hours,123,5808,5799
item,plastic-bar,ten_hours,124,5042,4984
item,plastic-bar,ten_hours,125,4958,4729
item,plastic-bar,ten_hours,126,5222,4386
item,plastic-bar,ten_hours,127,4402,4330
item,plastic-bar,ten_hours,128,4396,4397
item,plastic-bar,ten_hours,129,4368,4366
item,plastic-bar,ten_hours,130,4424,4383
item,plastic-bar,ten_hours,131,4370,4388
item,plastic-bar,ten_hours,132,4424,4350
item,plastic-bar,ten_hours,133,4360,4385
item,plastic-bar,ten_hours,134,4408,4376
item,plastic-bar,ten_hours,135,4410,4401
item,plastic-bar,ten_hours,136,4490,4514
item,plastic-bar,ten_hours,137,4238,4224
item,plastic-bar,ten_hours,138,4400,4431
item,plastic-bar,ten_hours,139,4654,4570
item,plastic-bar,ten_hours,140,5138,4449
item,plastic-bar,ten_hours,141,4068,3255
item,plastic-bar,ten_hours,142,3044,2432
item,plastic-bar,ten_hours,143,2254,1635
item,plastic-bar,ten_hours,144,792,786
item,plastic-bar,ten_hours,145,1128,1714
item,plastic-bar,ten_hours,146,1722,1724
item,plastic-bar,ten_hours,147,1718,1722
item,plastic-bar,ten_hours,148,1716,1718
item,plastic-bar,ten_hours,149,1712,1716
item,plastic-bar,ten_hours,150,1714,1710
item,plastic-bar,ten_hours,151,1716,1716
item,plastic-bar,ten_hours,152,1702,1702
item,plastic-bar,ten_hours,153,1676,1682
item,plastic-bar,ten_hours,154,2064,1624
item,plastic-bar,ten_hours,155,1248,874
item,plastic-bar,ten_hours,156,840,840
item,plastic-bar,ten_hours,157,806,800
item,plastic-bar,ten_hours,158,840,838
item,plastic-bar,ten_hours,159,840,840
item,plastic-bar,ten_hours,160,830,834
item,plastic-bar,ten_hours,161,846,844
item,plastic-bar,ten_hours,162,840,840
item,plastic-bar,ten_hours,163,862,838
item,plastic-bar,ten_hours,164,902,842
item,plastic-bar,ten_hours,165,900,864
item,plastic-bar,ten_hours,166,824,900
item,plastic-bar,ten_hours,167,524,0
item,plastic-bar,fifty_hours,1,30276,28903
item,plastic-bar,fifty_hours,2,25082,25955
item,plastic-bar,fifty_hours,3,29554,30054
item,plastic-bar,fifty_hours,4,30588,30586
item,plastic-bar,fifty_hours,5,30322,30326
item,plastic-bar,fifty_hours,6,29792,29798
item,plastic-bar,fifty_hours,7,29494,29508
item,plastic-bar,fifty_hours,8,29500,29471
item,plastic-bar,fifty_hours,9,29654,29660
item,plastic-bar,fifty_hours,10,29538,29552
item,plastic-bar,fifty_hours,11,30330,30326
item,plastic-bar,fifty_hours,12,30246,30248
item,plastic-bar,fifty_hours,13,30296,30290
item,plastic-bar,fifty_hours,14,27992,27958
item,plastic-bar,fifty_hours,15,27436,27443
item,plastic-bar,fifty_hours,16,27648,27646
item,plastic-bar,fifty_hours,17,27354,27359
item,plastic-bar,fifty_hours,18,29740,29728
item,plastic-bar,fifty_hours,19,30608,30596
item,plastic-bar,fifty_hours,20,30540,30564
item,plastic-bar,fifty_hours,21,30672,30658
item,plastic-bar,fifty_hours,22,31872,30406
item,plastic-bar,fifty_hours,23,27328,28461
item,plastic-bar,fifty_hours,24,29832,30146
item,plastic-bar,fifty_hours,25,27706,27377
item,plastic-bar,fifty_hours,26,22812,21862
item,plastic-bar,fifty_hours,27,21972,21900
item,plastic-bar,fifty_hours,28,22920,22188
item,plastic-bar,fifty_hours,29,11286,9822
item,plastic-bar,fifty_hours,30,8582,8590
item,plastic-bar,fifty_hours,31,8406,7598
item,plastic-bar,fifty_hours,32,4156,4152
item,plastic-bar,fifty_hours,33,4350,4228
item,plastic-bar,fifty_hours,34,1348,900
item,sulfur,ten_hours,1,1014,1010
item,sulfur,ten_hours,2,986,987
item,sulfur,ten_hours,3,964,974
item,sulfur,ten_hours,4,958,950
item,sulfur,ten_hours,5,940,937
item,sulfur,ten_hours,6,950,952
item,sulfur,ten_hours,7,932,932
item,sulfur,ten_hours,8,862,843
item,sulfur,ten_hours,9,822,800
item,sulfur,ten_hours,10,800,819
item,sulfur,ten_hours,11,846,874
item,sulfur,ten_hours,12,922,925
item,sulfur,ten_hours,13,922,923
item,sulfur,ten_hours,14,922,925
item,sulfur,ten_hours,15,922,908
item,sulfur,ten_hours,16,922,939
item,sulfur,ten_hours,17,918,903
item,sulfur,ten_hours,18,930,936
item,sulfur,ten_hours,19,922,916
item,sulfur,ten_hours,20,934,940
item,sulfur,ten_hours,21,902,898
item,sulfur,ten_hours,22,934,930
item,sulfur,ten_hours,23,918,928
item,sulfur,ten_hours,24,926,924
item,sulfur,ten_hours,25,916,913
item,sulfur,ten_hours,26,932,931
item,sulfur,ten_hours,27,914,906
item,sulfur,ten_hours,28,924,935
item,sulfur,ten_hours,29,918,908
item,sulfur,ten_hours,30,920,925
item,sulfur,ten_hours,31,906,910
item,sulfur,ten_hours,32,920,915
item,sulfur,ten_hours,33,900,909
item,sulfur,ten_hours,34,922,918
item,sulfur,ten_hours,35,912,910
item,sulfur,ten_hours,36,924,928
item,sulfur,ten_hours,37,1046,1034
item,sulfur,ten_hours,38,1122,1128
item,sulfur,ten_hours,39,1130,1131
item,sulfur,ten_hours,40,1088,1085
item,sulfur,ten_hours,41,918,925
item,sulfur,ten_hours,42,926,922
item,sulfur,ten_hours,43,944,939
item,sulfur,ten_hours,44,1352,1346
item,sulfur,ten_hours,45,1370,1375
item,sulfur,ten_hours,46,1370,1368
item,sulfur,ten_hours,47,1372,1369
item,sulfur,ten_hours,48,1368,1361
item,sulfur,ten_hours,49,1348,1357
item,sulfur,ten_hours,50,1338,1300
item,sulfur,ten_hours,51,1220,1216
item,sulfur,ten_hours,52,1206,1210
item,sulfur,ten_hours,53,1204,1200
item,sulfur,ten_hours,54,1208,1210
item,sulfur,ten_hours,55,1204,1212
item,sulfur,ten_hours,56,1218,1214
item,sulfur,ten_hours,57,1234,1257
item,sulfur,ten_hours,58,1314,1330
item,sulfur,ten_hours,59,1338,1343
item,sulfur,ten_hours,60,1340,1336
item,sulfur,ten_hours,61,1336,1344
item,sulfur,ten_hours,62,1458,1337
item,sulfur,ten_hours,63,1040,1019
item,sulfur,ten_hours,64,960,958
item,sulfur,ten_hours,65,960,964
item,sulfur,ten_hours,66,960,959
item,sulfur,ten_hours,67,960,960
item,sulfur,ten_hours,68,960,956
item,sulfur,ten_hours,69,960,959
item,sulfur,ten_hours,70,960,967
item,sulfur,ten_hours,71,960,958
item,sulfur,ten_hours,72,960,958
item,sulfur,ten_hours,73,960,964
item,sulfur,ten_hours,74,960,959
item,sulfur,ten_hours,75,960,953
item,sulfur,ten_hours,76,960,961
item,sulfur,ten_hours,77,960,959
item,sulfur,ten_hours,78,960,962
item,sulfur,ten_hours,79,960,959
item,sulfur,ten_hours,80,960,953
item,sulfur,ten_hours,81,960,974
item,sulfur,ten_hours,82,960,958
item,sulfur,ten_hours,83,960,960
item,sulfur,ten_hours,84,960,961
item,sulfur,ten_hours,85,960,955
item,sulfur,ten_hours,86,960,961
item,sulfur,ten_hours,87,960,965
item,sulfur,ten_hours,88,960,956
item,sulfur,ten_hours,89,960,955
item,sulfur,ten_hours,90,960,956
item,sulfur,ten_hours,91,960,970
item,sulfur,ten_hours,92,960,961
item,sulfur,ten_hours,93,960,956
item,sulfur,ten_hours,94,960,965
item,sulfur,ten_hours,95,960,920
item,sulfur,ten_hours,96,960,811
item,sulfur,ten_hours,97,960,810
item,sulfur,ten_hours,98,960,815
item,sulfur,ten_hours,99,960,807
item,sulfur,ten_hours,100,960,811
item,sulfur,ten_hours,101,960,812
item,sulfur,ten_hours,102,960,815
item,sulfur,ten_hours,103,960,812
item,sulfur,ten_hours,104,960,811
item,sulfur,ten_hours,105,960,802
item,sulfur,ten_hours,106,960,825
item,sulfur,ten_hours,107,958,807
item,sulfur,ten_hours,108,936,786
item,sulfur,ten_hours,109,938,787
item,sulfur,ten_hours,110,936,790
item,sulfur,ten_hours,111,938,773
item,sulfur,ten_hours,112,912,896
item,sulfur,ten_hours,113,852,827
item,sulfur,ten_hours,114,502,495
item,sulfur,ten_hours,115,502,517
item,sulfur,ten_hours,116,876,901
item,sulfur,ten_hours,117,960,952
item,sulfur,ten_hours,118,960,965
item,sulfur,ten_hours,119,960,962
item,sulfur,ten_hours,120,960,961
item,sulfur,ten_hours,121,960,957
item,sulfur,ten_hours,122,960,965
item,sulfur,ten_hours,123,960,957
item,sulfur,ten_hours,124,960,961
item,sulfur,ten_hours,125,960,952
item,sulfur,ten_hours,126,960,965
item,sulfur,ten_hours,127,960,962
item,sulfur,ten_hours,128,960,986
item,sulfur,ten_hours,129,960,977
item,sulfur,ten_hours,130,960,1000
item,sulfur,ten_hours,131,960,987
item,sulfur,ten_hours,132,832,856
item,sulfur,ten_hours,133,710,707
item,sulfur,ten_hours,134,720,725
item,sulfur,ten_hours,135,708,702
item,sulfur,ten_hours,136,696,691
item,sulfur,ten_hours,137,786,787
item,sulfur,ten_hours,138,802,810
item,sulfur,ten_hours,139,838,772
item,sulfur,ten_hours,140,960,986
item,sulfur,ten_hours,141,876,942
item,sulfur,ten_hours,142,924,766
item,sulfur,ten_hours,143,960,960
item,sulfur,ten_hours,144,284,419
item,sulfur,ten_hours,145,230,333
item,sulfur,ten_hours,146,326,340
item,sulfur,ten_hours,147,354,353
item,sulfur,ten_hours,148,348,344
item,sulfur,ten_hours,149,330,323
item,sulfur,ten_hours,150,344,350
item,sulfur,ten_hours,151,350,353
item,sulfur,ten_hours,152,342,339
item,sulfur,ten_hours,153,334,328
item,sulfur,ten_hours,154,328,340
item,sulfur,ten_hours,155,346,343
item,sulfur,ten_hours,156,310,318
item,sulfur,ten_hours,157,338,319
item,sulfur,ten_hours,158,330,352
item,sulfur,ten_hours,159,332,346
item,sulfur,ten_hours,160,324,326
item,sulfur,ten_hours,161,308,326
item,sulfur,ten_hours,162,270,307
item,sulfur,ten_hours,163,186,161
item,sulfur,ten_hours,164,264,226
item,sulfur,ten_hours,165,456,292
item,sulfur,ten_hours,166,680,310
item,sulfur,ten_hours,167,406,0
item,sulfur,ten_hours,169,262,175
item,sulfur,ten_hours,170,812,535
item,sulfur,ten_hours,171,674,380
item,sulfur,fifty_hours,1,4862,4858
item,sulfur,fifty_hours,2,4366,4346
item,sulfur,fifty_hours,3,4534,4555
item,sulfur,fifty_hours,4,4626,4634
item,sulfur,fifty_hours,5,4596,4593
item,sulfur,fifty_hours,6,4608,4605
item,sulfur,fifty_hours,7,4560,4562
item,sulfur,fifty_hours,8,5310,5306
item,sulfur,fifty_hours,9,5510,5507
item,sulfur,fifty_hours,10,6796,6755
item,sulfur,fifty_hours,11,6042,6048
item,sulfur,fifty_hours,12,6444,6480
item,sulfur,fifty_hours,13,5754,5622
item,sulfur,fifty_hours,14,4800,4801
item,sulfur,fifty_hours,15,4800,4792
item,sulfur,fifty_hours,16,4800,4794
item,sulfur,fifty_hours,17,4800,4808
item,sulfur,fifty_hours,18,4800,4793
item,sulfur,fifty_hours,19,4800,4772
item,sulfur,fifty_hours,20,4800,4054
item,sulfur,fifty_hours,21,4800,4052
item,sulfur,fifty_hours,22,4728,3995
item,sulfur,fifty_hours,23,3706,3508
item,sulfur,fifty_hours,24,4716,4741
item,sulfur,fifty_hours,25,4800,4792
item,sulfur,fifty_hours,26,4800,4890
item,sulfur,fifty_hours,27,3930,3977
item,sulfur,fifty_hours,28,4082,4046
item,sulfur,fifty_hours,29,3274,3420
item,sulfur,fifty_hours,30,1702,1710
item,sulfur,fifty_hours,31,1700,1703
item,sulfur,fifty_hours,32,1634,1661
item,sulfur,fifty_hours,33,1484,1312
item,sulfur,fifty_hours,34,2160,1020
item,sulfur,fifty_hours,35,674,380
item,automation-science-pack,ten_hours,1,300,329
item,automation-science-pack,ten_hours,2,300,317
item,automation-science-pack,ten_hours,3,305,311
item,automation-science-pack,ten_hours,4,304,345
item,automation-science-pack,ten_hours,5,303,1251
item,automation-science-pack,ten_hours,6,300,890
item,automation-science-pack,ten_hours,7,288,1200
item,automation-science-pack,ten_hours,8,276,1173
item,automation-science-pack,ten_hours,9,288,919
item,automation-science-pack,ten_hours,10,305,0
item,automation-science-pack,ten_hours,11,304,0
item,automation-science-pack,ten_hours,12,303,0
item,automation-science-pack,ten_hours,13,300,0
item,automation-science-pack,ten_hours,14,300,0
item,automation-science-pack,ten_hours,15,305,0
item,automation-science-pack,ten_hours,16,304,0
item,automation-science-pack,ten_hours,17,303,127
item,automation-science-pack,ten_hours,18,300,259
item,automation-science-pack,ten_hours,19,300,0
item,automation-science-pack,ten_hours,20,305,0
item,automation-science-pack,ten_hours,21,304,0
item,automation-science-pack,ten_hours,22,303,0
item,automation-science-pack,ten_hours,23,300,0
item,automation-science-pack,ten_hours,24,300,0
item,automation-science-pack,ten_hours,25,305,410
item,automation-science-pack,ten_hours,26,304,309
item,automation-science-pack,ten_hours,27,303,319
item,automation-science-pack,ten_hours,28,300,314
item,automation-science-pack,ten_hours,29,300,315
item,automation-science-pack,ten_hours,30,305,415
item,automation-science-pack,ten_hours,31,295,1263
item,automation-science-pack,ten_hours,32,305,1315
item,automation-science-pack,ten_hours,33,303,987
item,automation-science-pack,ten_hours,34,304,0
item,automation-science-pack,ten_hours,35,300,0
item,automation-science-pack,ten_hours,36,300,0
item,automation-science-pack,ten_hours,37,302,0
item,automation-science-pack,ten_hours,38,306,0
item,automation-science-pack,ten_hours,39,304,0
item,automation-science-pack,ten_hours,40,300,221
item,automation-science-pack,ten_hours,41,300,467
item,automation-science-pack,ten_hours,42,300,305
item,automation-science-pack,ten_hours,43,300,190
item,automation-science-pack,ten_hours,44,303,175
item,automation-science-pack,ten_hours,45,305,235
item,automation-science-pack,ten_hours,46,304,368
item,automation-science-pack,ten_hours,47,300,470
item,automation-science-pack,ten_hours,48,300,1526
item,automation-science-pack,ten_hours,49,303,771
item,automation-science-pack,ten_hours,50,305,513
item,automation-science-pack,ten_hours,51,304,0
item,automation-science-pack,ten_hours,52,300,0
item,automation-science-pack,ten_hours,53,300,0
item,automation-science-pack,ten_hours,54,303,0
item,automation-science-pack,ten_hours,55,305,0
item,automation-science-pack,ten_hours,56,304,0
item,automation-science-pack,ten_hours,57,300,0
item,automation-science-pack,ten_hours,58,300,0
item,automation-science-pack,ten_hours,59,303,0
item,automation-science-pack,ten_hours,60,305,0
item,automation-science-pack,ten_hours,61,304,0
item,automation-science-pack,ten_hours,62,300,0
item,automation-science-pack,ten_hours,63,300,0
item,automation-science-pack,ten_hours,64,303,450
item,automation-science-pack,ten_hours,65,305,471
item,automation-science-pack,ten_hours,66,304,82
item,automation-science-pack,ten_hours,67,300,516
item,automation-science-pack,ten_hours,68,300,514
item,automation-science-pack,ten_hours,69,303,520
item,automation-science-pack,ten_hours,70,305,198
item,automation-science-pack,ten_hours,71,304,0
item,automation-science-pack,ten_hours,72,300,0
item,automation-science-pack,ten_hours,73,300,0
item,automation-science-pack,ten_hours,74,303,42
item,automation-science-pack,ten_hours,75,305,323
item,automation-science-pack,ten_hours,76,304,312
item,automation-science-pack,ten_hours,77,300,314
item,automation-science-pack,ten_hours,78,300,318
item,automation-science-pack,ten_hours,79,303,314
item,automation-science-pack,ten_hours,80,305,299
item,automation-science-pack,ten_hours,81,304,220
item,automation-science-pack,ten_hours,82,300,274
item,automation-science-pack,ten_hours,83,300,246
item,automation-science-pack,ten_hours,84,303,247
item,automation-science-pack,ten_hours,85,305,244
item,automation-science-pack,ten_hours,86,304,623
item,automation-science-pack,ten_hours,87,300,376
item,automation-science-pack,ten_hours,88,300,317
item,automation-science-pack,ten_hours,89,303,129
item,automation-science-pack,ten_hours,90,305,250
item,automation-science-pack,ten_hours,91,304,260
item,automation-science-pack,ten_hours,92,300,290
item,automation-science-pack,ten_hours,93,300,423
item,automation-science-pack,ten_hours,94,303,157
item,automation-science-pack,ten_hours,95,305,147
item,automation-science-pack,ten_hours,96,304,248
item,automation-science-pack,ten_hours,97,300,288
item,automation-science-pack,ten_hours,98,300,228
item,automation-science-pack,ten_hours,99,303,257
item,automation-science-pack,ten_hours,100,261,196
item,automation-science-pack,ten_hours,101,216,206
item,automation-science-pack,ten_hours,102,216,204
item,automation-science-pack,ten_hours,103,216,192
item,automation-science-pack,ten_hours,104,216,205
item,automation-science-pack,ten_hours,105,216,195
item,automation-science-pack,ten_hours,106,216,197
item,automation-science-pack,ten_hours,107,216,230
item,automation-science-pack,ten_hours,108,216,269
item,automation-science-pack,ten_hours,109,216,328
item,automation-science-pack,ten_hours,110,216,364
item,automation-science-pack,ten_hours,111,216,15
item,automation-science-pack,ten_hours,112,216,17
item,automation-science-pack,ten_hours,113,216,226
item,automation-science-pack,ten_hours,114,216,499
item,automation-science-pack,ten_hours,115,216,525
item,automation-science-pack,ten_hours,116,216,290
item,automation-science-pack,ten_hours,117,216,276
item,automation-science-pack,ten_hours,118,216,36
item,automation-science-pack,ten_hours,119,216,105
item,automation-science-pack,ten_hours,120,216,175
item,automation-science-pack,ten_hours,121,216,181
item,automation-science-pack,ten_hours,122,216,177
item,automation-science-pack,ten_hours,123,216,170
item,automation-science-pack,ten_hours,124,216,136
item,automation-science-pack,ten_hours,125,216,177
item,automation-science-pack,ten_hours,126,216,222
item,automation-science-pack,ten_hours,127,216,210
item,automation-science-pack,ten_hours,128,216,258
item,automation-science-pack,ten_hours,129,216,269
item,automation-science-pack,ten_hours,130,216,30
item,automation-science-pack,ten_hours,131,216,137
item,automation-science-pack,ten_hours,132,216,187
item,automation-science-pack,ten_hours,133,216,216
item,automation-science-pack,ten_hours,134,216,240
item,automation-science-pack,ten_hours,135,216,444
item,automation-science-pack,ten_hours,136,216,358
item,automation-science-pack,ten_hours,137,216,285
item,automation-science-pack,ten_hours,138,216,289
item,automation-science-pack,ten_hours,139,216,84
item,automation-science-pack,ten_hours,140,216,312
item,automation-science-pack,ten_hours,141,216,372
item,automation-science-pack,ten_hours,142,216,386
item,automation-science-pack,ten_hours,143,216,329
item,automation-science-pack,ten_hours,144,216,344
item,automation-science-pack,ten_hours,145,216,258
item,automation-science-pack,ten_hours,146,216,328
item,automation-science-pack,ten_hours,147,216,258
item,automation-science-pack,ten_hours,148,216,196
item,automation-science-pack,ten_hours,149,216,154
item,automation-science-pack,ten_hours,150,216,132
item,automation-science-pack,ten_hours,151,216,137
item,automation-science-pack,ten_hours,152,216,122
item,automation-science-pack,ten_hours,153,216,168
item,automation-science-pack,ten_hours,154,216,149
item,automation-science-pack,ten_hours,155,216,198
item,automation-science-pack,ten_hours,156,216,153
item,automation-science-pack,ten_hours,157,216,213
item,automation-science-pack,ten_hours,158,216,166
item,automation-science-pack,ten_hours,159,216,147
item,automation-science-pack,ten_hours,160,216,223
item,automation-science-pack,ten_hours,161,216,184
item,automation-science-pack,ten_hours,162,216,175
item,automation-science-pack,ten_hours,163,216,177
item,automation-science-pack,ten_hours,164,216,168
item,automation-science-pack,ten_hours,165,216,37
item,automation-science-pack,ten_hours,166,216,0
item,automation-science-pack,ten_hours,167,216,156
item,automation-science-pack,ten_hours,168,216,165
item,automation-science-pack,ten_hours,169,216,159
item,automation-science-pack,ten_hours,170,216,287
item,automation-science-pack,ten_hours,171,216,256
item,automation-science-pack,ten_hours,172,216,403
item,automation-science-pack,ten_hours,173,216,288
item,automation-science-pack,ten_hours,174,216,81
item,automation-science-pack,ten_hours,175,216,87
item,automation-science-pack,ten_hours,176,216,288
item,automation-science-pack,ten_hours,177,216,263
item,automation-science-pack,ten_hours,178,216,0
item,automation-science-pack,ten_hours,179,216,220
item,automation-science-pack,ten_hours,180,214,267
item,automation-science-pack,ten_hours,181,216,181
item,automation-science-pack,ten_hours,182,216,0
item,automation-science-pack,ten_hours,183,216,109
item,automation-science-pack,ten_hours,184,216,243
item,automation-science-pack,ten_hours,185,216,163
item,automation-science-pack,ten_hours,186,156,96
item,automation-science-pack,ten_hours,187,72,9
item,automation-science-pack,ten_hours,190,37,36
item,automation-science-pack,ten_hours,191,40,36
item,automation-science-pack,ten_hours,192,38,42
item,automation-science-pack,ten_hours,193,40,48
item,automation-science-pack,ten_hours,194,31,28
item,automation-science-pack,ten_hours,195,37,28
item,automation-science-pack,ten_hours,196,0,2
item,automation-science-pack,ten_hours,197,10,9
item,automation-science-pack,ten_hours,198,1,0
item,automation-science-pack,fifty_hours,1,1512,2553
item,automation-science-pack,fifty_hours,2,1457,4182
item,automation-science-pack,fifty_hours,3,1512,0
item,automation-science-pack,fifty_hours,4,1512,386
item,automation-science-pack,fifty_hours,5,1512,410
item,automation-science-pack,fifty_hours,6,1512,1672
item,automation-science-pack,fifty_hours,7,1507,3565
item,automation-science-pack,fifty_hours,8,1512,221
item,automation-science-pack,fifty_hours,9,1508,1372
item,automation-science-pack,fifty_hours,10,1512,3648
item,automation-science-pack,fifty_hours,11,1512,0
item,automation-science-pack,fifty_hours,12,1512,0
item,automation-science-pack,fifty_hours,13,1512,921
item,automation-science-pack,fifty_hours,14,1512,1830
item,automation-science-pack,fifty_hours,15,1512,365
item,automation-science-pack,fifty_hours,16,1512,1557
item,automation-science-pack,fifty_hours,17,1512,1231
item,automation-science-pack,fifty_hours,18,1512,1695
item,automation-science-pack,fifty_hours,19,1512,1277
item,automation-science-pack,fifty_hours,20,1468,1217
item,automation-science-pack,fifty_hours,21,1080,1002
item,automation-science-pack,fifty_hours,22,1080,1388
item,automation-science-pack,fifty_hours,23,1080,1282
item,automation-science-pack,fifty_hours,24,1080,882
item,automation-science-pack,fifty_hours,25,1080,841
item,automation-science-pack,fifty_hours,26,1080,989
item,automation-science-pack,fifty_hours,27,1080,1224
item,automation-science-pack,fifty_hours,28,1080,1328
item,automation-science-pack,fifty_hours,29,1080,1689
item,automation-science-pack,fifty_hours,30,1080,1068
item,automation-science-pack,fifty_hours,31,1080,774
item,automation-science-pack,fifty_hours,32,1080,902
item,automation-science-pack,fifty_hours,33,1080,741
item,automation-science-pack,fifty_hours,34,1080,767
item,automation-science-pack,fifty_hours,35,1080,1115
item,automation-science-pack,fifty_hours,36,1078,1038
item,automation-science-pack,fifty_hours,37,1080,696
item,automation-science-pack,fifty_hours,38,265,141
item,automation-science-pack,fifty_hours,39,186,182
item,automation-science-pack,fifty_hours,40,11,11
item,logistic-science-pack,ten_hours,1,294,330
item,logistic-science-pack,ten_hours,2,294,316
item,logistic-science-pack,ten_hours,3,294,312
item,logistic-science-pack,ten_hours,4,294,342
item,logistic-science-pack,ten_hours,5,294,1251
item,logistic-science-pack,ten_hours,6,294,892
item,logistic-science-pack,ten_hours,7,282,1201
item,logistic-science-pack,ten_hours,8,272,1170
item,logistic-science-pack,ten_hours,9,283,918
item,logistic-science-pack,ten_hours,10,294,0
item,logistic-science-pack,ten_hours,11,294,0
item,logistic-science-pack,ten_hours,12,294,0
item,logistic-science-pack,ten_hours,13,294,0
item,logistic-science-pack,ten_hours,14,294,0
item,logistic-science-pack,ten_hours,15,294,0
item,logistic-science-pack,ten_hours,16,294,0
item,logistic-science-pack,ten_hours,17,294,132
item,logistic-science-pack,ten_hours,18,294,259
item,logistic-science-pack,ten_hours,19,294,0
item,logistic-science-pack,ten_hours,20,294,0
item,logistic-science-pack,ten_hours,21,294,0
item,logistic-science-pack,ten_hours,22,294,0
item,logistic-science-pack,ten_hours,23,294,0
item,logistic-science-pack,ten_hours,24,294,0
item,logistic-science-pack,ten_hours,25,294,406
item,logistic-science-pack,ten_hours,26,294,310
item,logistic-science-pack,ten_hours,27,294,319
item,logistic-science-pack,ten_hours,28,294,314
item,logistic-science-pack,ten_hours,29,294,315
item,logistic-science-pack,ten_hours,30,294,416
item,logistic-science-pack,ten_hours,31,284,1263
item,logistic-science-pack,ten_hours,32,293,1315
item,logistic-science-pack,ten_hours,33,293,986
item,logistic-science-pack,ten_hours,34,294,0
item,logistic-science-pack,ten_hours,35,294,0
item,logistic-science-pack,ten_hours,36,294,0
item,logistic-science-pack,ten_hours,37,294,0
item,logistic-science-pack,ten_hours,38,294,0
item,logistic-science-pack,ten_hours,39,294,0
item,logistic-science-pack,ten_hours,40,294,222
item,logistic-science-pack,ten_hours,41,293,467
item,logistic-science-pack,ten_hours,42,294,304
item,logistic-science-pack,ten_hours,43,294,188
item,logistic-science-pack,ten_hours,44,294,177
item,logistic-science-pack,ten_hours,45,294,235
item,logistic-science-pack,ten_hours,46,294,369
item,logistic-science-pack,ten_hours,47,294,465
item,logistic-science-pack,ten_hours,48,294,1528
item,logistic-science-pack,ten_hours,49,294,774
item,logistic-science-pack,ten_hours,50,294,509
item,logistic-science-pack,ten_hours,51,294,0
item,logistic-science-pack,ten_hours,52,294,0
item,logistic-science-pack,ten_hours,53,294,0
item,logistic-science-pack,ten_hours,54,294,0
item,logistic-science-pack,ten_hours,55,294,0
item,logistic-science-pack,ten_hours,56,294,0
item,logistic-science-pack,ten_hours,57,294,0
item,logistic-science-pack,ten_hours,58,294,0
item,logistic-science-pack,ten_hours,59,294,0
item,logistic-science-pack,ten_hours,60,294,0
item,logistic-science-pack,ten_hours,61,294,0
item,logistic-science-pack,ten_hours,62,294,0
item,logistic-science-pack,ten_hours,63,294,0
item,logistic-science-pack,ten_hours,64,294,444
item,logistic-science-pack,ten_hours,65,294,476
item,logistic-science-pack,ten_hours,66,294,79
item,logistic-science-pack,ten_hours,67,294,519
item,logistic-science-pack,ten_hours,68,294,514
item,logistic-science-pack,ten_hours,69,294,521
item,logistic-science-pack,ten_hours,70,294,198
item,logistic-science-pack,ten_hours,71,294,0
item,logistic-science-pack,ten_hours,72,294,0
item,logistic-science-pack,ten_hours,73,294,0
item,logistic-science-pack,ten_hours,74,294,38
item,logistic-science-pack,ten_hours,75,294,320
item,logistic-science-pack,ten_hours,76,294,315
item,logistic-science-pack,ten_hours,77,294,314
item,logistic-science-pack,ten_hours,78,294,318
item,logistic-science-pack,ten_hours,79,294,318
item,logistic-science-pack,ten_hours,80,294,301
item,logistic-science-pack,ten_hours,81,294,215
item,logistic-science-pack,ten_hours,82,294,273
item,logistic-science-pack,ten_hours,83,294,244
item,logistic-science-pack,ten_hours,84,294,247
item,logistic-science-pack,ten_hours,85,294,246
item,logistic-science-pack,ten_hours,86,294,622
item,logistic-science-pack,ten_hours,87,294,386
item,logistic-science-pack,ten_hours,88,294,308
item,logistic-science-pack,ten_hours,89,294,128
item,logistic-science-pack,ten_hours,90,294,250
item,logistic-science-pack,ten_hours,91,294,269
item,logistic-science-pack,ten_hours,92,294,283
item,logistic-science-pack,ten_hours,93,294,420
item,logistic-science-pack,ten_hours,94,294,164
item,logistic-science-pack,ten_hours,95,294,143
item,logistic-science-pack,ten_hours,96,294,253
item,logistic-science-pack,ten_hours,97,294,287
item,logistic-science-pack,ten_hours,98,294,224
item,logistic-science-pack,ten_hours,99,294,257
item,logistic-science-pack,ten_hours,100,259,193
item,logistic-science-pack,ten_hours,101,210,204
item,logistic-science-pack,ten_hours,102,210,202
item,logistic-science-pack,ten_hours,103,210,198
item,logistic-science-pack,ten_hours,104,210,202
item,logistic-science-pack,ten_hours,105,210,192
item,logistic-science-pack,ten_hours,106,210,195
item,logistic-science-pack,ten_hours,107,210,229
item,logistic-science-pack,ten_hours,108,210,278
item,logistic-science-pack,ten_hours,109,210,335
item,logistic-science-pack,ten_hours,110,210,344
item,logistic-science-pack,ten_hours,111,210,13
item,logistic-science-pack,ten_hours,112,210,18
item,logistic-science-pack,ten_hours,113,210,227
item,logistic-science-pack,ten_hours,114,210,510
item,logistic-science-pack,ten_hours,115,210,519
item,logistic-science-pack,ten_hours,116,210,295
item,logistic-science-pack,ten_hours,117,210,276
item,logistic-science-pack,ten_hours,118,210,38
item,logistic-science-pack,ten_hours,119,210,102
item,logistic-science-pack,ten_hours,120,210,175
item,logistic-science-pack,ten_hours,121,210,182
item,logistic-science-pack,ten_hours,122,210,179
item,logistic-science-pack,ten_hours,123,210,162
item,logistic-science-pack,ten_hours,124,210,138
item,logistic-science-pack,ten_hours,125,210,178
item,logistic-science-pack,ten_hours,126,210,220
item,logistic-science-pack,ten_hours,127,210,223
item,logistic-science-pack,ten_hours,128,210,243
item,logistic-science-pack,ten_hours,129,210,277
item,logistic-science-pack,ten_hours,130,210,26
item,logistic-science-pack,ten_hours,131,210,138
item,logistic-science-pack,ten_hours,132,210,183
item,logistic-science-pack,ten_hours,133,210,218
item,logistic-science-pack,ten_hours,134,210,248
item,logistic-science-pack,ten_hours,135,210,442
item,logistic-science-pack,ten_hours,136,210,353
item,logistic-science-pack,ten_hours,137,210,286
item,logistic-science-pack,ten_hours,138,210,302
item,logistic-science-pack,ten_hours,139,210,78
item,logistic-science-pack,ten_hours,140,210,304
item,logistic-science-pack,ten_hours,141,210,368
item,logistic-science-pack,ten_hours,142,210,207
item,logistic-science-pack,ten_hours,143,210,332
item,logistic-science-pack,ten_hours,144,210,339
item,logistic-science-pack,ten_hours,145,210,265
item,logistic-science-pack,ten_hours,146,210,325
item,logistic-science-pack,ten_hours,147,210,258
item,logistic-science-pack,ten_hours,148,210,199
item,logistic-science-pack,ten_hours,149,210,157
item,logistic-science-pack,ten_hours,150,210,139
item,logistic-science-pack,ten_hours,151,210,127
item,logistic-science-pack,ten_hours,152,210,116
item,logistic-science-pack,ten_hours,153,210,169
item,logistic-science-pack,ten_hours,154,210,149
item,logistic-science-pack,ten_hours,155,210,200
item,logistic-science-pack,ten_hours,156,210,144
item,logistic-science-pack,ten_hours,157,210,220
item,logistic-science-pack,ten_hours,158,210,166
item,logistic-science-pack,ten_hours,159,210,150
item,logistic-science-pack,ten_hours,160,210,218
item,logistic-science-pack,ten_hours,161,210,182
item,logistic-science-pack,ten_hours,162,210,183
item,logistic-science-pack,ten_hours,163,210,172
item,logistic-science-pack,ten_hours,164,210,161
item,logistic-science-pack,ten_hours,165,210,38
item,logistic-science-pack,ten_hours,166,210,0
item,logistic-science-pack,ten_hours,167,210,157
item,logistic-science-pack,ten_hours,168,210,158
item,logistic-science-pack,ten_hours,169,198,165
item,logistic-science-pack,ten_hours,170,180,284
item,logistic-science-pack,ten_hours,171,180,251
item,logistic-science-pack,ten_hours,172,196,405
item,logistic-science-pack,ten_hours,173,209,288
item,logistic-science-pack,ten_hours,174,210,51
item,logistic-science-pack,ten_hours,175,210,92
item,logistic-science-pack,ten_hours,176,210,288
item,logistic-science-pack,ten_hours,177,210,240
item,logistic-science-pack,ten_hours,178,210,0
item,logistic-science-pack,ten_hours,179,210,231
item,logistic-science-pack,ten_hours,180,208,268
item,logistic-science-pack,ten_hours,181,210,147
item,logistic-science-pack,ten_hours,182,210,0
item,logistic-science-pack,ten_hours,183,210,107
item,logistic-science-pack,ten_hours,184,210,247
item,logistic-science-pack,ten_hours,185,210,164
item,logistic-science-pack,ten_hours,186,154,100
item,logistic-science-pack,ten_hours,187,76,6
item,logistic-science-pack,fifty_hours,1,1470,2551
item,logistic-science-pack,fifty_hours,2,1425,4181
item,logistic-science-pack,fifty_hours,3,1470,0
item,logistic-science-pack,fifty_hours,4,1470,391
item,logistic-science-pack,fifty_hours,5,1470,406
item,logistic-science-pack,fifty_hours,6,1470,1674
item,logistic-science-pack,fifty_hours,7,1458,3564
item,logistic-science-pack,fifty_hours,8,1470,222
item,logistic-science-pack,fifty_hours,9,1469,1371
item,logistic-science-pack,fifty_hours,10,1470,3645
item,logistic-science-pack,fifty_hours,11,1470,0
item,logistic-science-pack,fifty_hours,12,1470,0
item,logistic-science-pack,fifty_hours,13,1470,920
item,logistic-science-pack,fifty_hours,14,1470,1831
item,logistic-science-pack,fifty_hours,15,1470,358
item,logistic-science-pack,fifty_hours,16,1470,1566
item,logistic-science-pack,fifty_hours,17,1470,1225
item,logistic-science-pack,fifty_hours,18,1470,1694
item,logistic-science-pack,fifty_hours,19,1470,1279
item,logistic-science-pack,fifty_hours,20,1435,1214
item,logistic-science-pack,fifty_hours,21,1050,998
item,logistic-science-pack,fifty_hours,22,1050,1381
item,logistic-science-pack,fifty_hours,23,1050,1287
item,logistic-science-pack,fifty_hours,24,1050,886
item,logistic-science-pack,fifty_hours,25,1050,839
item,logistic-science-pack,fifty_hours,26,1050,989
item,logistic-science-pack,fifty_hours,27,1050,1229
item,logistic-science-pack,fifty_hours,28,1050,1323
item,logistic-science-pack,fifty_hours,29,1050,1511
item,logistic-science-pack,fifty_hours,30,1050,1078
item,logistic-science-pack,fifty_hours,31,1050,761
item,logistic-science-pack,fifty_hours,32,1050,898
item,logistic-science-pack,fifty_hours,33,1050,736
item,logistic-science-pack,fifty_hours,34,1008,764
item,logistic-science-pack,fifty_hours,35,1005,1087
item,logistic-science-pack,fifty_hours,36,1048,1027
item,logistic-science-pack,fifty_hours,37,1050,665
item,logistic-science-pack,fifty_hours,38,230,106
item,military-science-pack,ten_hours,1,184,328
item,military-science-pack,ten_hours,2,178,318
item,military-science-pack,ten_hours,3,186,313
item,military-science-pack,ten_hours,4,178,345
item,military-science-pack,ten_hours,5,204,1261
item,military-science-pack,ten_hours,6,276,886
item,military-science-pack,ten_hours,7,364,671
item,military-science-pack,ten_hours,8,338,81
item,military-science-pack,ten_hours,9,364,731
item,military-science-pack,ten_hours,10,382,0
item,military-science-pack,ten_hours,11,372,0
item,military-science-pack,ten_hours,12,380,0
item,military-science-pack,ten_hours,13,240,0
item,military-science-pack,ten_hours,14,192,0
item,military-science-pack,ten_hours,15,186,0
item,military-science-pack,ten_hours,16,274,0
item,military-science-pack,ten_hours,17,184,115
item,military-science-pack,ten_hours,18,158,248
item,military-science-pack,ten_hours,19,158,0
item,military-science-pack,ten_hours,20,160,0
item,military-science-pack,ten_hours,21,158,0
item,military-science-pack,ten_hours,22,162,0
item,military-science-pack,ten_hours,23,154,0
item,military-science-pack,ten_hours,24,162,0
item,military-science-pack,ten_hours,25,156,20
item,military-science-pack,ten_hours,26,160,323
item,military-science-pack,ten_hours,27,160,317
item,military-science-pack,ten_hours,28,162,315
item,military-science-pack,ten_hours,29,152,313
item,military-science-pack,ten_hours,30,184,403
item,military-science-pack,ten_hours,31,168,1259
item,military-science-pack,ten_hours,32,126,1080
item,military-science-pack,ten_hours,33,134,0
item,military-science-pack,ten_hours,34,128,0
item,military-science-pack,ten_hours,35,128,0
item,military-science-pack,ten_hours,36,134,0
item,military-science-pack,ten_hours,37,126,0
item,military-science-pack,ten_hours,38,130,0
item,military-science-pack,ten_hours,39,130,0
item,military-science-pack,ten_hours,40,124,236
item,military-science-pack,ten_hours,41,152,269
item,military-science-pack,ten_hours,42,146,306
item,military-science-pack,ten_hours,43,148,145
item,military-science-pack,ten_hours,44,154,176
item,military-science-pack,ten_hours,45,154,233
item,military-science-pack,ten_hours,46,158,367
item,military-science-pack,ten_hours,47,162,464
item,military-science-pack,ten_hours,48,154,1532
item,military-science-pack,ten_hours,49,156,771
item,military-science-pack,ten_hours,50,156,512
item,military-science-pack,ten_hours,51,158,0
item,military-science-pack,ten_hours,52,160,0
item,military-science-pack,ten_hours,53,156,0
item,military-science-pack,ten_hours,54,158,0
item,military-science-pack,ten_hours,55,160,0
item,military-science-pack,ten_hours,56,154,0
item,military-science-pack,ten_hours,57,162,0
item,military-science-pack,ten_hours,58,156,0
item,military-science-pack,ten_hours,59,156,0
item,military-science-pack,ten_hours,60,154,0
item,military-science-pack,ten_hours,61,160,0
item,military-science-pack,ten_hours,62,156,0
item,military-science-pack,ten_hours,63,158,0
item,military-science-pack,ten_hours,64,160,453
item,military-science-pack,ten_hours,65,156,462
item,military-science-pack,ten_hours,66,158,0
item,military-science-pack,ten_hours,67,152,0
item,military-science-pack,ten_hours,68,148,0
item,military-science-pack,ten_hours,69,144,0
item,military-science-pack,ten_hours,70,94,0
item,military-science-pack,ten_hours,71,52,0
item,military-science-pack,ten_hours,72,52,0
item,military-science-pack,ten_hours,73,40,0
item,military-science-pack,ten_hours,74,84,41
item,military-science-pack,ten_hours,75,86,324
item,military-science-pack,ten_hours,76,106,315
item,military-science-pack,ten_hours,77,132,313
item,military-science-pack,ten_hours,78,154,319
item,military-science-pack,ten_hours,79,160,319
item,military-science-pack,ten_hours,80,156,303
item,military-science-pack,ten_hours,81,156,222
item,military-science-pack,ten_hours,82,162,270
item,military-science-pack,ten_hours,83,138,255
item,military-science-pack,ten_hours,84,140,245
item,military-science-pack,ten_hours,85,154,29
item,military-science-pack,ten_hours,86,162,266
item,military-science-pack,ten_hours,87,156,25
item,military-science-pack,ten_hours,88,156,0
item,military-science-pack,ten_hours,89,158,0
item,military-science-pack,ten_hours,90,140,0
item,military-science-pack,ten_hours,91,118,0
item,military-science-pack,ten_hours,92,118,0
item,military-science-pack,ten_hours,93,110,2
item,military-science-pack,ten_hours,94,110,170
item,military-science-pack,ten_hours,95,128,0
item,military-science-pack,ten_hours,96,154,66
item,military-science-pack,ten_hours,97,152,292
item,military-science-pack,ten_hours,98,154,128
item,military-science-pack,ten_hours,99,158,0
item,military-science-pack,ten_hours,100,156,17
item,military-science-pack,ten_hours,101,134,0
item,military-science-pack,ten_hours,102,120,0
item,military-science-pack,ten_hours,103,122,0
item,military-science-pack,ten_hours,104,128,0
item,military-science-pack,ten_hours,105,120,0
item,military-science-pack,ten_hours,106,130,0
item,military-science-pack,ten_hours,107,124,0
item,military-science-pack,ten_hours,108,120,0
item,military-science-pack,ten_hours,109,120,0
item,military-science-pack,ten_hours,110,122,0
item,military-science-pack,ten_hours,111,118,0
item,military-science-pack,ten_hours,112,110,0
item,military-science-pack,ten_hours,113,122,0
item,military-science-pack,ten_hours,114,116,0
item,military-science-pack,ten_hours,115,116,0
item,military-science-pack,ten_hours,116,122,0
item,military-science-pack,ten_hours,117,118,0
item,military-science-pack,ten_hours,118,112,0
item,military-science-pack,ten_hours,119,114,0
item,military-science-pack,ten_hours,120,116,0
item,military-science-pack,ten_hours,121,116,0
item,military-science-pack,ten_hours,122,120,0
item,military-science-pack,ten_hours,123,114,0
item,military-science-pack,ten_hours,124,120,0
item,military-science-pack,ten_hours,125,108,0
item,military-science-pack,ten_hours,126,28,0
item,military-science-pack,ten_hours,127,4,0
item,military-science-pack,ten_hours,128,38,0
item,military-science-pack,ten_hours,129,110,0
item,military-science-pack,ten_hours,130,120,0
item,military-science-pack,ten_hours,131,118,140
item,military-science-pack,ten_hours,132,114,186
item,military-science-pack,ten_hours,133,116,217
item,military-science-pack,ten_hours,134,120,249
item,military-science-pack,ten_hours,135,116,83
item,military-science-pack,ten_hours,136,116,170
item,military-science-pack,ten_hours,137,130,287
item,military-science-pack,ten_hours,138,140,316
item,military-science-pack,ten_hours,139,142,88
item,military-science-pack,ten_hours,140,150,271
item,military-science-pack,ten_hours,141,160,195
item,military-science-pack,ten_hours,142,156,4
item,military-science-pack,ten_hours,143,130,67
item,military-science-pack,ten_hours,144,44,0
item,military-science-pack,ten_hours,145,82,0
item,military-science-pack,ten_hours,146,126,0
item,military-science-pack,ten_hours,147,122,0
item,military-science-pack,ten_hours,148,130,0
item,military-science-pack,ten_hours,149,132,0
item,military-science-pack,ten_hours,150,138,0
item,military-science-pack,ten_hours,151,40,0
item,military-science-pack,fifty_hours,1,930,2565
item,military-science-pack,fifty_hours,2,1724,2369
item,military-science-pack,fifty_hours,3,1370,0
item,military-science-pack,fifty_hours,4,934,363
item,military-science-pack,fifty_hours,5,792,20
item,military-science-pack,fifty_hours,6,818,1671
item,military-science-pack,fifty_hours,7,684,2339
item,military-science-pack,fifty_hours,8,644,236
item,military-science-pack,fifty_hours,9,754,1129
item,military-science-pack,fifty_hours,10,786,3646
item,military-science-pack,fifty_hours,11,792,0
item,military-science-pack,fifty_hours,12,782,0
item,military-science-pack,fifty_hours,13,790,915
item,military-science-pack,fifty_hours,14,696,0
item,military-science-pack,fifty_hours,15,314,365
item,military-science-pack,fifty_hours,16,708,1569
item,military-science-pack,fifty_hours,17,750,1021
item,military-science-pack,fifty_hours,18,772,291
item,military-science-pack,fifty_hours,19,584,172
item,military-science-pack,fifty_hours,20,774,503
item,military-science-pack,fifty_hours,21,624,0
item,military-science-pack,fifty_hours,22,616,0
item,military-science-pack,fifty_hours,23,582,0
item,military-science-pack,fifty_hours,24,582,0
item,military-science-pack,fifty_hours,25,578,0
item,military-science-pack,fifty_hours,26,300,0
item,military-science-pack,fifty_hours,27,584,875
item,military-science-pack,fifty_hours,28,678,1132
item,military-science-pack,fifty_hours,29,572,266
item,military-science-pack,fifty_hours,30,648,0
item,military-science-pack,fifty_hours,31,40,0
item,chemical-science-pack,ten_hours,1,318,331
item,chemical-science-pack,ten_hours,2,324,319
item,chemical-science-pack,ten_hours,3,316,309
item,chemical-science-pack,ten_hours,4,318,384
item,chemical-science-pack,ten_hours,5,312,1260
item,chemical-science-pack,ten_hours,6,324,895
item,chemical-science-pack,ten_hours,7,298,1173
item,chemical-science-pack,ten_hours,8,252,1184
item,chemical-science-pack,ten_hours,9,62,938
item,chemical-science-pack,ten_hours,10,70,0
item,chemical-science-pack,ten_hours,11,248,0
item,chemical-science-pack,ten_hours,12,318,0
item,chemical-science-pack,ten_hours,13,316,0
item,chemical-science-pack,ten_hours,14,318,0
item,chemical-science-pack,ten_hours,15,324,0
item,chemical-science-pack,ten_hours,16,316,0
item,chemical-science-pack,ten_hours,17,314,85
item,chemical-science-pack,ten_hours,18,322,244
item,chemical-science-pack,ten_hours,19,320,0
item,chemical-science-pack,ten_hours,20,318,0
item,chemical-science-pack,ten_hours,21,314,0
item,chemical-science-pack,ten_hours,22,318,0
item,chemical-science-pack,ten_hours,23,324,0
item,chemical-science-pack,ten_hours,24,316,0
item,chemical-science-pack,ten_hours,25,314,229
item,chemical-science-pack,ten_hours,26,320,308
item,chemical-science-pack,ten_hours,27,322,320
item,chemical-science-pack,ten_hours,28,322,313
item,chemical-science-pack,ten_hours,29,314,314
item,chemical-science-pack,ten_hours,30,318,423
item,chemical-science-pack,ten_hours,31,318,1272
item,chemical-science-pack,ten_hours,32,318,1314
item,chemical-science-pack,ten_hours,33,316,984
item,chemical-science-pack,ten_hours,34,314,0
item,chemical-science-pack,ten_hours,35,318,0
item,chemical-science-pack,ten_hours,36,324,0
item,chemical-science-pack,ten_hours,37,316,0
item,chemical-science-pack,ten_hours,38,314,0
item,chemical-science-pack,ten_hours,39,320,0
item,chemical-science-pack,ten_hours,40,320,221
item,chemical-science-pack,ten_hours,41,318,464
item,chemical-science-pack,ten_hours,42,314,302
item,chemical-science-pack,ten_hours,43,318,190
item,chemical-science-pack,ten_hours,44,322,176
item,chemical-science-pack,ten_hours,45,322,237
item,chemical-science-pack,ten_hours,46,316,373
item,chemical-science-pack,ten_hours,47,316,472
item,chemical-science-pack,ten_hours,48,318,1532
item,chemical-science-pack,ten_hours,49,314,770
item,chemical-science-pack,ten_hours,50,96,516
item,chemical-science-pack,ten_hours,55,12,0
item,chemical-science-pack,ten_hours,56,42,0
item,chemical-science-pack,ten_hours,57,160,0
item,chemical-science-pack,ten_hours,58,310,0
item,chemical-science-pack,ten_hours,59,314,0
item,chemical-science-pack,ten_hours,60,320,0
item,chemical-science-pack,ten_hours,61,316,0
item,chemical-science-pack,ten_hours,62,322,0
item,chemical-science-pack,ten_hours,63,316,0
item,chemical-science-pack,ten_hours,64,314,448
item,chemical-science-pack,ten_hours,65,326,470
item,chemical-science-pack,ten_hours,66,316,78
item,chemical-science-pack,ten_hours,67,314,517
item,chemical-science-pack,ten_hours,68,320,514
item,chemical-science-pack,ten_hours,69,316,520
item,chemical-science-pack,ten_hours,70,322,201
item,chemical-science-pack,ten_hours,71,316,0
item,chemical-science-pack,ten_hours,72,314,0
item,chemical-science-pack,ten_hours,73,326,0
item,chemical-science-pack,ten_hours,74,316,39
item,chemical-science-pack,ten_hours,75,314,323
item,chemical-science-pack,ten_hours,76,320,311
item,chemical-science-pack,ten_hours,77,316,318
item,chemical-science-pack,ten_hours,78,322,320
item,chemical-science-pack,ten_hours,79,316,316
item,chemical-science-pack,ten_hours,80,314,302
item,chemical-science-pack,ten_hours,81,326,213
item,chemical-science-pack,ten_hours,82,256,275
item,chemical-science-pack,ten_hours,83,228,244
item,chemical-science-pack,ten_hours,84,252,247
item,chemical-science-pack,ten_hours,85,272,246
item,chemical-science-pack,ten_hours,86,256,343
item,chemical-science-pack,ten_hours,87,224,275
item,chemical-science-pack,ten_hours,88,256,306
item,chemical-science-pack,ten_hours,89,272,128
item,chemical-science-pack,ten_hours,90,222,251
item,chemical-science-pack,ten_hours,91,258,264
item,chemical-science-pack,ten_hours,92,256,288
item,chemical-science-pack,ten_hours,93,274,424
item,chemical-science-pack,ten_hours,94,234,157
item,chemical-science-pack,ten_hours,95,288,145
item,chemical-science-pack,ten_hours,96,288,247
item,chemical-science-pack,ten_hours,97,288,290
item,chemical-science-pack,ten_hours,98,246,223
item,chemical-science-pack,ten_hours,99,184,267
item,chemical-science-pack,ten_hours,100,182,192
item,chemical-science-pack,ten_hours,101,164,202
item,chemical-science-pack,ten_hours,102,190,205
item,chemical-science-pack,ten_hours,103,184,194
item,chemical-science-pack,ten_hours,104,182,206
item,chemical-science-pack,ten_hours,105,164,196
item,chemical-science-pack,ten_hours,106,190,201
item,chemical-science-pack,ten_hours,107,184,226
item,chemical-science-pack,ten_hours,108,182,271
item,chemical-science-pack,ten_hours,109,164,335
item,chemical-science-pack,ten_hours,110,190,356
item,chemical-science-pack,ten_hours,111,184,25
item,chemical-science-pack,ten_hours,112,182,17
item,chemical-science-pack,ten_hours,113,164,222
item,chemical-science-pack,ten_hours,114,190,502
item,chemical-science-pack,ten_hours,115,184,513
item,chemical-science-pack,ten_hours,116,182,297
item,chemical-science-pack,ten_hours,117,164,280
item,chemical-science-pack,ten_hours,118,190,36
item,chemical-science-pack,ten_hours,119,184,102
item,chemical-science-pack,ten_hours,120,182,174
item,chemical-science-pack,ten_hours,121,164,186
item,chemical-science-pack,ten_hours,122,190,173
item,chemical-science-pack,ten_hours,123,184,173
item,chemical-science-pack,ten_hours,124,182,131
item,chemical-science-pack,ten_hours,125,164,179
item,chemical-science-pack,ten_hours,126,190,215
item,chemical-science-pack,ten_hours,127,184,223
item,chemical-science-pack,ten_hours,128,182,247
item,chemical-science-pack,ten_hours,129,164,273
item,chemical-science-pack,ten_hours,130,190,31
item,chemical-science-pack,ten_hours,131,184,137
item,chemical-science-pack,ten_hours,132,182,192
item,chemical-science-pack,ten_hours,133,164,212
item,chemical-science-pack,ten_hours,134,190,254
item,chemical-science-pack,ten_hours,135,184,84
item,chemical-science-pack,ten_hours,136,182,93
item,chemical-science-pack,ten_hours,137,164,0
item,chemical-science-pack,ten_hours,138,190,0
item,chemical-science-pack,ten_hours,139,184,0
item,chemical-science-pack,ten_hours,140,182,0
item,chemical-science-pack,ten_hours,141,164,0
item,chemical-science-pack,ten_hours,142,162,18
item,chemical-science-pack,ten_hours,143,160,244
item,chemical-science-pack,ten_hours,144,188,161
item,chemical-science-pack,ten_hours,145,166,173
item,chemical-science-pack,ten_hours,146,180,239
item,chemical-science-pack,ten_hours,147,186,255
item,chemical-science-pack,ten_hours,148,188,205
item,chemical-science-pack,ten_hours,149,166,153
item,chemical-science-pack,ten_hours,150,180,133
item,chemical-science-pack,ten_hours,151,186,136
item,chemical-science-pack,ten_hours,152,188,120
item,chemical-science-pack,ten_hours,153,166,162
item,chemical-science-pack,ten_hours,154,180,154
item,chemical-science-pack,ten_hours,155,186,146
item,chemical-science-pack,ten_hours,156,146,150
item,chemical-science-pack,ten_hours,157,148,215
item,chemical-science-pack,ten_hours,158,184,170
item,chemical-science-pack,ten_hours,159,192,145
item,chemical-science-pack,ten_hours,160,192,219
item,chemical-science-pack,ten_hours,161,152,130
item,chemical-science-pack,ten_hours,162,184,185
item,chemical-science-pack,ten_hours,163,192,171
item,chemical-science-pack,ten_hours,164,192,157
item,chemical-science-pack,ten_hours,165,96,24
item,chemical-science-pack,fifty_hours,1,1588,2603
item,chemical-science-pack,fifty_hours,2,1006,4190
item,chemical-science-pack,fifty_hours,3,1524,0
item,chemical-science-pack,fifty_hours,4,1590,329
item,chemical-science-pack,fifty_hours,5,1586,229
item,chemical-science-pack,fifty_hours,6,1596,1678
item,chemical-science-pack,fifty_hours,7,1584,3570
item,chemical-science-pack,fifty_hours,8,1594,221
item,chemical-science-pack,fifty_hours,9,1594,1369
item,chemical-science-pack,fifty_hours,10,1360,3663
item,chemical-science-pack,fifty_hours,11,12,0
item,chemical-science-pack,fifty_hours,12,1146,0
item,chemical-science-pack,fifty_hours,13,1594,918
item,chemical-science-pack,fifty_hours,14,1588,1830
item,chemical-science-pack,fifty_hours,15,1586,362
item,chemical-science-pack,fifty_hours,16,1588,1567
item,chemical-science-pack,fifty_hours,17,1334,1225
item,chemical-science-pack,fifty_hours,18,1230,1303
item,chemical-science-pack,fifty_hours,19,1310,1278
item,chemical-science-pack,fifty_hours,20,1188,1219
item,chemical-science-pack,fifty_hours,21,884,1003
item,chemical-science-pack,fifty_hours,22,910,1389
item,chemical-science-pack,fifty_hours,23,904,1279
item,chemical-science-pack,fifty_hours,24,902,889
item,chemical-science-pack,fifty_hours,25,884,842
item,chemical-science-pack,fifty_hours,26,910,989
item,chemical-science-pack,fifty_hours,27,904,879
item,chemical-science-pack,fifty_hours,28,902,93
item,chemical-science-pack,fifty_hours,29,840,596
item,chemical-science-pack,fifty_hours,30,900,985
item,chemical-science-pack,fifty_hours,31,906,718
item,chemical-science-pack,fifty_hours,32,862,899
item,chemical-science-pack,fifty_hours,33,816,667
item,production-science-pack,ten_hours,1,120,0
item,production-science-pack,ten_hours,2,114,0
item,production-science-pack,ten_hours,3,120,0
item,production-science-pack,ten_hours,4,18,0
item,production-science-pack,ten_hours,6,3,0
item,production-science-pack,ten_hours,7,30,517
item,production-science-pack,ten_hours,8,87,1091
item,production-science-pack,ten_hours,9,36,204
item,production-science-pack,ten_hours,11,9,0
item,production-science-pack,ten_hours,12,72,0
item,production-science-pack,ten_hours,13,123,0
item,production-science-pack,ten_hours,14,117,0
item,production-science-pack,ten_hours,15,114,0
item,production-science-pack,ten_hours,16,123,0
item,production-science-pack,ten_hours,17,123,0
item,production-science-pack,ten_hours,18,117,0
item,production-science-pack,ten_hours,19,114,0
item,production-science-pack,ten_hours,20,126,0
item,production-science-pack,ten_hours,21,120,0
item,production-science-pack,ten_hours,22,117,0
item,production-science-pack,ten_hours,23,114,0
item,production-science-pack,ten_hours,24,57,0
item,production-science-pack,ten_hours,25,54,205
item,production-science-pack,ten_hours,26,42,0
item,production-science-pack,ten_hours,27,54,0
item,production-science-pack,ten_hours,28,45,0
item,production-science-pack,ten_hours,29,48,0
item,production-science-pack,ten_hours,30,51,0
item,production-science-pack,ten_hours,31,51,0
item,production-science-pack,ten_hours,32,51,226
item,production-science-pack,ten_hours,33,24,942
item,production-science-pack,ten_hours,34,30,0
item,production-science-pack,ten_hours,35,30,0
item,production-science-pack,ten_hours,36,30,0
item,production-science-pack,ten_hours,37,33,0
item,production-science-pack,ten_hours,38,30,0
item,production-science-pack,ten_hours,39,63,0
item,production-science-pack,ten_hours,40,63,0
item,production-science-pack,ten_hours,41,75,0
item,production-science-pack,ten_hours,42,75,0
item,production-science-pack,ten_hours,43,72,0
item,production-science-pack,ten_hours,44,69,0
item,production-science-pack,ten_hours,45,75,0
item,production-science-pack,ten_hours,46,66,0
item,production-science-pack,ten_hours,47,90,0
item,production-science-pack,ten_hours,48,123,0
item,production-science-pack,ten_hours,49,45,0
item,production-science-pack,ten_hours,50,12,0
item,production-science-pack,ten_hours,51,15,0
item,production-science-pack,ten_hours,52,99,0
item,production-science-pack,ten_hours,53,120,0
item,production-science-pack,ten_hours,54,114,0
item,production-science-pack,ten_hours,55,123,0
item,production-science-pack,ten_hours,56,123,0
item,production-science-pack,ten_hours,57,114,0
item,production-science-pack,ten_hours,58,117,0
item,production-science-pack,ten_hours,59,123,0
item,production-science-pack,ten_hours,60,120,0
item,production-science-pack,ten_hours,61,111,0
item,production-science-pack,ten_hours,62,123,0
item,production-science-pack,ten_hours,63,123,0
item,production-science-pack,ten_hours,64,120,452
item,production-science-pack,ten_hours,65,117,467
item,production-science-pack,ten_hours,66,120,82
item,production-science-pack,ten_hours,67,120,515
item,production-science-pack,ten_hours,68,48,515
item,production-science-pack,ten_hours,69,0,520
item,production-science-pack,ten_hours,70,0,194
item,production-science-pack,ten_hours,71,9,0
item,production-science-pack,ten_hours,72,54,0
item,production-science-pack,ten_hours,73,114,0
item,production-science-pack,ten_hours,74,117,0
item,production-science-pack,ten_hours,75,123,0
item,production-science-pack,ten_hours,76,120,0
item,production-science-pack,ten_hours,77,114,0
item,production-science-pack,ten_hours,78,123,0
item,production-science-pack,ten_hours,79,117,0
item,production-science-pack,ten_hours,80,117,0
item,production-science-pack,ten_hours,81,120,0
item,production-science-pack,ten_hours,82,126,0
item,production-science-pack,ten_hours,83,120,0
item,production-science-pack,ten_hours,84,114,0
item,production-science-pack,ten_hours,85,120,215
item,production-science-pack,ten_hours,86,123,249
item,production-science-pack,ten_hours,87,114,0
item,production-science-pack,ten_hours,88,117,0
item,production-science-pack,ten_hours,89,126,126
item,production-science-pack,ten_hours,90,117,257
item,production-science-pack,ten_hours,91,114,35
item,production-science-pack,ten_hours,92,123,0
item,production-science-pack,ten_hours,93,123,0
item,production-science-pack,ten_hours,94,117,0
item,production-science-pack,ten_hours,95,120,0
item,production-science-pack,ten_hours,96,123,0
item,production-science-pack,ten_hours,97,117,0
item,production-science-pack,ten_hours,98,102,0
item,production-science-pack,ten_hours,99,81,0
item,production-science-pack,ten_hours,100,81,0
item,production-science-pack,ten_hours,101,69,100
item,production-science-pack,ten_hours,102,75,205
item,production-science-pack,ten_hours,103,75,164
item,production-science-pack,ten_hours,104,72,0
item,production-science-pack,ten_hours,105,75,0
item,production-science-pack,ten_hours,106,78,0
item,production-science-pack,ten_hours,107,78,0
item,production-science-pack,ten_hours,108,75,0
item,production-science-pack,ten_hours,109,75,0
item,production-science-pack,ten_hours,110,72,0
item,production-science-pack,ten_hours,111,69,0
item,production-science-pack,ten_hours,112,78,0
item,production-science-pack,ten_hours,113,81,0
item,production-science-pack,ten_hours,114,72,0
item,production-science-pack,ten_hours,115,75,66
item,production-science-pack,ten_hours,116,78,298
item,production-science-pack,ten_hours,117,69,88
item,production-science-pack,ten_hours,118,63,0
item,production-science-pack,ten_hours,119,63,0
item,production-science-pack,ten_hours,120,66,0
item,production-science-pack,ten_hours,121,69,0
item,production-science-pack,ten_hours,122,66,0
item,production-science-pack,ten_hours,123,66,0
item,production-science-pack,ten_hours,124,54,0
item,production-science-pack,ten_hours,125,72,0
item,production-science-pack,ten_hours,126,63,0
item,production-science-pack,ten_hours,127,60,0
item,production-science-pack,ten_hours,128,54,0
item,production-science-pack,ten_hours,129,24,258
item,production-science-pack,ten_hours,130,27,2
item,production-science-pack,ten_hours,131,60,0
item,production-science-pack,ten_hours,132,81,0
item,production-science-pack,ten_hours,133,75,0
item,production-science-pack,ten_hours,134,69,0
item,production-science-pack,ten_hours,135,69,0
item,production-science-pack,ten_hours,136,87,46
item,production-science-pack,ten_hours,137,72,0
item,production-science-pack,ten_hours,138,69,0
item,production-science-pack,ten_hours,139,21,0
item,production-science-pack,fifty_hours,1,372,0
item,production-science-pack,fifty_hours,2,156,1812
item,production-science-pack,fifty_hours,3,435,0
item,production-science-pack,fifty_hours,4,603,0
item,production-science-pack,fifty_hours,5,462,205
item,production-science-pack,fifty_hours,6,240,0
item,production-science-pack,fifty_hours,7,186,1168
item,production-science-pack,fifty_hours,8,219,0
item,production-science-pack,fifty_hours,9,366,0
item,production-science-pack,fifty_hours,10,336,0
item,production-science-pack,fifty_hours,11,471,0
item,production-science-pack,fifty_hours,12,597,0
item,production-science-pack,fifty_hours,13,594,919
item,production-science-pack,fifty_hours,14,288,1826
item,production-science-pack,fifty_hours,15,417,0
item,production-science-pack,fifty_hours,16,591,0
item,production-science-pack,fifty_hours,17,600,215
item,production-science-pack,fifty_hours,18,597,632
item,production-science-pack,fifty_hours,19,597,35
item,production-science-pack,fifty_hours,20,504,0
item,production-science-pack,fifty_hours,21,366,469
item,production-science-pack,fifty_hours,22,378,0
item,production-science-pack,fifty_hours,23,375,66
item,production-science-pack,fifty_hours,24,339,386
item,production-science-pack,fifty_hours,25,327,0
item,production-science-pack,fifty_hours,26,228,260
item,production-science-pack,fifty_hours,27,354,0
item,production-science-pack,fifty_hours,28,249,46
item,utility-science-pack,ten_hours,1,468,327
item,utility-science-pack,ten_hours,2,468,319
item,utility-science-pack,ten_hours,3,465,311
item,utility-science-pack,ten_hours,4,465,347
item,utility-science-pack,ten_hours,5,471,1253
item,utility-science-pack,ten_hours,6,465,891
item,utility-science-pack,ten_hours,7,441,1197
item,utility-science-pack,ten_hours,8,420,1177
item,utility-science-pack,ten_hours,9,147,928
item,utility-science-pack,ten_hours,11,195,0
item,utility-science-pack,ten_hours,12,459,0
item,utility-science-pack,ten_hours,13,345,0
item,utility-science-pack,ten_hours,16,33,0
item,utility-science-pack,ten_hours,17,270,123
item,utility-science-pack,ten_hours,18,0,246
item,utility-science-pack,ten_hours,19,30,0
item,utility-science-pack,ten_hours,20,384,0
item,utility-science-pack,ten_hours,21,471,0
item,utility-science-pack,ten_hours,22,465,0
item,utility-science-pack,ten_hours,23,468,0
item,utility-science-pack,ten_hours,24,468,0
item,utility-science-pack,ten_hours,25,462,225
item,utility-science-pack,ten_hours,26,477,309
item,utility-science-pack,ten_hours,27,465,320
item,utility-science-pack,ten_hours,28,462,316
item,utility-science-pack,ten_hours,29,468,315
item,utility-science-pack,ten_hours,30,465,406
item,utility-science-pack,ten_hours,31,474,1258
item,utility-science-pack,ten_hours,32,456,1317
item,utility-science-pack,ten_hours,33,471,958
item,utility-science-pack,ten_hours,34,465,0
item,utility-science-pack,ten_hours,35,471,0
item,utility-science-pack,ten_hours,36,468,0
item,utility-science-pack,ten_hours,37,450,0
item,utility-science-pack,ten_hours,38,408,0
item,utility-science-pack,ten_hours,39,402,0
item,utility-science-pack,ten_hours,40,393,250
item,utility-science-pack,ten_hours,41,378,254
item,utility-science-pack,ten_hours,42,297,304
item,utility-science-pack,ten_hours,43,219,190
item,utility-science-pack,ten_hours,44,195,175
item,utility-science-pack,ten_hours,45,204,238
item,utility-science-pack,ten_hours,46,195,372
item,utility-science-pack,ten_hours,47,204,477
item,utility-science-pack,ten_hours,48,186,1531
item,utility-science-pack,ten_hours,49,195,772
item,utility-science-pack,ten_hours,50,30,236
item,utility-science-pack,ten_hours,55,30,0
item,utility-science-pack,ten_hours,56,162,0
item,utility-science-pack,ten_hours,57,189,0
item,utility-science-pack,ten_hours,58,207,0
item,utility-science-pack,ten_hours,59,198,0
item,utility-science-pack,ten_hours,60,192,0
item,utility-science-pack,ten_hours,61,204,0
item,utility-science-pack,ten_hours,62,207,0
item,utility-science-pack,ten_hours,63,195,0
item,utility-science-pack,ten_hours,64,195,447
item,utility-science-pack,ten_hours,65,204,466
item,utility-science-pack,ten_hours,66,195,79
item,utility-science-pack,ten_hours,67,195,517
item,utility-science-pack,ten_hours,68,204,520
item,utility-science-pack,ten_hours,69,177,518
item,utility-science-pack,ten_hours,70,15,197
item,utility-science-pack,ten_hours,71,18,0
item,utility-science-pack,ten_hours,72,135,0
item,utility-science-pack,ten_hours,73,195,0
item,utility-science-pack,ten_hours,74,192,39
item,utility-science-pack,ten_hours,75,204,322
item,utility-science-pack,ten_hours,76,195,315
item,utility-science-pack,ten_hours,77,144,314
item,utility-science-pack,ten_hours,78,6,104
item,utility-science-pack,ten_hours,82,39,0
item,utility-science-pack,ten_hours,83,168,0
item,utility-science-pack,ten_hours,84,198,0
item,utility-science-pack,ten_hours,85,210,224
item,utility-science-pack,ten_hours,86,198,341
item,utility-science-pack,ten_hours,87,192,129
item,utility-science-pack,ten_hours,88,210,0
item,utility-science-pack,ten_hours,89,207,127
item,utility-science-pack,ten_hours,90,165,256
item,utility-science-pack,ten_hours,91,198,33
item,utility-science-pack,ten_hours,92,210,0
item,utility-science-pack,ten_hours,93,198,8
item,utility-science-pack,ten_hours,94,192,171
item,utility-science-pack,ten_hours,95,210,0
item,utility-science-pack,ten_hours,96,207,206
item,utility-science-pack,ten_hours,97,195,288
item,utility-science-pack,ten_hours,98,168,119
item,utility-science-pack,ten_hours,99,150,0
item,utility-science-pack,ten_hours,100,120,0
item,utility-science-pack,ten_hours,101,120,0
item,utility-science-pack,ten_hours,102,138,0
item,utility-science-pack,ten_hours,103,114,0
item,utility-science-pack,ten_hours,104,111,0
item,utility-science-pack,ten_hours,105,123,0
item,utility-science-pack,ten_hours,106,144,0
item,utility-science-pack,ten_hours,107,120,0
item,utility-science-pack,ten_hours,108,120,0
item,utility-science-pack,ten_hours,109,138,0
item,utility-science-pack,ten_hours,110,114,0
item,utility-science-pack,ten_hours,111,111,0
item,utility-science-pack,ten_hours,112,57,0
item,utility-science-pack,fifty_hours,1,2337,2557
item,utility-science-pack,fifty_hours,2,1473,4193
item,utility-science-pack,fifty_hours,3,999,0
item,utility-science-pack,fifty_hours,4,717,369
item,utility-science-pack,fifty_hours,5,2334,225
item,utility-science-pack,fifty_hours,6,2337,1666
item,utility-science-pack,fifty_hours,7,2337,3533
item,utility-science-pack,fifty_hours,8,2121,250
item,utility-science-pack,fifty_hours,9,1293,1161
item,utility-science-pack,fifty_hours,10,810,3388
item,utility-science-pack,fifty_hours,11,30,0
item,utility-science-pack,fifty_hours,12,948,0
item,utility-science-pack,fifty_hours,13,1005,913
item,utility-science-pack,fifty_hours,14,786,1831
item,utility-science-pack,fifty_hours,15,744,361
item,utility-science-pack,fifty_hours,16,345,733
item,utility-science-pack,fifty_hours,17,615,224
item,utility-science-pack,fifty_hours,18,972,853
item,utility-science-pack,fifty_hours,19,1008,212
item,utility-science-pack,fifty_hours,20,840,613
item,utility-science-pack,fifty_hours,21,606,0
item,utility-science-pack,fifty_hours,22,636,0
item,utility-science-pack,fifty_hours,23,168,0
item,space-science-pack,ten_hours,1,0,329
item,space-science-pack,ten_hours,2,0,318
item,space-science-pack,ten_hours,3,0,310
item,space-science-pack,ten_hours,4,0,361
item,space-science-pack,ten_hours,5,0,1253
item,space-science-pack,ten_hours,6,0,888
item,space-science-pack,ten_hours,7,0,1192
item,space-science-pack,ten_hours,8,0,1175
item,space-science-pack,ten_hours,9,0,932
item,space-science-pack,ten_hours,17,0,114
item,space-science-pack,ten_hours,18,0,245
item,space-science-pack,ten_hours,25,0,20
item,space-science-pack,ten_hours,26,0,308
item,space-science-pack,ten_hours,27,0,319
item,space-science-pack,ten_hours,28,0,314
item,space-science-pack,ten_hours,29,0,315
item,space-science-pack,ten_hours,30,0,412
item,space-science-pack,ten_hours,31,0,1261
item,space-science-pack,ten_hours,32,0,1321
item,space-science-pack,ten_hours,33,0,989
item,space-science-pack,ten_hours,40,0,218
item,space-science-pack,ten_hours,41,0,468
item,space-science-pack,ten_hours,42,0,309
item,space-science-pack,ten_hours,43,0,142
item,space-science-pack,ten_hours,44,0,175
item,space-science-pack,ten_hours,45,0,236
item,space-science-pack,ten_hours,46,0,369
item,space-science-pack,ten_hours,47,0,478
item,space-science-pack,ten_hours,48,0,1515
item,space-science-pack,ten_hours,49,0,634
item,space-science-pack,ten_hours,64,0,451
item,space-science-pack,ten_hours,65,0,471
item,space-science-pack,ten_hours,66,0,77
item,space-science-pack,ten_hours,67,0,521
item,space-science-pack,ten_hours,68,0,515
item,space-science-pack,ten_hours,69,0,511
item,space-science-pack,ten_hours,70,0,209
item,space-science-pack,ten_hours,78,0,202
item,space-science-pack,ten_hours,79,0,318
item,space-science-pack,ten_hours,80,0,299
item,space-science-pack,ten_hours,81,0,236
item,space-science-pack,ten_hours,82,0,263
item,space-science-pack,ten_hours,83,0,246
item,space-science-pack,ten_hours,84,0,236
item,space-science-pack,ten_hours,85,0,26
item,space-science-pack,ten_hours,87,0,136
item,space-science-pack,ten_hours,88,0,317
item,space-science-pack,ten_hours,89,0,6
item,space-science-pack,ten_hours,91,0,220
item,space-science-pack,ten_hours,92,0,282
item,space-science-pack,ten_hours,93,0,409
item,space-science-pack,ten_hours,95,0,140
item,space-science-pack,ten_hours,96,0,41
item,space-science-pack,ten_hours,98,0,111
item,space-science-pack,ten_hours,99,0,256
item,space-science-pack,ten_hours,100,0,182
item,space-science-pack,ten_hours,101,0,101
item,space-science-pack,ten_hours,103,0,38
item,space-science-pack,ten_hours,104,0,205
item,space-science-pack,ten_hours,105,0,192
item,space-science-pack,ten_hours,106,0,192
item,space-science-pack,ten_hours,107,0,223
item,space-science-pack,ten_hours,108,0,249
item,space-science-pack,ten_hours,109,0,322
item,space-science-pack,ten_hours,110,0,381
item,space-science-pack,ten_hours,111,0,18
item,space-science-pack,ten_hours,117,0,158
item,space-science-pack,ten_hours,118,0,23
item,space-science-pack,ten_hours,119,0,100
item,space-science-pack,ten_hours,120,0,177
item,space-science-pack,ten_hours,121,0,177
item,space-science-pack,ten_hours,122,0,178
item,space-science-pack,ten_hours,123,0,169
item,space-science-pack,ten_hours,124,0,121
item,space-science-pack,ten_hours,125,0,171
item,space-science-pack,ten_hours,126,0,225
item,space-science-pack,ten_hours,127,0,245
item,space-science-pack,ten_hours,128,0,225
item,space-science-pack,fifty_hours,1,0,2571
item,space-science-pack,fifty_hours,2,0,4187
item,space-science-pack,fifty_hours,4,0,359
item,space-science-pack,fifty_hours,5,0,20
item,space-science-pack,fifty_hours,6,0,1668
item,space-science-pack,fifty_hours,7,0,3571
item,space-science-pack,fifty_hours,8,0,218
item,space-science-pack,fifty_hours,9,0,1330
item,space-science-pack,fifty_hours,10,0,2996
item,space-science-pack,fifty_hours,13,0,922
item,space-science-pack,fifty_hours,14,0,1833
item,space-science-pack,fifty_hours,16,0,819
item,space-science-pack,fifty_hours,17,0,1007
item,space-science-pack,fifty_hours,18,0,459
item,space-science-pack,fifty_hours,19,0,1051
item,space-science-pack,fifty_hours,20,0,590
item,space-science-pack,fifty_hours,21,0,536
item,space-science-pack,fifty_hours,22,0,1367
item,space-science-pack,fifty_hours,23,0,18
item,space-science-pack,fifty_hours,24,0,458
item,space-science-pack,fifty_hours,25,0,816
item,space-science-pack,fifty_hours,26,0,695
item,transport-belt,ten_hours,1,294,294
item,transport-belt,ten_hours,2,294,294
item,transport-belt,ten_hours,3,298,294
item,transport-belt,ten_hours,4,292,294
item,transport-belt,ten_hours,5,294,294
item,transport-belt,ten_hours,6,294,294
item,transport-belt,ten_hours,7,280,282
item,transport-belt,ten_hours,8,270,272
item,transport-belt,ten_hours,9,286,283
item,transport-belt,ten_hours,10,294,294
item,transport-belt,ten_hours,11,290,294
item,transport-belt,ten_hours,12,322,318
item,transport-belt,ten_hours,13,376,379
item,transport-belt,ten_hours,14,286,294
item,transport-belt,ten_hours,15,302,294
item,transport-belt,ten_hours,16,292,294
item,transport-belt,ten_hours,17,294,294
item,transport-belt,ten_hours,18,290,294
item,transport-belt,ten_hours,19,300,294
item,transport-belt,ten_hours,20,294,294
item,transport-belt,ten_hours,21,294,294
item,transport-belt,ten_hours,22,290,294
item,transport-belt,ten_hours,23,300,294
item,transport-belt,ten_hours,24,294,294
item,transport-belt,ten_hours,25,294,294
item,transport-belt,ten_hours,26,290,294
item,transport-belt,ten_hours,27,300,294
item,transport-belt,ten_hours,28,294,294
item,transport-belt,ten_hours,29,290,294
item,transport-belt,ten_hours,30,288,294
item,transport-belt,ten_hours,31,292,284
item,transport-belt,ten_hours,32,294,293
item,transport-belt,ten_hours,33,296,293
item,transport-belt,ten_hours,34,294,294
item,transport-belt,ten_hours,35,292,294
item,transport-belt,ten_hours,36,296,294
item,transport-belt,ten_hours,37,296,294
item,transport-belt,ten_hours,38,292,294
item,transport-belt,ten_hours,39,294,294
item,transport-belt,ten_hours,40,296,294
item,transport-belt,ten_hours,41,284,293
item,transport-belt,ten_hours,42,296,294
item,transport-belt,ten_hours,43,292,294
item,transport-belt,ten_hours,44,298,294
item,transport-belt,ten_hours,45,350,346
item,transport-belt,ten_hours,46,354,354
item,transport-belt,ten_hours,47,354,358
item,transport-belt,ten_hours,48,362,354
item,transport-belt,ten_hours,49,346,354
item,transport-belt,ten_hours,50,360,358
item,transport-belt,ten_hours,51,320,322
item,transport-belt,ten_hours,52,298,294
item,transport-belt,ten_hours,53,292,294
item,transport-belt,ten_hours,54,296,294
item,transport-belt,ten_hours,55,288,294
item,transport-belt,ten_hours,56,302,294
item,transport-belt,ten_hours,57,284,294
item,transport-belt,ten_hours,58,298,294
item,transport-belt,ten_hours,59,290,294
item,transport-belt,ten_hours,60,298,294
item,transport-belt,ten_hours,61,290,294
item,transport-belt,ten_hours,62,298,294
item,transport-belt,ten_hours,63,326,331
item,transport-belt,ten_hours,64,296,294
item,transport-belt,ten_hours,65,292,294
item,transport-belt,ten_hours,66,298,294
item,transport-belt,ten_hours,67,342,294
item,transport-belt,ten_hours,68,392,294
item,transport-belt,ten_hours,69,402,341
item,transport-belt,ten_hours,70,404,346
item,transport-belt,ten_hours,71,392,294
item,transport-belt,ten_hours,72,392,294
item,transport-belt,ten_hours,73,392,294
item,transport-belt,ten_hours,74,392,294
item,transport-belt,ten_hours,75,392,294
item,transport-belt,ten_hours,76,396,294
item,transport-belt,ten_hours,77,384,294
item,transport-belt,ten_hours,78,392,294
item,transport-belt,ten_hours,79,392,294
item,transport-belt,ten_hours,80,396,294
item,transport-belt,ten_hours,81,392,294
item,transport-belt,ten_hours,82,392,294
item,transport-belt,ten_hours,83,388,294
item,transport-belt,ten_hours,84,396,294
item,transport-belt,ten_hours,85,408,294
item,transport-belt,ten_hours,86,388,294
item,transport-belt,ten_hours,87,392,294
item,transport-belt,ten_hours,88,392,294
item,transport-belt,ten_hours,89,392,294
item,transport-belt,ten_hours,90,392,294
item,transport-belt,ten_hours,91,392,294
item,transport-belt,ten_hours,92,392,294
item,transport-belt,ten_hours,93,392,294
item,transport-belt,ten_hours,94,388,294
item,transport-belt,ten_hours,95,392,294
item,transport-belt,ten_hours,96,392,294
item,transport-belt,ten_hours,97,464,294
item,transport-belt,ten_hours,98,492,294
item,transport-belt,ten_hours,99,390,294
item,transport-belt,ten_hours,100,414,269
item,transport-belt,ten_hours,101,406,210
item,transport-belt,ten_hours,102,382,210
item,transport-belt,ten_hours,103,530,210
item,transport-belt,ten_hours,104,720,210
item,transport-belt,ten_hours,105,720,210
item,transport-belt,ten_hours,106,720,210
item,transport-belt,ten_hours,107,720,210
item,transport-belt,ten_hours,108,720,210
item,transport-belt,ten_hours,109,720,210
item,transport-belt,ten_hours,110,720,370
item,transport-belt,ten_hours,111,720,210
item,transport-belt,ten_hours,112,718,235
item,transport-belt,ten_hours,113,720,495
item,transport-belt,ten_hours,114,720,210
item,transport-belt,ten_hours,115,720,210
item,transport-belt,ten_hours,116,720,210
item,transport-belt,ten_hours,117,720,210
item,transport-belt,ten_hours,118,720,210
item,transport-belt,ten_hours,119,720,235
item,transport-belt,ten_hours,120,720,219
item,transport-belt,ten_hours,121,720,222
item,transport-belt,ten_hours,122,720,210
item,transport-belt,ten_hours,123,720,210
item,transport-belt,ten_hours,124,720,210
item,transport-belt,ten_hours,125,720,210
item,transport-belt,ten_hours,126,720,226
item,transport-belt,ten_hours,127,720,280
item,transport-belt,ten_hours,128,720,547
item,transport-belt,ten_hours,129,720,415
item,transport-belt,ten_hours,130,720,210
item,transport-belt,ten_hours,131,720,249
item,transport-belt,ten_hours,132,720,399
item,transport-belt,ten_hours,133,720,210
item,transport-belt,ten_hours,134,720,220
item,transport-belt,ten_hours,135,720,210
item,transport-belt,ten_hours,136,720,210
item,transport-belt,ten_hours,137,720,255
item,transport-belt,ten_hours,138,720,236
item,transport-belt,ten_hours,139,720,224
item,transport-belt,ten_hours,140,720,330
item,transport-belt,ten_hours,141,720,323
item,transport-belt,ten_hours,142,720,395
item,transport-belt,ten_hours,143,720,493
item,transport-belt,ten_hours,144,720,337
item,transport-belt,ten_hours,145,720,553
item,transport-belt,ten_hours,146,720,589
item,transport-belt,ten_hours,147,720,457
item,transport-belt,ten_hours,148,720,388
item,transport-belt,ten_hours,149,720,289
item,transport-belt,ten_hours,150,720,505
item,transport-belt,ten_hours,151,720,297
item,transport-belt,ten_hours,152,720,240
item,transport-belt,ten_hours,153,720,525
item,transport-belt,ten_hours,154,720,495
item,transport-belt,ten_hours,155,720,332
item,transport-belt,ten_hours,156,720,340
item,transport-belt,ten_hours,157,720,316
item,transport-belt,ten_hours,158,720,318
item,transport-belt,ten_hours,159,720,300
item,transport-belt,ten_hours,160,720,285
item,transport-belt,ten_hours,161,720,295
item,transport-belt,ten_hours,162,720,220
item,transport-belt,ten_hours,163,720,210
item,transport-belt,ten_hours,164,720,210
item,transport-belt,ten_hours,165,720,210
item,transport-belt,ten_hours,166,720,210
item,transport-belt,ten_hours,167,720,210
item,transport-belt,ten_hours,168,720,265
item,transport-belt,ten_hours,169,702,572
item,transport-belt,ten_hours,170,592,410
item,transport-belt,ten_hours,171,588,291
item,transport-belt,ten_hours,172,592,264
item,transport-belt,ten_hours,173,590,284
item,transport-belt,ten_hours,174,592,372
item,transport-belt,ten_hours,175,596,466
item,transport-belt,ten_hours,176,544,285
item,transport-belt,ten_hours,177,480,210
item,transport-belt,ten_hours,178,476,246
item,transport-belt,ten_hours,179,480,210
item,transport-belt,ten_hours,180,476,356
item,transport-belt,ten_hours,181,474,216
item,transport-belt,ten_hours,182,480,210
item,transport-belt,ten_hours,183,480,260
item,transport-belt,ten_hours,184,480,350
item,transport-belt,ten_hours,185,480,210
item,transport-belt,ten_hours,186,480,154
item,transport-belt,ten_hours,187,480,98
item,transport-belt,ten_hours,188,354,168
item,transport-belt,ten_hours,189,166,180
item,transport-belt,ten_hours,190,204,0
item,transport-belt,ten_hours,191,186,20
item,transport-belt,ten_hours,192,202,51
item,transport-belt,ten_hours,193,242,0
item,transport-belt,ten_hours,194,80,0
item,transport-belt,ten_hours,195,80,0
item,transport-belt,ten_hours,196,12,12
item,transport-belt,ten_hours,198,4,4
item,transport-belt,fifty_hours,1,1472,1470
item,transport-belt,fifty_hours,2,1424,1425
item,transport-belt,fifty_hours,3,1576,1579
item,transport-belt,fifty_hours,4,1470,1470
item,transport-belt,fifty_hours,5,1472,1470
item,transport-belt,fifty_hours,6,1462,1470
item,transport-belt,fifty_hours,7,1468,1458
item,transport-belt,fifty_hours,8,1474,1470
item,transport-belt,fifty_hours,9,1520,1521
item,transport-belt,fifty_hours,10,1776,1778
item,transport-belt,fifty_hours,11,1494,1498
item,transport-belt,fifty_hours,12,1472,1470
item,transport-belt,fifty_hours,13,1502,1507
item,transport-belt,fifty_hours,14,1838,1569
item,transport-belt,fifty_hours,15,1960,1470
item,transport-belt,fifty_hours,16,1960,1470
item,transport-belt,fifty_hours,17,1976,1470
item,transport-belt,fifty_hours,18,1956,1470
item,transport-belt,fifty_hours,19,1956,1470
item,transport-belt,fifty_hours,20,2152,1445
item,transport-belt,fifty_hours,21,2758,1050
item,transport-belt,fifty_hours,22,3600,1210
item,transport-belt,fifty_hours,23,3598,1360
item,transport-belt,fifty_hours,24,3600,1084
item,transport-belt,fifty_hours,25,3600,1062
item,transport-belt,fifty_hours,26,3600,1678
item,transport-belt,fifty_hours,27,3600,1288
item,transport-belt,fifty_hours,28,3600,1255
item,transport-belt,fifty_hours,29,3600,2101
item,transport-belt,fifty_hours,30,3600,2228
item,transport-belt,fifty_hours,31,3600,1889
item,transport-belt,fifty_hours,32,3600,1559
item,transport-belt,fifty_hours,33,3600,1145
item,transport-belt,fifty_hours,34,3454,1667
item,transport-belt,fifty_hours,35,2958,1677
item,transport-belt,fifty_hours,36,2456,1307
item,transport-belt,fifty_hours,37,2394,1246
item,transport-belt,fifty_hours,38,1684,600
item,transport-belt,fifty_hours,39,790,71
item,transport-belt,fifty_hours,40,16,16
item,inserter,ten_hours,1,297,294
item,inserter,ten_hours,2,294,294
item,inserter,ten_hours,3,292,294
item,inserter,ten_hours,4,293,294
item,inserter,ten_hours,5,297,294
item,inserter,ten_hours,6,294,294
item,inserter,ten_hours,7,281,282
item,inserter,ten_hours,8,268,272
item,inserter,ten_hours,9,281,283
item,inserter,ten_hours,10,296,294
item,inserter,ten_hours,11,294,294
item,inserter,ten_hours,12,293,294
item,inserter,ten_hours,13,293,294
item,inserter,ten_hours,14,296,294
item,inserter,ten_hours,15,293,294
item,inserter,ten_hours,16,294,294
item,inserter,ten_hours,17,293,294
item,inserter,ten_hours,18,296,294
item,inserter,ten_hours,19,293,294
item,inserter,ten_hours,20,294,294
item,inserter,ten_hours,21,293,294
item,inserter,ten_hours,22,296,294
item,inserter,ten_hours,23,293,294
item,inserter,ten_hours,24,294,294
item,inserter,ten_hours,25,293,294
item,inserter,ten_hours,26,296,294
item,inserter,ten_hours,27,293,294
item,inserter,ten_hours,28,294,294
item,inserter,ten_hours,29,293,294
item,inserter,ten_hours,30,296,294
item,inserter,ten_hours,31,289,284
item,inserter,ten_hours,32,293,293
item,inserter,ten_hours,33,293,293
item,inserter,ten_hours,34,294,294
item,inserter,ten_hours,35,295,294
item,inserter,ten_hours,36,293,294
item,inserter,ten_hours,37,294,294
item,inserter,ten_hours,38,293,294
item,inserter,ten_hours,39,353,353
item,inserter,ten_hours,40,292,294
item,inserter,ten_hours,41,293,293
item,inserter,ten_hours,42,295,294
item,inserter,ten_hours,43,299,294
item,inserter,ten_hours,44,294,294
item,inserter,ten_hours,45,295,294
item,inserter,ten_hours,46,293,294
item,inserter,ten_hours,47,294,294
item,inserter,ten_hours,48,293,294
item,inserter,ten_hours,49,376,373
item,inserter,ten_hours,50,293,294
item,inserter,ten_hours,51,294,294
item,inserter,ten_hours,52,294,294
item,inserter,ten_hours,53,295,294
item,inserter,ten_hours,54,293,294
item,inserter,ten_hours,55,294,294
item,inserter,ten_hours,56,294,294
item,inserter,ten_hours,57,295,294
item,inserter,ten_hours,58,293,294
item,inserter,ten_hours,59,294,294
item,inserter,ten_hours,60,294,294
item,inserter,ten_hours,61,295,294
item,inserter,ten_hours,62,293,294
item,inserter,ten_hours,63,294,294
item,inserter,ten_hours,64,294,294
item,inserter,ten_hours,65,295,294
item,inserter,ten_hours,66,293,294
item,inserter,ten_hours,67,294,294
item,inserter,ten_hours,68,293,294
item,inserter,ten_hours,69,298,294
item,inserter,ten_hours,70,337,343
item,inserter,ten_hours,71,294,294
item,inserter,ten_hours,72,293,294
item,inserter,ten_hours,73,296,294
item,inserter,ten_hours,74,295,296
item,inserter,ten_hours,75,301,298
item,inserter,ten_hours,76,294,294
item,inserter,ten_hours,77,332,330
item,inserter,ten_hours,78,296,302
item,inserter,ten_hours,79,294,294
item,inserter,ten_hours,80,295,294
item,inserter,ten_hours,81,297,298
item,inserter,ten_hours,82,293,294
item,inserter,ten_hours,83,303,298
item,inserter,ten_hours,84,301,302
item,inserter,ten_hours,85,295,298
item,inserter,ten_hours,86,313,313
item,inserter,ten_hours,87,295,294
item,inserter,ten_hours,88,293,294
item,inserter,ten_hours,89,294,294
item,inserter,ten_hours,90,294,294
item,inserter,ten_hours,91,295,294
item,inserter,ten_hours,92,293,294
item,inserter,ten_hours,93,294,294
item,inserter,ten_hours,94,294,294
item,inserter,ten_hours,95,295,294
item,inserter,ten_hours,96,293,294
item,inserter,ten_hours,97,294,294
item,inserter,ten_hours,98,306,304
item,inserter,ten_hours,99,291,294
item,inserter,ten_hours,100,259,261
item,inserter,ten_hours,101,221,214
item,inserter,ten_hours,102,207,214
item,inserter,ten_hours,103,221,210
item,inserter,ten_hours,104,201,210
item,inserter,ten_hours,105,224,212
item,inserter,ten_hours,106,201,216
item,inserter,ten_hours,107,226,216
item,inserter,ten_hours,108,207,214
item,inserter,ten_hours,109,221,212
item,inserter,ten_hours,110,271,216
item,inserter,ten_hours,111,223,214
item,inserter,ten_hours,112,286,275
item,inserter,ten_hours,113,367,217
item,inserter,ten_hours,114,207,213
item,inserter,ten_hours,115,225,216
item,inserter,ten_hours,116,209,218
item,inserter,ten_hours,117,263,254
item,inserter,ten_hours,118,201,210
item,inserter,ten_hours,119,248,237
item,inserter,ten_hours,120,222,232
item,inserter,ten_hours,121,251,241
item,inserter,ten_hours,122,200,213
item,inserter,ten_hours,123,220,210
item,inserter,ten_hours,124,200,210
item,inserter,ten_hours,125,217,210
item,inserter,ten_hours,126,209,213
item,inserter,ten_hours,127,394,254
item,inserter,ten_hours,128,487,297
item,inserter,ten_hours,129,369,290
item,inserter,ten_hours,130,200,210
item,inserter,ten_hours,131,215,210
item,inserter,ten_hours,132,207,212
item,inserter,ten_hours,133,240,232
item,inserter,ten_hours,134,211,220
item,inserter,ten_hours,135,222,210
item,inserter,ten_hours,136,204,214
item,inserter,ten_hours,137,252,242
item,inserter,ten_hours,138,216,223
item,inserter,ten_hours,139,244,234
item,inserter,ten_hours,140,270,265
item,inserter,ten_hours,141,372,281
item,inserter,ten_hours,142,540,501
item,inserter,ten_hours,143,390,299
item,inserter,ten_hours,144,383,280
item,inserter,ten_hours,145,436,267
item,inserter,ten_hours,146,417,222
item,inserter,ten_hours,147,535,224
item,inserter,ten_hours,148,203,210
item,inserter,ten_hours,149,221,210
item,inserter,ten_hours,150,314,313
item,inserter,ten_hours,151,302,297
item,inserter,ten_hours,152,407,254
item,inserter,ten_hours,153,340,224
item,inserter,ten_hours,154,202,210
item,inserter,ten_hours,155,328,232
item,inserter,ten_hours,156,272,214
item,inserter,ten_hours,157,247,241
item,inserter,ten_hours,158,204,211
item,inserter,ten_hours,159,254,210
item,inserter,ten_hours,160,467,210
item,inserter,ten_hours,161,270,246
item,inserter,ten_hours,162,226,237
item,inserter,ten_hours,163,215,210
item,inserter,ten_hours,164,205,210
item,inserter,ten_hours,165,216,210
item,inserter,ten_hours,166,205,210
item,inserter,ten_hours,167,284,231
item,inserter,ten_hours,168,481,420
item,inserter,ten_hours,169,478,402
item,inserter,ten_hours,170,295,300
item,inserter,ten_hours,171,379,296
item,inserter,ten_hours,172,421,314
item,inserter,ten_hours,173,420,329
item,inserter,ten_hours,174,424,330
item,inserter,ten_hours,175,430,364
item,inserter,ten_hours,176,406,210
item,inserter,ten_hours,177,360,255
item,inserter,ten_hours,178,349,211
item,inserter,ten_hours,179,354,210
item,inserter,ten_hours,180,220,208
item,inserter,ten_hours,181,252,210
item,inserter,ten_hours,182,274,210
item,inserter,ten_hours,183,265,244
item,inserter,ten_hours,184,359,216
item,inserter,ten_hours,185,360,210
item,inserter,ten_hours,186,280,189
item,inserter,ten_hours,187,257,90
item,inserter,ten_hours,188,177,15
item,inserter,ten_hours,189,18,80
item,inserter,ten_hours,190,152,0
item,inserter,ten_hours,191,35,0
item,inserter,ten_hours,192,68,9
item,inserter,ten_hours,193,80,0
item,inserter,ten_hours,194,45,0
item,inserter,ten_hours,195,25,0
item,inserter,ten_hours,196,17,0
item,inserter,fifty_hours,1,1473,1470
item,inserter,fifty_hours,2,1420,1425
item,inserter,fifty_hours,3,1469,1470
item,inserter,fifty_hours,4,1470,1470
item,inserter,fifty_hours,5,1469,1470
item,inserter,fifty_hours,6,1472,1470
item,inserter,fifty_hours,7,1464,1458
item,inserter,fifty_hours,8,1525,1529
item,inserter,fifty_hours,9,1476,1469
item,inserter,fifty_hours,10,1549,1549
item,inserter,fifty_hours,11,1470,1470
item,inserter,fifty_hours,12,1470,1470
item,inserter,fifty_hours,13,1471,1470
item,inserter,fifty_hours,14,1515,1519
item,inserter,fifty_hours,15,1479,1476
item,inserter,fifty_hours,16,1511,1514
item,inserter,fifty_hours,17,1489,1490
item,inserter,fifty_hours,18,1489,1489
item,inserter,fifty_hours,19,1471,1470
item,inserter,fifty_hours,20,1443,1447
item,inserter,fifty_hours,21,1074,1060
item,inserter,fifty_hours,22,1126,1074
item,inserter,fifty_hours,23,1308,1135
item,inserter,fifty_hours,24,1143,1151
item,inserter,fifty_hours,25,1088,1084
item,inserter,fifty_hours,26,1659,1264
item,inserter,fifty_hours,27,1095,1084
item,inserter,fifty_hours,28,1186,1178
item,inserter,fifty_hours,29,2121,1628
item,inserter,fifty_hours,30,1690,1179
item,inserter,fifty_hours,31,1579,1217
item,inserter,fifty_hours,32,1444,1086
item,inserter,fifty_hours,33,1132,1113
item,inserter,fifty_hours,34,1743,1563
item,inserter,fifty_hours,35,2074,1633
item,inserter,fifty_hours,36,1689,1094
item,inserter,fifty_hours,37,1510,1090
item,inserter,fifty_hours,38,884,374
item,inserter,fifty_hours,39,253,9
item,inserter,fifty_hours,40,17,0
item,fast-inserter,ten_hours,30,0,5
item,fast-inserter,ten_hours,31,0,7
item,fast-inserter,ten_hours,32,0,6
item,fast-inserter,ten_hours,33,0,8
item,fast-inserter,ten_hours,34,0,6
item,fast-inserter,ten_hours,35,0,8
item,fast-inserter,ten_hours,36,0,8
item,fast-inserter,ten_hours,49,79,0
item,fast-inserter,ten_hours,74,2,0
item,fast-inserter,ten_hours,75,4,0
item,fast-inserter,ten_hours,77,36,0
item,fast-inserter,ten_hours,78,8,0
item,fast-inserter,ten_hours,81,4,0
item,fast-inserter,ten_hours,83,4,1
item,fast-inserter,ten_hours,84,8,7
item,fast-inserter,ten_hours,85,4,6
item,fast-inserter,ten_hours,86,19,0
item,fast-inserter,ten_hours,98,4,0
item,fast-inserter,ten_hours,100,2,0
item,fast-inserter,ten_hours,101,4,3
item,fast-inserter,ten_hours,102,4,2
item,fast-inserter,ten_hours,105,2,3
item,fast-inserter,ten_hours,106,6,5
item,fast-inserter,ten_hours,107,6,4
item,fast-inserter,ten_hours,108,4,5
item,fast-inserter,ten_hours,109,2,3
item,fast-inserter,ten_hours,110,6,4
item,fast-inserter,ten_hours,111,4,4
item,fast-inserter,ten_hours,112,53,4
item,fast-inserter,ten_hours,113,7,4
item,fast-inserter,ten_hours,114,3,5
item,fast-inserter,ten_hours,115,6,6
item,fast-inserter,ten_hours,116,8,6
item,fast-inserter,ten_hours,117,44,0
item,fast-inserter,ten_hours,119,28,0
item,fast-inserter,ten_hours,120,21,0
item,fast-inserter,ten_hours,121,21,0
item,fast-inserter,ten_hours,122,3,0
item,fast-inserter,ten_hours,126,3,0
item,fast-inserter,ten_hours,127,45,0
item,fast-inserter,ten_hours,128,30,0
item,fast-inserter,ten_hours,129,28,0
item,fast-inserter,ten_hours,132,2,0
item,fast-inserter,ten_hours,133,22,0
item,fast-inserter,ten_hours,136,4,0
item,fast-inserter,ten_hours,137,28,0
item,fast-inserter,ten_hours,138,2,0
item,fast-inserter,ten_hours,139,7,0
item,fast-inserter,ten_hours,140,25,0
item,fast-inserter,ten_hours,141,39,0
item,fast-inserter,ten_hours,142,112,0
item,fast-inserter,ten_hours,143,14,0
item,fast-inserter,ten_hours,144,35,0
item,fast-inserter,ten_hours,145,4,0
item,fast-inserter,ten_hours,146,11,0
item,fast-inserter,ten_hours,147,14,0
item,fast-inserter,ten_hours,150,104,0
item,fast-inserter,ten_hours,151,64,0
item,fast-inserter,ten_hours,152,36,0
item,fast-inserter,ten_hours,153,6,0
item,fast-inserter,ten_hours,157,8,0
item,fast-inserter,ten_hours,161,24,0
item,fast-inserter,ten_hours,162,27,0
item,fast-inserter,ten_hours,167,22,0
item,fast-inserter,ten_hours,168,84,0
item,fast-inserter,ten_hours,169,61,0
item,fast-inserter,ten_hours,170,17,0
item,fast-inserter,ten_hours,171,67,0
item,fast-inserter,ten_hours,172,17,0
item,fast-inserter,ten_hours,173,17,0
item,fast-inserter,ten_hours,174,18,0
item,fast-inserter,ten_hours,175,29,0
item,fast-inserter,ten_hours,177,45,0
item,fast-inserter,ten_hours,178,1,0
item,fast-inserter,ten_hours,186,35,0
item,fast-inserter,ten_hours,189,40,0
item,fast-inserter,ten_hours,192,2,0
item,fast-inserter,fifty_hours,6,0,5
item,fast-inserter,fifty_hours,7,0,35
item,fast-inserter,fifty_hours,8,0,8
item,fast-inserter,fifty_hours,10,79,0
item,fast-inserter,fifty_hours,15,6,0
item,fast-inserter,fifty_hours,16,44,0
item,fast-inserter,fifty_hours,17,20,14
item,fast-inserter,fifty_hours,18,19,0
item,fast-inserter,fifty_hours,20,6,0
item,fast-inserter,fifty_hours,21,10,8
item,fast-inserter,fifty_hours,22,24,21
item,fast-inserter,fifty_hours,23,73,23
item,fast-inserter,fifty_hours,24,101,6
item,fast-inserter,fifty_hours,25,24,0
item,fast-inserter,fifty_hours,26,106,0
item,fast-inserter,fifty_hours,27,24,0
item,fast-inserter,fifty_hours,28,66,0
item,fast-inserter,fifty_hours,29,204,0
item,fast-inserter,fifty_hours,30,129,0
item,fast-inserter,fifty_hours,31,106,0
item,fast-inserter,fifty_hours,32,8,0
item,fast-inserter,fifty_hours,33,51,0
item,fast-inserter,fifty_hours,34,184,0
item,fast-inserter,fifty_hours,35,148,0
item,fast-inserter,fifty_hours,36,46,0
item,fast-inserter,fifty_hours,38,75,0
item,fast-inserter,fifty_hours,39,2,0
item,assembling-machine-1,ten_hours,42,5,4
item,assembling-machine-1,ten_hours,43,7,8
item,assembling-machine-1,ten_hours,50,8,8
item,assembling-machine-1,ten_hours,59,4,4
item,assembling-machine-1,ten_hours,65,16,16
item,assembling-machine-1,ten_hours,66,23,20
item,assembling-machine-1,ten_hours,67,5,8
item,assembling-machine-1,ten_hours,69,4,4
item,assembling-machine-1,ten_hours,75,12,10
item,assembling-machine-1,ten_hours,76,16,18
item,assembling-machine-1,ten_hours,77,17,16
item,assembling-machine-1,ten_hours,78,3,4
item,assembling-machine-1,ten_hours,81,10,10
item,assembling-machine-1,ten_hours,86,6,5
item,assembling-machine-1,ten_hours,95,6,6
item,assembling-machine-1,ten_hours,96,24,24
item,assembling-machine-1,ten_hours,98,6,6
item,assembling-machine-1,ten_hours,101,2,2
item,assembling-machine-1,ten_hours,104,5,4
item,assembling-machine-1,ten_hours,105,11,12
item,assembling-machine-1,ten_hours,106,8,8
item,assembling-machine-1,ten_hours,107,10,10
item,assembling-machine-1,ten_hours,108,11,9
item,assembling-machine-1,ten_hours,109,9,11
item,assembling-machine-1,ten_hours,110,10,10
item,assembling-machine-1,ten_hours,111,6,6
item,assembling-machine-1,ten_hours,112,37,37
item,assembling-machine-1,ten_hours,113,14,14
item,assembling-machine-1,ten_hours,114,16,14
item,assembling-machine-1,ten_hours,115,2,5
item,assembling-machine-1,ten_hours,117,20,20
item,assembling-machine-1,ten_hours,120,12,8
item,assembling-machine-1,ten_hours,122,4,4
item,assembling-machine-1,ten_hours,125,21,15
item,assembling-machine-1,ten_hours,126,53,63
item,assembling-machine-1,ten_hours,127,12,11
item,assembling-machine-1,ten_hours,128,10,6
item,assembling-machine-1,ten_hours,129,16,20
item,assembling-machine-1,ten_hours,133,6,6
item,assembling-machine-1,ten_hours,134,4,4
item,assembling-machine-1,ten_hours,137,14,14
item,assembling-machine-1,ten_hours,138,30,30
item,assembling-machine-1,ten_hours,139,48,48
item,assembling-machine-1,ten_hours,140,56,48
item,assembling-machine-1,ten_hours,141,57,56
item,assembling-machine-1,ten_hours,142,41,40
item,assembling-machine-1,ten_hours,143,26,33
item,assembling-machine-1,ten_hours,144,48,42
item,assembling-machine-1,ten_hours,145,21,27
item,assembling-machine-1,ten_hours,147,24,24
item,assembling-machine-1,ten_hours,148,11,15
item,assembling-machine-1,ten_hours,151,4,2
item,assembling-machine-1,ten_hours,152,18,18
item,assembling-machine-1,ten_hours,153,2,2
item,assembling-machine-1,ten_hours,155,34,34
item,assembling-machine-1,ten_hours,156,12,12
item,assembling-machine-1,ten_hours,157,10,10
item,assembling-machine-1,ten_hours,160,4,4
item,assembling-machine-1,ten_hours,161,10,6
item,assembling-machine-1,ten_hours,162,10,13
item,assembling-machine-1,ten_hours,165,22,17
item,assembling-machine-1,ten_hours,166,61,58
item,assembling-machine-1,ten_hours,167,51,58
item,assembling-machine-1,ten_hours,168,28,28
item,assembling-machine-1,ten_hours,169,34,30
item,assembling-machine-1,ten_hours,170,25,28
item,assembling-machine-1,ten_hours,171,37,37
item,assembling-machine-1,ten_hours,172,30,31
item,assembling-machine-1,ten_hours,173,31,31
item,assembling-machine-1,ten_hours,174,30,28
item,assembling-machine-1,ten_hours,175,24,23
item,assembling-machine-1,ten_hours,176,3,16
item,assembling-machine-1,ten_hours,178,0,8
item,assembling-machine-1,ten_hours,186,10,43
item,assembling-machine-1,ten_hours,189,40,0
item,assembling-machine-1,ten_hours,192,10,0
item,assembling-machine-1,ten_hours,194,6,0
item,assembling-machine-1,ten_hours,195,1,0
item,assembling-machine-1,ten_hours,196,11,0
item,assembling-machine-1,fifty_hours,9,12,12
item,assembling-machine-1,fifty_hours,10,8,8
item,assembling-machine-1,fifty_hours,12,4,4
item,assembling-machine-1,fifty_hours,13,16,16
item,assembling-machine-1,fifty_hours,14,32,32
item,assembling-machine-1,fifty_hours,15,12,10
item,assembling-machine-1,fifty_hours,16,36,38
item,assembling-machine-1,fifty_hours,17,10,10
item,assembling-machine-1,fifty_hours,18,6,5
item,assembling-machine-1,fifty_hours,19,6,6
item,assembling-machine-1,fifty_hours,20,30,30
item,assembling-machine-1,fifty_hours,21,18,18
item,assembling-machine-1,fifty_hours,22,48,48
item,assembling-machine-1,fifty_hours,23,75,76
item,assembling-machine-1,fifty_hours,24,32,28
item,assembling-machine-1,fifty_hours,25,25,19
item,assembling-machine-1,fifty_hours,26,91,100
item,assembling-machine-1,fifty_hours,27,10,10
item,assembling-machine-1,fifty_hours,28,148,140
item,assembling-machine-1,fifty_hours,29,193,198
item,assembling-machine-1,fifty_hours,30,35,39
item,assembling-machine-1,fifty_hours,31,58,56
item,assembling-machine-1,fifty_hours,32,26,26
item,assembling-machine-1,fifty_hours,33,42,36
item,assembling-machine-1,fifty_hours,34,199,202
item,assembling-machine-1,fifty_hours,35,152,150
item,assembling-machine-1,fifty_hours,36,3,24
item,assembling-machine-1,fifty_hours,38,50,43
item,assembling-machine-1,fifty_hours,39,17,0
item,assembling-machine-1,fifty_hours,40,11,0
item,assembling-machine-2,ten_hours,30,0,8
item,assembling-machine-2,ten_hours,31,0,12
item,assembling-machine-2,ten_hours,42,4,4
item,assembling-machine-2,ten_hours,43,8,8
item,assembling-machine-2,ten_hours,50,8,14
item,assembling-machine-2,ten_hours,51,0,4
item,assembling-machine-2,ten_hours,59,4,4
item,assembling-machine-2,ten_hours,65,16,12
item,assembling-machine-2,ten_hours,66,21,24
item,assembling-machine-2,ten_hours,67,7,24
item,assembling-machine-2,ten_hours,68,0,24
item,assembling-machine-2,ten_hours,69,4,12
item,assembling-machine-2,ten_hours,75,10,8
item,assembling-machine-2,ten_hours,76,18,16
item,assembling-machine-2,ten_hours,77,16,20
item,assembling-machine-2,ten_hours,78,4,4
item,assembling-machine-2,ten_hours,81,10,18
item,assembling-machine-2,ten_hours,86,5,0
item,assembling-machine-2,ten_hours,95,6,2
item,assembling-machine-2,ten_hours,96,24,22
item,assembling-machine-2,ten_hours,97,0,28
item,assembling-machine-2,ten_hours,98,6,24
item,assembling-machine-2,ten_hours,99,0,4
item,assembling-machine-2,ten_hours,101,2,0
item,assembling-machine-2,ten_hours,104,4,2
item,assembling-machine-2,ten_hours,105,12,8
item,assembling-machine-2,ten_hours,106,8,10
item,assembling-machine-2,ten_hours,107,10,12
item,assembling-machine-2,ten_hours,108,10,8
item,assembling-machine-2,ten_hours,109,10,10
item,assembling-machine-2,ten_hours,110,10,12
item,assembling-machine-2,ten_hours,111,6,8
item,assembling-machine-2,ten_hours,112,37,12
item,assembling-machine-2,ten_hours,113,14,12
item,assembling-machine-2,ten_hours,114,15,12
item,assembling-machine-2,ten_hours,115,4,0
item,assembling-machine-2,ten_hours,117,20,0
item,assembling-machine-2,ten_hours,120,8,0
item,assembling-machine-2,ten_hours,122,4,0
item,assembling-machine-2,ten_hours,125,16,0
item,assembling-machine-2,ten_hours,126,62,0
item,assembling-machine-2,ten_hours,127,11,0
item,assembling-machine-2,ten_hours,128,6,0
item,assembling-machine-2,ten_hours,129,20,0
item,assembling-machine-2,ten_hours,133,6,0
item,assembling-machine-2,ten_hours,134,4,0
item,assembling-machine-2,ten_hours,137,14,0
item,assembling-machine-2,ten_hours,138,30,0
item,assembling-machine-2,ten_hours,139,48,0
item,assembling-machine-2,ten_hours,140,48,0
item,assembling-machine-2,ten_hours,141,56,0
item,assembling-machine-2,ten_hours,142,41,0
item,assembling-machine-2,ten_hours,143,32,0
item,assembling-machine-2,ten_hours,144,42,0
item,assembling-machine-2,ten_hours,145,27,0
item,assembling-machine-2,ten_hours,147,24,0
item,assembling-machine-2,ten_hours,148,15,0
item,assembling-machine-2,ten_hours,151,2,0
item,assembling-machine-2,ten_hours,152,18,0
item,assembling-machine-2,ten_hours,153,2,0
item,assembling-machine-2,ten_hours,155,34,0
item,assembling-machine-2,ten_hours,156,12,0
item,assembling-machine-2,ten_hours,157,10,0
item,assembling-machine-2,ten_hours,160,4,0
item,assembling-machine-2,ten_hours,161,6,0
item,assembling-machine-2,ten_hours,162,13,0
item,assembling-machine-2,ten_hours,165,17,0
item,assembling-machine-2,ten_hours,166,59,0
item,assembling-machine-2,ten_hours,167,57,0
item,assembling-machine-2,ten_hours,168,28,0
item,assembling-machine-2,ten_hours,169,30,0
item,assembling-machine-2,ten_hours,170,28,0
item,assembling-machine-2,ten_hours,171,37,0
item,assembling-machine-2,ten_hours,172,31,0
item,assembling-machine-2,ten_hours,173,31,0
item,assembling-machine-2,ten_hours,174,28,0
item,assembling-machine-2,ten_hours,175,23,0
item,assembling-machine-2,ten_hours,176,16,0
item,assembling-machine-2,ten_hours,178,8,0
item,assembling-machine-2,ten_hours,186,43,0
item,assembling-machine-2,fifty_hours,6,0,8
item,assembling-machine-2,fifty_hours,7,0,12
item,assembling-machine-2,fifty_hours,9,12,12
item,assembling-machine-2,fifty_hours,10,8,14
item,assembling-machine-2,fifty_hours,11,0,4
item,assembling-machine-2,fifty_hours,12,4,4
item,assembling-machine-2,fifty_hours,13,16,12
item,assembling-machine-2,fifty_hours,14,32,84
item,assembling-machine-2,fifty_hours,15,10,8
item,assembling-machine-2,fifty_hours,16,38,40
item,assembling-machine-2,fifty_hours,17,10,18
item,assembling-machine-2,fifty_hours,18,5,0
item,assembling-machine-2,fifty_hours,19,6,2
item,assembling-machine-2,fifty_hours,20,30,78
item,assembling-machine-2,fifty_hours,21,18,10
item,assembling-machine-2,fifty_hours,22,48,52
item,assembling-machine-2,fifty_hours,23,76,44
item,assembling-machine-2,fifty_hours,24,28,0
item,assembling-machine-2,fifty_hours,25,20,0
item,assembling-machine-2,fifty_hours,26,99,0
item,assembling-machine-2,fifty_hours,27,10,0
item,assembling-machine-2,fifty_hours,28,140,0
item,assembling-machine-2,fifty_hours,29,198,0
item,assembling-machine-2,fifty_hours,30,39,0
item,assembling-machine-2,fifty_hours,31,56,0
item,assembling-machine-2,fifty_hours,32,26,0
item,assembling-machine-2,fifty_hours,33,36,0
item,assembling-machine-2,fifty_hours,34,202,0
item,assembling-machine-2,fifty_hours,35,150,0
item,assembling-machine-2,fifty_hours,36,24,0
item,assembling-machine-2,fifty_hours,38,43,0
item,assembling-machine-3,ten_hours,30,4,0
item,assembling-machine-3,ten_hours,31,6,0
item,assembling-machine-3,ten_hours,42,2,0
item,assembling-machine-3,ten_hours,43,4,0
item,assembling-machine-3,ten_hours,50,7,0
item,assembling-machine-3,ten_hours,51,2,0
item,assembling-machine-3,ten_hours,59,2,0
item,assembling-machine-3,ten_hours,65,6,0
item,assembling-machine-3,ten_hours,66,12,0
item,assembling-machine-3,ten_hours,67,12,0
item,assembling-machine-3,ten_hours,68,12,0
item,assembling-machine-3,ten_hours,69,6,0
item,assembling-machine-3,ten_hours,75,4,0
item,assembling-machine-3,ten_hours,76,8,0
item,assembling-machine-3,ten_hours,77,10,0
item,assembling-machine-3,ten_hours,78,2,0
item,assembling-machine-3,ten_hours,81,9,0
item,assembling-machine-3,ten_hours,95,1,0
item,assembling-machine-3,ten_hours,96,11,0
item,assembling-machine-3,ten_hours,97,14,0
item,assembling-machine-3,ten_hours,98,12,0
item,assembling-machine-3,ten_hours,99,2,0
item,assembling-machine-3,ten_hours,104,1,0
item,assembling-machine-3,ten_hours,105,4,0
item,assembling-machine-3,ten_hours,106,6,0
item,assembling-machine-3,ten_hours,107,5,0
item,assembling-machine-3,ten_hours,108,4,0
item,assembling-machine-3,ten_hours,109,5,0
item,assembling-machine-3,ten_hours,110,6,0
item,assembling-machine-3,ten_hours,111,4,0
item,assembling-machine-3,ten_hours,112,7,0
item,assembling-machine-3,ten_hours,113,5,0
item,assembling-machine-3,ten_hours,114,6,0
item,assembling-machine-3,fifty_hours,6,4,0
item,assembling-machine-3,fifty_hours,7,6,0
item,assembling-machine-3,fifty_hours,9,6,0
item,assembling-machine-3,fifty_hours,10,7,0
item,assembling-machine-3,fifty_hours,11,2,0
item,assembling-machine-3,fifty_hours,12,2,0
item,assembling-machine-3,fifty_hours,13,6,0
item,assembling-machine-3,fifty_hours,14,42,0
item,assembling-machine-3,fifty_hours,15,4,0
item,assembling-machine-3,fifty_hours,16,20,0
item,assembling-machine-3,fifty_hours,17,9,0
item,assembling-machine-3,fifty_hours,19,1,0
item,assembling-machine-3,fifty_hours,20,39,0
item,assembling-machine-3,fifty_hours,21,5,0
item,assembling-machine-3,fifty_hours,22,26,0
item,assembling-machine-3,fifty_hours,23,22,0
item,electric-mining-drill,ten_hours,111,23,0
item,electric-mining-drill,ten_hours,112,45,0
item,electric-mining-drill,ten_hours,113,32,0
item,electric-mining-drill,ten_hours,124,10,0
item,electric-mining-drill,ten_hours,125,45,0
item,electric-mining-drill,ten_hours,126,45,0
item,electric-mining-drill,ten_hours,127,40,0
item,electric-mining-drill,ten_hours,128,33,0
item,electric-mining-drill,ten_hours,129,15,0
item,electric-mining-drill,ten_hours,130,10,0
item,electric-mining-drill,ten_hours,131,45,0
item,electric-mining-drill,ten_hours,132,37,0
item,electric-mining-drill,ten_hours,138,21,0
item,electric-mining-drill,ten_hours,139,45,0
item,electric-mining-drill,ten_hours,140,45,0
item,electric-mining-drill,ten_hours,141,45,0
item,electric-mining-drill,ten_hours,142,45,0
item,electric-mining-drill,ten_hours,143,45,0
item,electric-mining-drill,ten_hours,144,45,0
item,electric-mining-drill,ten_hours,145,45,0
item,electric-mining-drill,ten_hours,146,45,0
item,electric-mining-drill,ten_hours,147,45,0
item,electric-mining-drill,ten_hours,148,12,0
item,electric-mining-drill,ten_hours,150,24,0
item,electric-mining-drill,ten_hours,151,45,0
item,electric-mining-drill,ten_hours,152,45,0
item,electric-mining-drill,ten_hours,153,45,0
item,electric-mining-drill,ten_hours,154,31,0
item,electric-mining-drill,ten_hours,155,8,0
item,electric-mining-drill,ten_hours,156,45,0
item,electric-mining-drill,ten_hours,157,43,0
item,electric-mining-drill,ten_hours,158,45,0
item,electric-mining-drill,ten_hours,159,45,0
item,electric-mining-drill,ten_hours,160,9,0
item,electric-mining-drill,ten_hours,169,24,0
item,electric-mining-drill,ten_hours,170,23,0
item,electric-mining-drill,ten_hours,171,29,0
item,electric-mining-drill,ten_hours,172,30,0
item,electric-mining-drill,ten_hours,173,29,0
item,electric-mining-drill,ten_hours,174,30,0
item,electric-mining-drill,ten_hours,175,29,0
item,electric-mining-drill,ten_hours,176,32,0
item,electric-mining-drill,ten_hours,177,30,0
item,electric-mining-drill,ten_hours,178,27,0
item,electric-mining-drill,ten_hours,179,32,0
item,electric-mining-drill,ten_hours,180,28,0
item,electric-mining-drill,ten_hours,181,17,0
item,electric-mining-drill,ten_hours,182,11,0
item,electric-mining-drill,ten_hours,183,1,0
item,electric-mining-drill,ten_hours,184,19,0
item,electric-mining-drill,ten_hours,185,70,0
item,electric-mining-drill,ten_hours,186,19,0
item,electric-mining-drill,ten_hours,187,1,0
item,electric-mining-drill,ten_hours,188,12,0
item,electric-mining-drill,ten_hours,190,18,0
item,electric-mining-drill,ten_hours,191,33,0
item,electric-mining-drill,ten_hours,193,12,0
item,electric-mining-drill,ten_hours,194,20,0
item,electric-mining-drill,ten_hours,195,17,0
item,electric-mining-drill,fifty_hours,23,100,0
item,electric-mining-drill,fifty_hours,25,55,0
item,electric-mining-drill,fifty_hours,26,143,0
item,electric-mining-drill,fifty_hours,27,82,0
item,electric-mining-drill,fifty_hours,28,111,0
item,electric-mining-drill,fifty_hours,29,225,0
item,electric-mining-drill,fifty_hours,30,126,0
item,electric-mining-drill,fifty_hours,31,174,0
item,electric-mining-drill,fifty_hours,32,187,0
item,electric-mining-drill,fifty_hours,34,47,0
item,electric-mining-drill,fifty_hours,35,147,0
item,electric-mining-drill,fifty_hours,36,149,0
item,electric-mining-drill,fifty_hours,37,118,0
item,electric-mining-drill,fifty_hours,38,50,0
item,electric-mining-drill,fifty_hours,39,82,0
item,burner-mining-drill,ten_hours,196,22,0
item,burner-mining-drill,ten_hours,197,6,0
item,burner-mining-drill,ten_hours,198,18,0
item,burner-mining-drill,ten_hours,199,21,0
item,burner-mining-drill,ten_hours,200,2,0
item,burner-mining-drill,fifty_hours,40,69,0
item,stone-furnace,ten_hours,110,0,66
item,stone-furnace,ten_hours,113,0,115
item,stone-furnace,ten_hours,140,1,0
item,stone-furnace,ten_hours,141,13,0
item,stone-furnace,ten_hours,142,14,0
item,stone-furnace,ten_hours,143,13,82
item,stone-furnace,ten_hours,144,13,37
item,stone-furnace,ten_hours,145,13,0
item,stone-furnace,ten_hours,146,13,0
item,stone-furnace,ten_hours,147,14,0
item,stone-furnace,ten_hours,148,13,0
item,stone-furnace,ten_hours,149,13,0
item,stone-furnace,ten_hours,150,13,0
item,stone-furnace,ten_hours,151,13,0
item,stone-furnace,ten_hours,155,0,4
item,stone-furnace,ten_hours,156,0,56
item,stone-furnace,ten_hours,159,31,0
item,stone-furnace,ten_hours,160,33,54
item,stone-furnace,ten_hours,161,33,60
item,stone-furnace,ten_hours,162,33,0
item,stone-furnace,ten_hours,163,33,0
item,stone-furnace,ten_hours,164,33,0
item,stone-furnace,ten_hours,165,33,0
item,stone-furnace,ten_hours,166,33,0
item,stone-furnace,ten_hours,167,33,0
item,stone-furnace,ten_hours,168,30,0
item,stone-furnace,ten_hours,169,30,0
item,stone-furnace,ten_hours,170,30,0
item,stone-furnace,ten_hours,171,30,0
item,stone-furnace,ten_hours,172,30,0
item,stone-furnace,ten_hours,173,30,0
item,stone-furnace,ten_hours,174,30,0
item,stone-furnace,ten_hours,175,30,0
item,stone-furnace,ten_hours,176,28,0
item,stone-furnace,ten_hours,177,30,0
item,stone-furnace,ten_hours,178,30,0
item,stone-furnace,ten_hours,179,30,0
item,stone-furnace,ten_hours,180,30,0
item,stone-furnace,ten_hours,181,30,0
item,stone-furnace,ten_hours,182,30,30
item,stone-furnace,ten_hours,183,30,0
item,stone-furnace,ten_hours,184,30,0
item,stone-furnace,ten_hours,185,30,0
item,stone-furnace,ten_hours,186,30,0
item,stone-furnace,ten_hours,187,30,0
item,stone-furnace,ten_hours,188,7,0
item,stone-furnace,ten_hours,189,6,0
item,stone-furnace,ten_hours,190,30,0
item,stone-furnace,ten_hours,191,30,12
item,stone-furnace,ten_hours,192,30,0
item,stone-furnace,ten_hours,193,30,0
item,stone-furnace,ten_hours,194,30,0
item,stone-furnace,ten_hours,195,30,2
item,stone-furnace,ten_hours,196,7,22
item,stone-furnace,ten_hours,197,0,6
item,stone-furnace,ten_hours,198,0,19
item,stone-furnace,ten_hours,199,42,21
item,stone-furnace,ten_hours,200,67,2
item,stone-furnace,fifty_hours,22,0,66
item,stone-furnace,fifty_hours,23,0,115
item,stone-furnace,fifty_hours,28,1,0
item,stone-furnace,fifty_hours,29,66,119
item,stone-furnace,fifty_hours,30,66,0
item,stone-furnace,fifty_hours,31,13,4
item,stone-furnace,fifty_hours,32,64,110
item,stone-furnace,fifty_hours,33,165,60
item,stone-furnace,fifty_hours,34,156,0
item,stone-furnace,fifty_hours,35,150,0
item,stone-furnace,fifty_hours,36,148,0
item,stone-furnace,fifty_hours,37,150,30
item,stone-furnace,fifty_hours,38,103,0
item,stone-furnace,fifty_hours,39,150,14
item,stone-furnace,fifty_hours,40,116,70
item,steel-furnace,ten_hours,126,5,0
item,steel-furnace,ten_hours,127,57,0
item,steel-furnace,ten_hours,128,73,0
item,steel-furnace,ten_hours,129,31,0
item,steel-furnace,ten_hours,144,58,0
item,steel-furnace,ten_hours,145,89,0
item,steel-furnace,ten_hours,146,90,0
item,steel-furnace,ten_hours,147,77,0
item,steel-furnace,ten_hours,151,19,0
item,steel-furnace,ten_hours,152,89,0
item,steel-furnace,ten_hours,153,79,0
item,steel-furnace,ten_hours,154,55,0
item,steel-furnace,ten_hours,155,7,0
item,steel-furnace,ten_hours,158,40,0
item,steel-furnace,ten_hours,159,90,0
item,steel-furnace,ten_hours,160,73,0
item,steel-furnace,ten_hours,169,33,0
item,steel-furnace,ten_hours,170,17,0
item,steel-furnace,ten_hours,176,19,0
item,steel-furnace,ten_hours,177,76,0
item,steel-furnace,ten_hours,178,75,0
item,steel-furnace,ten_hours,179,76,0
item,steel-furnace,ten_hours,180,77,0
item,steel-furnace,ten_hours,181,86,0
item,steel-furnace,ten_hours,182,19,0
item,steel-furnace,fifty_hours,26,166,0
item,steel-furnace,fifty_hours,29,147,0
item,steel-furnace,fifty_hours,30,167,0
item,steel-furnace,fifty_hours,31,249,0
item,steel-furnace,fifty_hours,32,203,0
item,steel-furnace,fifty_hours,34,50,0
item,steel-furnace,fifty_hours,36,323,0
item,steel-furnace,fifty_hours,37,105,0
item,electric-furnace,ten_hours,1,33,34
item,electric-furnace,ten_hours,2,37,33
item,electric-furnace,ten_hours,3,49,35
item,electric-furnace,ten_hours,4,16,10
item,electric-furnace,ten_hours,7,4,8
item,electric-furnace,ten_hours,8,8,20
item,electric-furnace,ten_hours,9,19,17
item,electric-furnace,ten_hours,11,0,2
item,electric-furnace,ten_hours,12,9,15
item,electric-furnace,ten_hours,13,32,36
item,electric-furnace,ten_hours,14,37,34
item,electric-furnace,ten_hours,15,34,33
item,electric-furnace,ten_hours,16,36,35
item,electric-furnace,ten_hours,17,32,35
item,electric-furnace,ten_hours,18,34,34
item,electric-furnace,ten_hours,19,34,33
item,electric-furnace,ten_hours,20,33,36
item,electric-furnace,ten_hours,21,37,34
item,electric-furnace,ten_hours,22,33,33
item,electric-furnace,ten_hours,23,48,33
item,electric-furnace,ten_hours,24,25,20
item,electric-furnace,ten_hours,25,15,15
item,electric-furnace,ten_hours,26,14,14
item,electric-furnace,ten_hours,27,14,15
item,electric-furnace,ten_hours,28,14,14
item,electric-furnace,ten_hours,29,13,13
item,electric-furnace,ten_hours,30,15,14
item,electric-furnace,ten_hours,31,12,14
item,electric-furnace,ten_hours,32,15,15
item,electric-furnace,ten_hours,33,14,8
item,electric-furnace,ten_hours,34,15,9
item,electric-furnace,ten_hours,35,15,9
item,electric-furnace,ten_hours,36,14,8
item,electric-furnace,ten_hours,37,16,8
item,electric-furnace,ten_hours,38,19,10
item,electric-furnace,ten_hours,39,21,16
item,electric-furnace,ten_hours,40,19,18
item,electric-furnace,ten_hours,41,23,22
item,electric-furnace,ten_hours,42,19,21
item,electric-furnace,ten_hours,43,20,21
item,electric-furnace,ten_hours,44,22,21
item,electric-furnace,ten_hours,45,19,21
item,electric-furnace,ten_hours,46,20,19
item,electric-furnace,ten_hours,47,21,24
item,electric-furnace,ten_hours,48,26,34
item,electric-furnace,ten_hours,49,26,19
item,electric-furnace,ten_hours,50,7,4
item,electric-furnace,ten_hours,51,0,3
item,electric-furnace,ten_hours,52,16,23
item,electric-furnace,ten_hours,53,31,35
item,electric-furnace,ten_hours,54,35,32
item,electric-furnace,ten_hours,55,34,35
item,electric-furnace,ten_hours,56,34,35
item,electric-furnace,ten_hours,57,36,34
item,electric-furnace,ten_hours,58,33,34
item,electric-furnace,ten_hours,59,37,35
item,electric-furnace,ten_hours,60,31,35
item,electric-furnace,ten_hours,61,35,32
item,electric-furnace,ten_hours,62,34,35
item,electric-furnace,ten_hours,63,34,35
item,electric-furnace,ten_hours,64,36,34
item,electric-furnace,ten_hours,65,38,34
item,electric-furnace,ten_hours,66,42,35
item,electric-furnace,ten_hours,67,24,33
item,electric-furnace,ten_hours,68,27,20
item,electric-furnace,ten_hours,71,0,2
item,electric-furnace,ten_hours,72,6,10
item,electric-furnace,ten_hours,73,32,33
item,electric-furnace,ten_hours,74,33,34
item,electric-furnace,ten_hours,75,33,36
item,electric-furnace,ten_hours,76,33,34
item,electric-furnace,ten_hours,77,34,33
item,electric-furnace,ten_hours,78,36,35
item,electric-furnace,ten_hours,79,33,35
item,electric-furnace,ten_hours,80,38,33
item,electric-furnace,ten_hours,81,33,34
item,electric-furnace,ten_hours,82,33,36
item,electric-furnace,ten_hours,83,33,34
item,electric-furnace,ten_hours,84,34,33
item,electric-furnace,ten_hours,85,36,35
item,electric-furnace,ten_hours,86,33,35
item,electric-furnace,ten_hours,87,38,33
item,electric-furnace,ten_hours,88,33,34
item,electric-furnace,ten_hours,89,33,36
item,electric-furnace,ten_hours,90,33,34
item,electric-furnace,ten_hours,91,34,33
item,electric-furnace,ten_hours,92,36,35
item,electric-furnace,ten_hours,93,33,35
item,electric-furnace,ten_hours,94,38,33
item,electric-furnace,ten_hours,95,33,34
item,electric-furnace,ten_hours,96,33,36
item,electric-furnace,ten_hours,97,34,34
item,electric-furnace,ten_hours,98,33,32
item,electric-furnace,ten_hours,99,24,24
item,electric-furnace,ten_hours,100,22,24
item,electric-furnace,ten_hours,101,21,23
item,electric-furnace,ten_hours,102,24,23
item,electric-furnace,ten_hours,103,22,22
item,electric-furnace,ten_hours,104,24,23
item,electric-furnace,ten_hours,105,23,23
item,electric-furnace,ten_hours,106,24,24
item,electric-furnace,ten_hours,107,24,24
item,electric-furnace,ten_hours,108,25,23
item,electric-furnace,ten_hours,109,22,23
item,electric-furnace,ten_hours,110,24,22
item,electric-furnace,ten_hours,111,24,23
item,electric-furnace,ten_hours,112,23,23
item,electric-furnace,ten_hours,113,24,24
item,electric-furnace,ten_hours,114,23,24
item,electric-furnace,ten_hours,115,23,23
item,electric-furnace,ten_hours,116,29,23
item,electric-furnace,ten_hours,117,23,22
item,electric-furnace,ten_hours,118,23,20
item,electric-furnace,ten_hours,119,19,19
item,electric-furnace,ten_hours,120,19,21
item,electric-furnace,ten_hours,121,21,20
item,electric-furnace,ten_hours,122,21,22
item,electric-furnace,ten_hours,123,21,20
item,electric-furnace,ten_hours,124,19,18
item,electric-furnace,ten_hours,125,21,20
item,electric-furnace,ten_hours,126,21,20
item,electric-furnace,ten_hours,127,19,21
item,electric-furnace,ten_hours,128,20,16
item,electric-furnace,ten_hours,129,21,9
item,electric-furnace,ten_hours,130,20,8
item,electric-furnace,ten_hours,131,20,16
item,electric-furnace,ten_hours,132,26,23
item,electric-furnace,ten_hours,133,26,23
item,electric-furnace,ten_hours,134,24,23
item,electric-furnace,ten_hours,135,23,23
item,electric-furnace,ten_hours,136,24,23
item,electric-furnace,ten_hours,137,24,24
item,electric-furnace,ten_hours,138,24,23
item,electric-furnace,ten_hours,139,24,13
item,electric-furnace,ten_hours,140,12,0
item,electric-furnace,fifty_hours,1,135,112
item,electric-furnace,fifty_hours,2,31,45
item,electric-furnace,fifty_hours,3,112,120
item,electric-furnace,fifty_hours,4,169,173
item,electric-furnace,fifty_hours,5,158,135
item,electric-furnace,fifty_hours,6,70,70
item,electric-furnace,fifty_hours,7,71,55
item,electric-furnace,fifty_hours,8,89,60
item,electric-furnace,fifty_hours,9,103,106
item,electric-furnace,fifty_hours,10,100,100
item,electric-furnace,fifty_hours,11,116,128
item,electric-furnace,fifty_hours,12,171,173
item,electric-furnace,fifty_hours,13,177,170
item,electric-furnace,fifty_hours,14,93,88
item,electric-furnace,fifty_hours,15,104,115
item,electric-furnace,fifty_hours,16,174,170
item,electric-furnace,fifty_hours,17,169,172
item,electric-furnace,fifty_hours,18,170,172
item,electric-furnace,fifty_hours,19,174,170
item,electric-furnace,fifty_hours,20,146,150
item,electric-furnace,fifty_hours,21,114,114
item,electric-furnace,fifty_hours,22,119,116
item,electric-furnace,fifty_hours,23,117,117
item,electric-furnace,fifty_hours,24,113,105
item,electric-furnace,fifty_hours,25,103,100
item,electric-furnace,fifty_hours,26,101,74
item,electric-furnace,fifty_hours,27,119,108
item,electric-furnace,fifty_hours,28,108,83
item,lab,ten_hours,41,0,1
item,lab,ten_hours,42,0,24
item,lab,ten_hours,45,13,0
item,lab,ten_hours,46,16,0
item,lab,ten_hours,47,15,1
item,lab,ten_hours,48,15,0
item,lab,ten_hours,49,16,14
item,lab,ten_hours,50,15,35
item,lab,ten_hours,51,7,19
item,lab,ten_hours,145,3,0
item,lab,ten_hours,146,15,0
item,lab,ten_hours,147,15,0
item,lab,ten_hours,148,15,0
item,lab,ten_hours,149,15,0
item,lab,ten_hours,150,15,0
item,lab,ten_hours,151,4,0
item,lab,ten_hours,187,2,0
item,lab,ten_hours,188,42,0
item,lab,ten_hours,196,3,0
item,lab,ten_hours,198,1,0
item,lab,fifty_hours,9,13,25
item,lab,fifty_hours,10,77,50
item,lab,fifty_hours,11,7,19
item,lab,fifty_hours,29,3,0
item,lab,fifty_hours,30,75,0
item,lab,fifty_hours,31,4,0
item,lab,fifty_hours,38,44,0
item,lab,fifty_hours,40,4,0
item,boiler,ten_hours,110,66,0
item,boiler,ten_hours,113,115,0
item,boiler,ten_hours,143,82,0
item,boiler,ten_hours,144,37,0
item,boiler,ten_hours,155,5,0
item,boiler,ten_hours,156,55,0
item,boiler,ten_hours,160,54,0
item,boiler,ten_hours,161,60,0
item,boiler,ten_hours,182,30,0
item,boiler,ten_hours,191,12,0
item,boiler,ten_hours,195,2,0
item,boiler,ten_hours,198,1,0
item,boiler,fifty_hours,22,66,0
item,boiler,fifty_hours,23,115,0
item,boiler,fifty_hours,29,119,0
item,boiler,fifty_hours,31,5,0
item,boiler,fifty_hours,32,109,0
item,boiler,fifty_hours,33,60,0
item,boiler,fifty_hours,37,30,0
item,boiler,fifty_hours,39,14,0
item,boiler,fifty_hours,40,1,0
item,steam-engine,ten_hours,100,2,0
item,steam-engine,ten_hours,101,28,0
item,steam-engine,ten_hours,102,28,0
item,steam-engine,ten_hours,103,28,0
item,steam-engine,ten_hours,104,28,0
item,steam-engine,ten_hours,105,28,0
item,steam-engine,ten_hours,106,28,0
item,steam-engine,ten_hours,107,28,0
item,steam-engine,ten_hours,108,28,0
item,steam-engine,ten_hours,109,27,0
item,steam-engine,ten_hours,110,28,0
item,steam-engine,ten_hours,111,27,0
item,steam-engine,ten_hours,112,24,0
item,steam-engine,ten_hours,113,22,0
item,steam-engine,ten_hours,133,4,0
item,steam-engine,ten_hours,134,29,0
item,steam-engine,ten_hours,135,29,0
item,steam-engine,ten_hours,136,29,0
item,steam-engine,ten_hours,137,27,0
item,steam-engine,ten_hours,138,26,0
item,steam-engine,ten_hours,139,23,0
item,steam-engine,ten_hours,140,22,0
item,steam-engine,ten_hours,141,21,0
item,steam-engine,ten_hours,142,3,0
item,steam-engine,ten_hours,143,17,0
item,steam-engine,ten_hours,144,6,0
item,steam-engine,ten_hours,151,2,0
item,steam-engine,ten_hours,152,26,0
item,steam-engine,ten_hours,153,26,0
item,steam-engine,ten_hours,154,27,0
item,steam-engine,ten_hours,155,27,0
item,steam-engine,ten_hours,156,14,0
item,steam-engine,ten_hours,157,25,0
item,steam-engine,ten_hours,158,27,0
item,steam-engine,ten_hours,159,27,0
item,steam-engine,ten_hours,160,28,0
item,steam-engine,ten_hours,161,19,0
item,steam-engine,ten_hours,162,28,0
item,steam-engine,ten_hours,163,3,0
item,steam-engine,ten_hours,181,45,0
item,steam-engine,ten_hours,182,15,0
item,steam-engine,ten_hours,191,24,0
item,steam-engine,ten_hours,195,5,0
item,steam-engine,ten_hours,198,1,0
item,steam-engine,fifty_hours,20,2,0
item,steam-engine,fifty_hours,21,140,0
item,steam-engine,fifty_hours,22,139,0
item,steam-engine,fifty_hours,23,73,0
item,steam-engine,fifty_hours,27,62,0
item,steam-engine,fifty_hours,28,127,0
item,steam-engine,fifty_hours,29,47,0
item,steam-engine,fifty_hours,31,108,0
item,steam-engine,fifty_hours,32,121,0
item,steam-engine,fifty_hours,33,50,0
item,steam-engine,fifty_hours,37,60,0
item,steam-engine,fifty_hours,39,29,0
item,steam-engine,fifty_hours,40,1,0
item,solar-panel,ten_hours,75,4,0
item,solar-panel,ten_hours,76,9,0
item,solar-panel,ten_hours,77,9,0
item,solar-panel,ten_hours,78,9,0
item,solar-panel,ten_hours,79,9,0
item,solar-panel,ten_hours,80,9,0
item,solar-panel,ten_hours,81,1,0
item,solar-panel,ten_hours,85,1,0
item,solar-panel,ten_hours,86,3,0
item,solar-panel,ten_hours,106,5,0
item,solar-panel,ten_hours,107,9,0
item,solar-panel,ten_hours,108,9,0
item,solar-panel,ten_hours,109,9,0
item,solar-panel,ten_hours,110,9,0
item,solar-panel,ten_hours,111,9,0
item,solar-panel,ten_hours,120,3,0
item,solar-panel,ten_hours,121,1,0
item,solar-panel,ten_hours,122,7,0
item,solar-panel,ten_hours,123,9,0
item,solar-panel,ten_hours,124,4,20
item,solar-panel,ten_hours,126,4,0
item,solar-panel,ten_hours,127,9,0
item,solar-panel,ten_hours,128,9,0
item,solar-panel,ten_hours,129,9,0
item,solar-panel,ten_hours,130,9,0
item,solar-panel,ten_hours,131,9,0
item,solar-panel,ten_hours,132,9,0
item,solar-panel,ten_hours,133,9,0
item,solar-panel,ten_hours,134,9,0
item,solar-panel,ten_hours,135,9,0
item,solar-panel,ten_hours,136,9,0
item,solar-panel,ten_hours,137,9,0
item,solar-panel,ten_hours,138,9,0
item,solar-panel,fifty_hours,15,4,0
item,solar-panel,fifty_hours,16,45,0
item,solar-panel,fifty_hours,17,2,0
item,solar-panel,fifty_hours,18,3,0
item,solar-panel,fifty_hours,22,41,0
item,solar-panel,fifty_hours,23,9,0
item,solar-panel,fifty_hours,24,3,0
item,solar-panel,fifty_hours,25,21,20
item,solar-panel,fifty_hours,26,40,0
item,solar-panel,fifty_hours,27,45,0
item,solar-panel,fifty_hours,28,27,0
item,offshore-pump,ten_hours,113,5,0
item,offshore-pump,ten_hours,114,4,0
item,offshore-pump,ten_hours,115,6,0
item,offshore-pump,ten_hours,116,8,0
item,offshore-pump,ten_hours,186,10,0
item,offshore-pump,ten_hours,198,1,0
item,offshore-pump,fifty_hours,23,15,0
item,offshore-pump,fifty_hours,24,8,0
item,offshore-pump,fifty_hours,38,10,0
item,offshore-pump,fifty_hours,40,1,0
item,small-electric-pole,ten_hours,49,24,0
item,small-electric-pole,ten_hours,50,8,0
item,small-electric-pole,ten_hours,110,88,0
item,small-electric-pole,ten_hours,111,22,0
item,small-electric-pole,ten_hours,112,240,0
item,small-electric-pole,ten_hours,113,86,0
item,small-electric-pole,ten_hours,127,190,0
item,small-electric-pole,ten_hours,128,240,0
item,small-electric-pole,ten_hours,129,58,0
item,small-electric-pole,ten_hours,132,16,0
item,small-electric-pole,ten_hours,136,218,0
item,small-electric-pole,ten_hours,137,90,0
item,small-electric-pole,ten_hours,140,154,0
item,small-electric-pole,ten_hours,141,240,0
item,small-electric-pole,ten_hours,142,240,0
item,small-electric-pole,ten_hours,143,240,0
item,small-electric-pole,ten_hours,144,240,0
item,small-electric-pole,ten_hours,145,240,0
item,small-electric-pole,ten_hours,146,240,0
item,small-electric-pole,ten_hours,147,240,0
item,small-electric-pole,ten_hours,148,150,0
item,small-electric-pole,ten_hours,149,24,0
item,small-electric-pole,ten_hours,150,124,0
item,small-electric-pole,ten_hours,151,154,0
item,small-electric-pole,ten_hours,152,82,0
item,small-electric-pole,ten_hours,153,240,0
item,small-electric-pole,ten_hours,154,224,0
item,small-electric-pole,ten_hours,155,216,0
item,small-electric-pole,ten_hours,156,48,0
item,small-electric-pole,ten_hours,158,16,0
item,small-electric-pole,ten_hours,160,120,0
item,small-electric-pole,ten_hours,161,240,0
item,small-electric-pole,ten_hours,162,192,0
item,small-electric-pole,ten_hours,166,118,0
item,small-electric-pole,ten_hours,170,52,0
item,small-electric-pole,ten_hours,171,44,0
item,small-electric-pole,ten_hours,183,30,0
item,small-electric-pole,ten_hours,184,10,0
item,small-electric-pole,ten_hours,185,50,0
item,small-electric-pole,ten_hours,187,156,0
item,small-electric-pole,ten_hours,190,20,0
item,small-electric-pole,ten_hours,191,22,0
item,small-electric-pole,ten_hours,192,102,0
item,small-electric-pole,ten_hours,193,36,0
item,small-electric-pole,ten_hours,195,50,0
item,small-electric-pole,ten_hours,197,30,0
item,small-electric-pole,ten_hours,198,8,0
item,small-electric-pole,fifty_hours,10,32,0
item,small-electric-pole,fifty_hours,22,88,0
item,small-electric-pole,fifty_hours,23,348,0
item,small-electric-pole,fifty_hours,26,488,0
item,small-electric-pole,fifty_hours,27,16,0
item,small-electric-pole,fifty_hours,28,462,0
item,small-electric-pole,fifty_hours,29,1200,0
item,small-electric-pole,fifty_hours,30,778,0
item,small-electric-pole,fifty_hours,31,916,0
item,small-electric-pole,fifty_hours,32,184,0
item,small-electric-pole,fifty_hours,33,432,0
item,small-electric-pole,fifty_hours,34,170,0
item,small-electric-pole,fifty_hours,35,44,0
item,small-electric-pole,fifty_hours,37,90,0
item,small-electric-pole,fifty_hours,38,176,0
item,small-electric-pole,fifty_hours,39,210,0
item,small-electric-pole,fifty_hours,40,38,0
item,medium-electric-pole,ten_hours,40,30,0
item,medium-electric-pole,ten_hours,41,75,0
item,medium-electric-pole,ten_hours,42,52,0
item,medium-electric-pole,ten_hours,43,6,0
item,medium-electric-pole,ten_hours,48,75,0
item,medium-electric-pole,ten_hours,49,58,0
item,medium-electric-pole,ten_hours,50,5,0
item,medium-electric-pole,ten_hours,51,23,0
item,medium-electric-pole,ten_hours,69,6,0
item,medium-electric-pole,ten_hours,75,6,0
item,medium-electric-pole,ten_hours,85,2,0
item,medium-electric-pole,ten_hours,93,28,0
item,medium-electric-pole,ten_hours,94,72,0
item,medium-electric-pole,ten_hours,111,75,0
item,medium-electric-pole,ten_hours,112,75,0
item,medium-electric-pole,ten_hours,114,54,0
item,medium-electric-pole,ten_hours,115,75,0
item,medium-electric-pole,ten_hours,116,74,0
item,medium-electric-pole,ten_hours,151,85,0
item,medium-electric-pole,fifty_hours,8,30,0
item,medium-electric-pole,fifty_hours,9,133,0
item,medium-electric-pole,fifty_hours,10,138,0
item,medium-electric-pole,fifty_hours,11,23,0
item,medium-electric-pole,fifty_hours,14,6,0
item,medium-electric-pole,fifty_hours,15,6,0
item,medium-electric-pole,fifty_hours,17,2,0
item,medium-electric-pole,fifty_hours,19,100,0
item,medium-electric-pole,fifty_hours,23,279,0
item,medium-electric-pole,fifty_hours,24,74,0
item,medium-electric-pole,fifty_hours,31,85,0
item,pipe,ten_hours,1,681,688
item,pipe,ten_hours,2,686,674
item,pipe,ten_hours,3,695,688
item,pipe,ten_hours,4,680,698
item,pipe,ten_hours,5,696,678
item,pipe,ten_hours,6,660,684
item,pipe,ten_hours,7,694,708
item,pipe,ten_hours,8,654,638
item,pipe,ten_hours,9,320,302
item,pipe,ten_hours,10,210,210
item,pipe,ten_hours,11,404,408
item,pipe,ten_hours,12,683,690
item,pipe,ten_hours,13,681,674
item,pipe,ten_hours,14,690,694
item,pipe,ten_hours,15,673,672
item,pipe,ten_hours,16,692,698
item,pipe,ten_hours,17,680,676
item,pipe,ten_hours,18,689,682
item,pipe,ten_hours,19,676,692
item,pipe,ten_hours,20,685,674
item,pipe,ten_hours,21,688,692
item,pipe,ten_hours,22,680,678
item,pipe,ten_hours,23,691,694
item,pipe,ten_hours,24,678,676
item,pipe,ten_hours,25,692,686
item,pipe,ten_hours,26,674,680
item,pipe,ten_hours,27,692,684
item,pipe,ten_hours,28,677,686
item,pipe,ten_hours,29,684,676
item,pipe,ten_hours,30,688,702
item,pipe,ten_hours,31,672,662
item,pipe,ten_hours,32,693,698
item,pipe,ten_hours,33,672,672
item,pipe,ten_hours,34,693,682
item,pipe,ten_hours,35,689,688
item,pipe,ten_hours,36,909,678
item,pipe,ten_hours,37,1043,740
item,pipe,ten_hours,38,1043,1164
item,pipe,ten_hours,39,972,1154
item,pipe,ten_hours,40,710,774
item,pipe,ten_hours,41,685,690
item,pipe,ten_hours,42,675,674
item,pipe,ten_hours,43,687,678
item,pipe,ten_hours,44,674,688
item,pipe,ten_hours,45,696,686
item,pipe,ten_hours,46,694,700
item,pipe,ten_hours,47,664,668
item,pipe,ten_hours,48,725,744
item,pipe,ten_hours,49,735,742
item,pipe,ten_hours,50,442,400
item,pipe,ten_hours,51,148,144
item,pipe,ten_hours,52,148,152
item,pipe,ten_hours,53,148,144
item,pipe,ten_hours,54,147,158
item,pipe,ten_hours,55,189,182
item,pipe,ten_hours,56,251,272
item,pipe,ten_hours,57,478,490
item,pipe,ten_hours,58,846,830
item,pipe,ten_hours,59,766,742
item,pipe,ten_hours,60,701,722
item,pipe,ten_hours,61,832,714
item,pipe,ten_hours,62,987,806
item,pipe,ten_hours,63,1027,872
item,pipe,ten_hours,64,1062,898
item,pipe,ten_hours,65,999,832
item,pipe,ten_hours,66,1043,854
item,pipe,ten_hours,67,1062,932
item,pipe,ten_hours,68,1042,878
item,pipe,ten_hours,69,1035,868
item,pipe,ten_hours,70,1061,894
item,pipe,ten_hours,71,1040,856
item,pipe,ten_hours,72,1013,860
item,pipe,ten_hours,73,1049,882
item,pipe,ten_hours,74,1034,892
item,pipe,ten_hours,75,1032,936
item,pipe,ten_hours,76,1251,1116
item,pipe,ten_hours,77,1133,956
item,pipe,ten_hours,78,1080,956
item,pipe,ten_hours,79,1078,964
item,pipe,ten_hours,80,1080,988
item,pipe,ten_hours,81,1036,988
item,pipe,ten_hours,82,936,828
item,pipe,ten_hours,83,948,808
item,pipe,ten_hours,84,947,872
item,pipe,ten_hours,85,930,1110
item,pipe,ten_hours,86,947,1180
item,pipe,ten_hours,87,920,930
item,pipe,ten_hours,88,916,778
item,pipe,ten_hours,89,925,738
item,pipe,ten_hours,90,989,748
item,pipe,ten_hours,91,1100,766
item,pipe,ten_hours,92,1111,744
item,pipe,ten_hours,93,1098,742
item,pipe,ten_hours,94,1110,796
item,pipe,ten_hours,95,1114,812
item,pipe,ten_hours,96,1131,866
item,pipe,ten_hours,97,1134,1064
item,pipe,ten_hours,98,1147,770
item,pipe,ten_hours,99,1077,722
item,pipe,ten_hours,100,1039,678
item,pipe,ten_hours,101,1046,870
item,pipe,ten_hours,102,1044,804
item,pipe,ten_hours,103,1033,818
item,pipe,ten_hours,104,1034,830
item,pipe,ten_hours,105,1013,790
item,pipe,ten_hours,106,1012,820
item,pipe,ten_hours,107,1039,830
item,pipe,ten_hours,108,1039,836
item,pipe,ten_hours,109,1036,947
item,pipe,ten_hours,110,1031,1401
item,pipe,ten_hours,111,1069,1162
item,pipe,ten_hours,112,1062,1236
item,pipe,ten_hours,113,1047,1609
item,pipe,ten_hours,114,1037,1149
item,pipe,ten_hours,115,1085,788
item,pipe,ten_hours,116,1030,754
item,pipe,ten_hours,117,1033,717
item,pipe,ten_hours,118,1029,654
item,pipe,ten_hours,119,1037,678
item,pipe,ten_hours,120,1042,686
item,pipe,ten_hours,121,1005,658
item,pipe,ten_hours,122,1016,708
item,pipe,ten_hours,123,1040,686
item,pipe,ten_hours,124,1022,656
item,pipe,ten_hours,125,1048,690
item,pipe,ten_hours,126,1057,686
item,pipe,ten_hours,127,1056,700
item,pipe,ten_hours,128,1062,742
item,pipe,ten_hours,129,1048,892
item,pipe,ten_hours,130,1040,702
item,pipe,ten_hours,131,1026,786
item,pipe,ten_hours,132,1176,1106
item,pipe,ten_hours,133,1118,868
item,pipe,ten_hours,134,1185,969
item,pipe,ten_hours,135,1180,958
item,pipe,ten_hours,136,1178,1177
item,pipe,ten_hours,137,1152,914
item,pipe,ten_hours,138,1173,950
item,pipe,ten_hours,139,1216,969
item,pipe,ten_hours,140,1085,828
item,pipe,ten_hours,141,1086,863
item,pipe,ten_hours,142,1068,937
item,pipe,ten_hours,143,1147,1313
item,pipe,ten_hours,144,1174,1033
item,pipe,ten_hours,145,845,898
item,pipe,ten_hours,146,845,900
item,pipe,ten_hours,147,841,978
item,pipe,ten_hours,148,846,919
item,pipe,ten_hours,149,857,783
item,pipe,ten_hours,150,831,490
item,pipe,ten_hours,151,877,519
item,pipe,ten_hours,152,811,593
item,pipe,ten_hours,153,880,646
item,pipe,ten_hours,154,861,663
item,pipe,ten_hours,155,891,713
item,pipe,ten_hours,156,803,782
item,pipe,ten_hours,157,875,437
item,pipe,ten_hours,158,817,594
item,pipe,ten_hours,159,835,602
item,pipe,ten_hours,160,835,1053
item,pipe,ten_hours,161,851,1043
item,pipe,ten_hours,162,844,798
item,pipe,ten_hours,163,927,578
item,pipe,ten_hours,164,802,499
item,pipe,ten_hours,165,967,550
item,pipe,ten_hours,166,626,78
item,pipe,ten_hours,167,715,54
item,pipe,ten_hours,168,360,334
item,pipe,ten_hours,169,352,334
item,pipe,ten_hours,170,309,204
item,pipe,ten_hours,171,308,204
item,pipe,ten_hours,172,300,299
item,pipe,ten_hours,173,300,344
item,pipe,ten_hours,174,300,234
item,pipe,ten_hours,175,303,454
item,pipe,ten_hours,176,307,154
item,pipe,ten_hours,177,303,290
item,pipe,ten_hours,178,295,0
item,pipe,ten_hours,179,289,60
item,pipe,ten_hours,180,215,0
item,pipe,ten_hours,181,253,225
item,pipe,ten_hours,182,277,485
item,pipe,ten_hours,183,251,0
item,pipe,ten_hours,184,289,0
item,pipe,ten_hours,185,307,0
item,pipe,ten_hours,186,271,30
item,pipe,ten_hours,187,240,0
item,pipe,ten_hours,188,70,0
item,pipe,ten_hours,189,81,0
item,pipe,ten_hours,190,102,0
item,pipe,ten_hours,191,100,168
item,pipe,ten_hours,192,102,0
item,pipe,ten_hours,193,101,0
item,pipe,ten_hours,195,36,33
item,pipe,ten_hours,198,32,12
item,pipe,fifty_hours,1,3438,3426
item,pipe,fifty_hours,2,2538,2542
item,pipe,fifty_hours,3,3131,3138
item,pipe,fifty_hours,4,3422,3422
item,pipe,fifty_hours,5,3429,3426
item,pipe,fifty_hours,6,3415,3428
item,pipe,fifty_hours,7,3419,3402
item,pipe,fifty_hours,8,4677,4510
item,pipe,fifty_hours,9,3417,3416
item,pipe,fifty_hours,10,3260,3254
item,pipe,fifty_hours,11,780,780
item,pipe,fifty_hours,12,3042,3056
item,pipe,fifty_hours,13,4907,4122
item,pipe,fifty_hours,14,5243,4426
item,pipe,fifty_hours,15,5168,4426
item,pipe,fifty_hours,16,5622,4980
item,pipe,fifty_hours,17,4797,4606
item,pipe,fifty_hours,18,4697,4374
item,pipe,fifty_hours,19,5533,3860
item,pipe,fifty_hours,20,5528,4100
item,pipe,fifty_hours,21,5170,4112
item,pipe,fifty_hours,22,5157,4834
item,pipe,fifty_hours,23,5300,5944
item,pipe,fifty_hours,24,5171,3489
item,pipe,fifty_hours,25,5131,3398
item,pipe,fifty_hours,26,5263,3722
item,pipe,fifty_hours,27,5685,4687
item,pipe,fifty_hours,28,5804,4838
item,pipe,fifty_hours,29,5320,5044
item,pipe,fifty_hours,30,4220,4070
item,pipe,fifty_hours,31,4320,3134
item,pipe,fifty_hours,32,4165,3468
item,pipe,fifty_hours,33,4391,3468
item,pipe,fifty_hours,34,2362,1004
item,pipe,fifty_hours,35,1511,1535
item,pipe,fifty_hours,36,1409,504
item,pipe,fifty_hours,37,1377,710
item,pipe,fifty_hours,38,764,30
item,pipe,fifty_hours,39,339,201
item,pipe,fifty_hours,40,32,12
item,pumpjack,ten_hours,37,4,0
item,pumpjack,ten_hours,38,7,0
item,pumpjack,ten_hours,39,7,0
item,pumpjack,ten_hours,40,2,0
item,pumpjack,ten_hours,108,1,0
item,pumpjack,ten_hours,109,3,0
item,pumpjack,ten_hours,110,4,0
item,pumpjack,ten_hours,111,5,0
item,pumpjack,ten_hours,112,4,0
item,pumpjack,ten_hours,113,3,0
item,pumpjack,ten_hours,114,5,0
item,pumpjack,ten_hours,115,6,0
item,pumpjack,ten_hours,116,6,0
item,pumpjack,ten_hours,179,6,0
item,pumpjack,ten_hours,182,4,0
item,pumpjack,fifty_hours,8,20,0
item,pumpjack,fifty_hours,22,8,0
item,pumpjack,fifty_hours,23,23,0
item,pumpjack,fifty_hours,24,6,0
item,pumpjack,fifty_hours,36,6,0
item,pumpjack,fifty_hours,37,4,0
item,oil-refinery,ten_hours,113,3,0
item,oil-refinery,ten_hours,114,7,0
item,oil-refinery,ten_hours,144,1,0
item,oil-refinery,ten_hours,145,11,0
item,oil-refinery,ten_hours,146,11,0
item,oil-refinery,ten_hours,147,12,0
item,oil-refinery,ten_hours,148,8,0
item,oil-refinery,ten_hours,159,1,0
item,oil-refinery,ten_hours,160,12,0
item,oil-refinery,ten_hours,161,11,0
item,oil-refinery,ten_hours,173,9,0
item,oil-refinery,ten_hours,174,3,0
item,oil-refinery,fifty_hours,23,10,0
item,oil-refinery,fifty_hours,29,12,0
item,oil-refinery,fifty_hours,30,31,0
item,oil-refinery,fifty_hours,32,13,0
item,oil-refinery,fifty_hours,33,11,0
item,oil-refinery,fifty_hours,35,12,0
item,chemical-plant,ten_hours,59,10,0
item,chemical-plant,ten_hours,94,9,0
item,chemical-plant,ten_hours,95,1,0
item,chemical-plant,ten_hours,111,1,0
item,chemical-plant,ten_hours,112,18,0
item,chemical-plant,ten_hours,113,18,0
item,chemical-plant,ten_hours,114,10,0
item,chemical-plant,ten_hours,117,7,0
item,chemical-plant,ten_hours,128,4,0
item,chemical-plant,ten_hours,129,4,0
item,chemical-plant,ten_hours,142,4,0
item,chemical-plant,ten_hours,143,17,0
item,chemical-plant,ten_hours,144,2,0
item,chemical-plant,ten_hours,146,1,0
item,chemical-plant,ten_hours,147,18,0
item,chemical-plant,ten_hours,148,5,0
item,chemical-plant,ten_hours,149,16,0
item,chemical-plant,ten_hours,155,4,0
item,chemical-plant,ten_hours,160,12,0
item,chemical-plant,ten_hours,161,18,0
item,chemical-plant,ten_hours,162,18,0
item,chemical-plant,ten_hours,172,19,0
item,chemical-plant,ten_hours,173,10,0
item,chemical-plant,fifty_hours,12,10,0
item,chemical-plant,fifty_hours,19,10,0
item,chemical-plant,fifty_hours,23,47,0
item,chemical-plant,fifty_hours,24,7,0
item,chemical-plant,fifty_hours,26,8,0
item,chemical-plant,fifty_hours,29,23,0
item,chemical-plant,fifty_hours,30,40,0
item,chemical-plant,fifty_hours,31,4,0
item,chemical-plant,fifty_hours,32,12,0
item,chemical-plant,fifty_hours,33,36,0
item,chemical-plant,fifty_hours,35,29,0
item,electric-engine-unit,ten_hours,1,72,77
item,electric-engine-unit,ten_hours,2,72,67
item,electric-engine-unit,ten_hours,3,72,77
item,electric-engine-unit,ten_hours,4,72,67
item,electric-engine-unit,ten_hours,5,72,77
item,electric-engine-unit,ten_hours,6,72,67
item,electric-engine-unit,ten_hours,7,71,67
item,electric-engine-unit,ten_hours,8,65,74
item,electric-engine-unit,ten_hours,9,69,67
item,electric-engine-unit,ten_hours,10,72,66
item,electric-engine-unit,ten_hours,11,72,78
item,electric-engine-unit,ten_hours,12,72,66
item,electric-engine-unit,ten_hours,13,72,78
item,electric-engine-unit,ten_hours,14,72,66
item,electric-engine-unit,ten_hours,15,72,78
item,electric-engine-unit,ten_hours,16,72,66
item,electric-engine-unit,ten_hours,17,72,78
item,electric-engine-unit,ten_hours,18,72,66
item,electric-engine-unit,ten_hours,19,72,78
item,electric-engine-unit,ten_hours,20,72,66
item,electric-engine-unit,ten_hours,21,72,78
item,electric-engine-unit,ten_hours,22,72,66
item,electric-engine-unit,ten_hours,23,72,78
item,electric-engine-unit,ten_hours,24,72,66
item,electric-engine-unit,ten_hours,25,72,78
item,electric-engine-unit,ten_hours,26,72,66
item,electric-engine-unit,ten_hours,27,72,78
item,electric-engine-unit,ten_hours,28,72,66
item,electric-engine-unit,ten_hours,29,72,78
item,electric-engine-unit,ten_hours,30,72,66
item,electric-engine-unit,ten_hours,31,72,78
item,electric-engine-unit,ten_hours,32,72,66
item,electric-engine-unit,ten_hours,33,72,78
item,electric-engine-unit,ten_hours,34,72,66
item,electric-engine-unit,ten_hours,35,72,78
item,electric-engine-unit,ten_hours,36,72,66
item,electric-engine-unit,ten_hours,37,72,78
item,electric-engine-unit,ten_hours,38,72,66
item,electric-engine-unit,ten_hours,39,72,78
item,electric-engine-unit,ten_hours,40,71,64
item,electric-engine-unit,ten_hours,41,71,80
item,electric-engine-unit,ten_hours,42,72,64
item,electric-engine-unit,ten_hours,43,72,80
item,electric-engine-unit,ten_hours,44,72,64
item,electric-engine-unit,ten_hours,45,72,80
item,electric-engine-unit,ten_hours,46,72,64
item,electric-engine-unit,ten_hours,47,72,80
item,electric-engine-unit,ten_hours,48,72,64
item,electric-engine-unit,ten_hours,49,72,80
item,electric-engine-unit,ten_hours,50,72,64
item,electric-engine-unit,ten_hours,51,72,80
item,electric-engine-unit,ten_hours,52,76,64
item,electric-engine-unit,ten_hours,53,72,80
item,electric-engine-unit,ten_hours,54,80,104
item,electric-engine-unit,ten_hours,55,91,140
item,electric-engine-unit,ten_hours,56,121,124
item,electric-engine-unit,ten_hours,57,178,140
item,electric-engine-unit,ten_hours,58,182,124
item,electric-engine-unit,ten_hours,59,82,100
item,electric-engine-unit,ten_hours,60,83,64
item,electric-engine-unit,ten_hours,61,99,80
item,electric-engine-unit,ten_hours,62,133,64
item,electric-engine-unit,ten_hours,63,157,80
item,electric-engine-unit,ten_hours,64,160,64
item,electric-engine-unit,ten_hours,65,146,80
item,electric-engine-unit,ten_hours,66,164,64
item,electric-engine-unit,ten_hours,67,169,80
item,electric-engine-unit,ten_hours,68,160,64
item,electric-engine-unit,ten_hours,69,159,110
item,electric-engine-unit,ten_hours,70,154,114
item,electric-engine-unit,ten_hours,71,158,80
item,electric-engine-unit,ten_hours,72,158,64
item,electric-engine-unit,ten_hours,73,161,80
item,electric-engine-unit,ten_hours,74,161,64
item,electric-engine-unit,ten_hours,75,157,80
item,electric-engine-unit,ten_hours,76,162,64
item,electric-engine-unit,ten_hours,77,161,80
item,electric-engine-unit,ten_hours,78,160,104
item,electric-engine-unit,ten_hours,79,159,80
item,electric-engine-unit,ten_hours,80,159,64
item,electric-engine-unit,ten_hours,81,159,80
item,electric-engine-unit,ten_hours,82,163,64
item,electric-engine-unit,ten_hours,83,160,80
item,electric-engine-unit,ten_hours,84,159,64
item,electric-engine-unit,ten_hours,85,160,80
item,electric-engine-unit,ten_hours,86,157,264
item,electric-engine-unit,ten_hours,87,163,280
item,electric-engine-unit,ten_hours,88,161,64
item,electric-engine-unit,ten_hours,89,158,80
item,electric-engine-unit,ten_hours,90,160,64
item,electric-engine-unit,ten_hours,91,161,80
item,electric-engine-unit,ten_hours,92,158,64
item,electric-engine-unit,ten_hours,93,164,80
item,electric-engine-unit,ten_hours,94,158,64
item,electric-engine-unit,ten_hours,95,158,80
item,electric-engine-unit,ten_hours,96,163,264
item,electric-engine-unit,ten_hours,97,157,680
item,electric-engine-unit,ten_hours,98,163,64
item,electric-engine-unit,ten_hours,99,160,80
item,electric-engine-unit,ten_hours,100,158,64
item,electric-engine-unit,ten_hours,101,161,80
item,electric-engine-unit,ten_hours,102,159,64
item,electric-engine-unit,ten_hours,103,161,80
item,electric-engine-unit,ten_hours,104,162,64
item,electric-engine-unit,ten_hours,105,157,80
item,electric-engine-unit,ten_hours,106,160,64
item,electric-engine-unit,ten_hours,107,161,80
item,electric-engine-unit,ten_hours,108,159,64
item,electric-engine-unit,ten_hours,109,162,80
item,electric-engine-unit,ten_hours,110,157,64
item,electric-engine-unit,ten_hours,111,161,80
item,electric-engine-unit,ten_hours,112,162,64
item,electric-engine-unit,ten_hours,113,158,80
item,electric-engine-unit,ten_hours,114,162,64
item,electric-engine-unit,ten_hours,115,159,80
item,electric-engine-unit,ten_hours,116,159,64
item,electric-engine-unit,ten_hours,117,162,80
item,electric-engine-unit,ten_hours,118,158,64
item,electric-engine-unit,ten_hours,119,161,80
item,electric-engine-unit,ten_hours,120,161,64
item,electric-engine-unit,ten_hours,121,157,80
item,electric-engine-unit,ten_hours,122,162,64
item,electric-engine-unit,ten_hours,123,159,80
item,electric-engine-unit,ten_hours,124,160,174
item,electric-engine-unit,ten_hours,125,162,80
item,electric-engine-unit,ten_hours,126,157,104
item,electric-engine-unit,ten_hours,127,162,90
item,electric-engine-unit,ten_hours,128,160,64
item,electric-engine-unit,ten_hours,129,158,480
item,electric-engine-unit,ten_hours,130,163,64
item,electric-engine-unit,ten_hours,131,161,80
item,electric-engine-unit,ten_hours,132,216,272
item,electric-engine-unit,ten_hours,133,175,422
item,electric-engine-unit,ten_hours,134,233,172
item,electric-engine-unit,ten_hours,135,225,80
item,electric-engine-unit,ten_hours,136,225,464
item,electric-engine-unit,ten_hours,137,225,80
item,electric-engine-unit,ten_hours,138,225,64
item,electric-engine-unit,ten_hours,139,214,80
item,electric-engine-unit,ten_hours,140,189,64
item,electric-engine-unit,ten_hours,141,189,80
item,electric-engine-unit,ten_hours,142,189,64
item,electric-engine-unit,ten_hours,143,195,74
item,electric-engine-unit,ten_hours,144,78,55
item,electric-engine-unit,ten_hours,145,63,70
item,electric-engine-unit,ten_hours,146,63,56
item,electric-engine-unit,ten_hours,147,63,70
item,electric-engine-unit,ten_hours,148,63,56
item,electric-engine-unit,ten_hours,149,63,70
item,electric-engine-unit,ten_hours,150,63,56
item,electric-engine-unit,ten_hours,151,63,70
item,electric-engine-unit,ten_hours,152,63,56
item,electric-engine-unit,ten_hours,153,63,70
item,electric-engine-unit,ten_hours,154,63,56
item,electric-engine-unit,ten_hours,155,63,70
item,electric-engine-unit,ten_hours,156,62,52
item,electric-engine-unit,ten_hours,157,63,70
item,electric-engine-unit,ten_hours,158,63,56
item,electric-engine-unit,ten_hours,159,63,70
item,electric-engine-unit,ten_hours,160,63,56
item,electric-engine-unit,ten_hours,161,63,70
item,electric-engine-unit,ten_hours,162,63,54
item,electric-engine-unit,ten_hours,163,66,34
item,electric-engine-unit,ten_hours,164,8,0
item,electric-engine-unit,fifty_hours,1,360,365
item,electric-engine-unit,fifty_hours,2,349,341
item,electric-engine-unit,fifty_hours,3,360,366
item,electric-engine-unit,fifty_hours,4,360,354
item,electric-engine-unit,fifty_hours,5,360,366
item,electric-engine-unit,fifty_hours,6,360,354
item,electric-engine-unit,fifty_hours,7,360,366
item,electric-engine-unit,fifty_hours,8,359,352
item,electric-engine-unit,fifty_hours,9,359,368
item,electric-engine-unit,fifty_hours,10,360,352
item,electric-engine-unit,fifty_hours,11,391,468
item,electric-engine-unit,fifty_hours,12,646,552
item,electric-engine-unit,fifty_hours,13,695,368
item,electric-engine-unit,fifty_hours,14,806,432
item,electric-engine-unit,fifty_hours,15,795,368
item,electric-engine-unit,fifty_hours,16,801,392
item,electric-engine-unit,fifty_hours,17,801,368
item,electric-engine-unit,fifty_hours,18,799,752
item,electric-engine-unit,fifty_hours,19,799,368
item,electric-engine-unit,fifty_hours,20,801,1152
item,electric-engine-unit,fifty_hours,21,800,368
item,electric-engine-unit,fifty_hours,22,799,352
item,electric-engine-unit,fifty_hours,23,802,368
item,electric-engine-unit,fifty_hours,24,801,352
item,electric-engine-unit,fifty_hours,25,800,478
item,electric-engine-unit,fifty_hours,26,800,802
item,electric-engine-unit,fifty_hours,27,1010,1026
item,electric-engine-unit,fifty_hours,28,1078,752
item,electric-engine-unit,fifty_hours,29,714,343
item,electric-engine-unit,fifty_hours,30,315,308
item,electric-engine-unit,fifty_hours,31,315,322
item,electric-engine-unit,fifty_hours,32,314,304
item,electric-engine-unit,fifty_hours,33,200,158
item,engine-unit,ten_hours,1,347,342
item,engine-unit,ten_hours,2,335,346
item,engine-unit,ten_hours,3,347,340
item,engine-unit,ten_hours,4,348,342
item,engine-unit,ten_hours,5,340,336
item,engine-unit,ten_hours,6,342,346
item,engine-unit,ten_hours,7,355,323
item,engine-unit,ten_hours,8,311,295
item,engine-unit,ten_hours,9,137,151
item,engine-unit,ten_hours,10,109,120
item,engine-unit,ten_hours,11,218,250
item,engine-unit,ten_hours,12,348,342
item,engine-unit,ten_hours,13,333,338
item,engine-unit,ten_hours,14,349,342
item,engine-unit,ten_hours,15,339,348
item,engine-unit,ten_hours,16,345,340
item,engine-unit,ten_hours,17,340,338
item,engine-unit,ten_hours,18,338,344
item,engine-unit,ten_hours,19,349,344
item,engine-unit,ten_hours,20,335,342
item,engine-unit,ten_hours,21,348,338
item,engine-unit,ten_hours,22,338,342
item,engine-unit,ten_hours,23,347,348
item,engine-unit,ten_hours,24,337,340
item,engine-unit,ten_hours,25,343,338
item,engine-unit,ten_hours,26,343,344
item,engine-unit,ten_hours,27,340,344
item,engine-unit,ten_hours,28,345,342
item,engine-unit,ten_hours,29,333,338
item,engine-unit,ten_hours,30,355,342
item,engine-unit,ten_hours,31,333,342
item,engine-unit,ten_hours,32,345,342
item,engine-unit,ten_hours,33,338,340
item,engine-unit,ten_hours,34,338,338
item,engine-unit,ten_hours,35,346,342
item,engine-unit,ten_hours,36,340,348
item,engine-unit,ten_hours,37,346,340
item,engine-unit,ten_hours,38,338,338
item,engine-unit,ten_hours,39,345,344
item,engine-unit,ten_hours,40,338,341
item,engine-unit,ten_hours,41,343,341
item,engine-unit,ten_hours,42,337,338
item,engine-unit,ten_hours,43,340,342
item,engine-unit,ten_hours,44,345,344
item,engine-unit,ten_hours,45,340,342
item,engine-unit,ten_hours,46,354,340
item,engine-unit,ten_hours,47,334,340
item,engine-unit,ten_hours,48,372,342
item,engine-unit,ten_hours,49,367,346
item,engine-unit,ten_hours,50,180,192
item,engine-unit,ten_hours,51,72,72
item,engine-unit,ten_hours,52,76,76
item,engine-unit,ten_hours,53,72,72
item,engine-unit,ten_hours,54,80,79
item,engine-unit,ten_hours,55,95,92
item,engine-unit,ten_hours,56,143,144
item,engine-unit,ten_hours,57,254,278
item,engine-unit,ten_hours,58,422,437
item,engine-unit,ten_hours,59,343,355
item,engine-unit,ten_hours,60,356,354
item,engine-unit,ten_hours,61,364,365
item,engine-unit,ten_hours,62,410,404
item,engine-unit,ten_hours,63,429,422
item,engine-unit,ten_hours,64,432,424
item,engine-unit,ten_hours,65,409,431
item,engine-unit,ten_hours,66,427,424
item,engine-unit,ten_hours,67,445,440
item,engine-unit,ten_hours,68,438,432
item,engine-unit,ten_hours,69,423,424
item,engine-unit,ten_hours,70,438,433
item,engine-unit,ten_hours,71,428,422
item,engine-unit,ten_hours,72,422,427
item,engine-unit,ten_hours,73,431,436
item,engine-unit,ten_hours,74,427,428
item,engine-unit,ten_hours,75,414,427
item,engine-unit,ten_hours,76,440,431
item,engine-unit,ten_hours,77,412,429
item,engine-unit,ten_hours,78,459,435
item,engine-unit,ten_hours,79,457,427
item,engine-unit,ten_hours,80,462,425
item,engine-unit,ten_hours,81,464,439
item,engine-unit,ten_hours,82,388,375
item,engine-unit,ten_hours,83,379,382
item,engine-unit,ten_hours,84,383,372
item,engine-unit,ten_hours,85,380,377
item,engine-unit,ten_hours,86,386,375
item,engine-unit,ten_hours,87,378,379
item,engine-unit,ten_hours,88,371,372
item,engine-unit,ten_hours,89,371,380
item,engine-unit,ten_hours,90,370,369
item,engine-unit,ten_hours,91,374,383
item,engine-unit,ten_hours,92,373,373
item,engine-unit,ten_hours,93,368,380
item,engine-unit,ten_hours,94,371,392
item,engine-unit,ten_hours,95,374,398
item,engine-unit,ten_hours,96,379,400
item,engine-unit,ten_hours,97,379,403
item,engine-unit,ten_hours,98,372,403
item,engine-unit,ten_hours,99,355,345
item,engine-unit,ten_hours,100,341,341
item,engine-unit,ten_hours,101,356,324
item,engine-unit,ten_hours,102,336,352
item,engine-unit,ten_hours,103,339,343
item,engine-unit,ten_hours,104,350,342
item,engine-unit,ten_hours,105,313,324
item,engine-unit,ten_hours,106,339,349
item,engine-unit,ten_hours,107,340,345
item,engine-unit,ten_hours,108,331,343
item,engine-unit,ten_hours,109,340,323
item,engine-unit,ten_hours,110,330,349
item,engine-unit,ten_hours,111,342,343
item,engine-unit,ten_hours,112,356,343
item,engine-unit,ten_hours,113,329,327
item,engine-unit,ten_hours,114,349,347
item,engine-unit,ten_hours,115,350,344
item,engine-unit,ten_hours,116,346,343
item,engine-unit,ten_hours,117,356,323
item,engine-unit,ten_hours,118,325,353
item,engine-unit,ten_hours,119,341,341
item,engine-unit,ten_hours,120,344,342
item,engine-unit,ten_hours,121,322,327
item,engine-unit,ten_hours,122,335,346
item,engine-unit,ten_hours,123,336,348
item,engine-unit,ten_hours,124,333,340
item,engine-unit,ten_hours,125,343,322
item,engine-unit,ten_hours,126,331,353
item,engine-unit,ten_hours,127,344,341
item,engine-unit,ten_hours,128,359,344
item,engine-unit,ten_hours,129,329,324
item,engine-unit,ten_hours,130,348,348
item,engine-unit,ten_hours,131,378,347
item,engine-unit,ten_hours,132,391,395
item,engine-unit,ten_hours,133,385,332
item,engine-unit,ten_hours,134,404,426
item,engine-unit,ten_hours,135,409,409
item,engine-unit,ten_hours,136,419,407
item,engine-unit,ten_hours,137,386,389
item,engine-unit,ten_hours,138,409,415
item,engine-unit,ten_hours,139,403,402
item,engine-unit,ten_hours,140,364,371
item,engine-unit,ten_hours,141,378,353
item,engine-unit,ten_hours,142,337,371
item,engine-unit,ten_hours,143,357,333
item,engine-unit,ten_hours,144,310,282
item,engine-unit,ten_hours,145,246,229
item,engine-unit,ten_hours,146,239,243
item,engine-unit,ten_hours,147,243,249
item,engine-unit,ten_hours,148,253,251
item,engine-unit,ten_hours,149,233,229
item,engine-unit,ten_hours,150,243,243
item,engine-unit,ten_hours,151,251,249
item,engine-unit,ten_hours,152,239,251
item,engine-unit,ten_hours,153,258,229
item,engine-unit,ten_hours,154,264,243
item,engine-unit,ten_hours,155,272,249
item,engine-unit,ten_hours,156,212,219
item,engine-unit,ten_hours,157,164,200
item,engine-unit,ten_hours,158,216,247
item,engine-unit,ten_hours,159,229,255
item,engine-unit,ten_hours,160,273,255
item,engine-unit,ten_hours,161,219,215
item,engine-unit,ten_hours,162,279,247
item,engine-unit,ten_hours,163,272,257
item,engine-unit,ten_hours,164,253,221
item,engine-unit,ten_hours,165,246,162
item,engine-unit,ten_hours,166,18,18
item,engine-unit,ten_hours,167,18,18
item,engine-unit,ten_hours,168,18,18
item,engine-unit,ten_hours,169,18,18
item,engine-unit,ten_hours,170,18,18
item,engine-unit,ten_hours,171,18,18
item,engine-unit,ten_hours,172,18,18
item,engine-unit,ten_hours,173,18,18
item,engine-unit,ten_hours,174,18,18
item,engine-unit,ten_hours,175,18,18
item,engine-unit,ten_hours,176,18,18
item,engine-unit,ten_hours,177,12,12
item,engine-unit,fifty_hours,1,1717,1706
item,engine-unit,fifty_hours,2,1254,1235
item,engine-unit,fifty_hours,3,1587,1620
item,engine-unit,fifty_hours,4,1707,1708
item,engine-unit,fifty_hours,5,1713,1706
item,engine-unit,fifty_hours,6,1716,1710
item,engine-unit,fifty_hours,7,1700,1704
item,engine-unit,fifty_hours,8,1707,1711
item,engine-unit,fifty_hours,9,1705,1707
item,engine-unit,fifty_hours,10,1607,1560
item,engine-unit,fifty_hours,11,395,391
item,engine-unit,fifty_hours,12,1518,1568
item,engine-unit,fifty_hours,13,2044,2046
item,engine-unit,fifty_hours,14,2171,2153
item,engine-unit,fifty_hours,15,2122,2140
item,engine-unit,fifty_hours,16,2230,2147
item,engine-unit,fifty_hours,17,1994,1945
item,engine-unit,fifty_hours,18,1876,1875
item,engine-unit,fifty_hours,19,1860,1926
item,engine-unit,fifty_hours,20,1826,1892
item,engine-unit,fifty_hours,21,1694,1685
item,engine-unit,fifty_hours,22,1680,1709
item,engine-unit,fifty_hours,23,1726,1704
item,engine-unit,fifty_hours,24,1712,1702
item,engine-unit,fifty_hours,25,1669,1683
item,engine-unit,fifty_hours,26,1711,1710
item,engine-unit,fifty_hours,27,1967,1909
item,engine-unit,fifty_hours,28,1981,1984
item,engine-unit,fifty_hours,29,1628,1568
item,engine-unit,fifty_hours,30,1211,1215
item,engine-unit,fifty_hours,31,1284,1221
item,engine-unit,fifty_hours,32,1094,1176
item,engine-unit,fifty_hours,33,1269,1102
item,engine-unit,fifty_hours,34,90,90
item,engine-unit,fifty_hours,35,90,90
item,engine-unit,fifty_hours,36,30,30
item,low-density-structure,ten_hours,1,419,402
item,low-density-structure,ten_hours,2,414,402
item,low-density-structure,ten_hours,3,392,405
item,low-density-structure,ten_hours,4,358,483
item,low-density-structure,ten_hours,5,357,402
item,low-density-structure,ten_hours,6,368,414
item,low-density-structure,ten_hours,7,398,894
item,low-density-structure,ten_hours,8,386,1000
item,low-density-structure,ten_hours,9,399,296
item,low-density-structure,ten_hours,10,420,40
item,low-density-structure,ten_hours,11,421,259
item,low-density-structure,ten_hours,12,418,474
item,low-density-structure,ten_hours,13,419,487
item,low-density-structure,ten_hours,14,421,46
item,low-density-structure,ten_hours,15,429,0
item,low-density-structure,ten_hours,16,411,18
item,low-density-structure,ten_hours,17,422,240
item,low-density-structure,ten_hours,18,417,61
item,low-density-structure,ten_hours,19,418,84
item,low-density-structure,ten_hours,20,426,303
item,low-density-structure,ten_hours,21,417,402
item,low-density-structure,ten_hours,22,426,408
item,low-density-structure,ten_hours,23,411,396
item,low-density-structure,ten_hours,24,424,402
item,low-density-structure,ten_hours,25,420,410
item,low-density-structure,ten_hours,26,415,522
item,low-density-structure,ten_hours,27,427,405
item,low-density-structure,ten_hours,28,414,399
item,low-density-structure,ten_hours,29,425,402
item,low-density-structure,ten_hours,30,421,436
item,low-density-structure,ten_hours,31,414,609
item,low-density-structure,ten_hours,32,415,581
item,low-density-structure,ten_hours,33,417,634
item,low-density-structure,ten_hours,34,425,538
item,low-density-structure,ten_hours,35,420,841
item,low-density-structure,ten_hours,36,420,721
item,low-density-structure,ten_hours,37,420,783
item,low-density-structure,ten_hours,38,422,790
item,low-density-structure,ten_hours,39,413,818
item,low-density-structure,ten_hours,40,419,976
item,low-density-structure,ten_hours,41,417,1134
item,low-density-structure,ten_hours,42,417,633
item,low-density-structure,ten_hours,43,428,198
item,low-density-structure,ten_hours,44,415,168
item,low-density-structure,ten_hours,45,426,174
item,low-density-structure,ten_hours,46,410,168
item,low-density-structure,ten_hours,47,420,191
item,low-density-structure,ten_hours,48,427,273
item,low-density-structure,ten_hours,49,415,335
item,low-density-structure,ten_hours,50,425,263
item,low-density-structure,ten_hours,51,416,63
item,low-density-structure,ten_hours,52,425,0
item,low-density-structure,ten_hours,53,417,70
item,low-density-structure,ten_hours,54,415,11
item,low-density-structure,ten_hours,55,426,60
item,low-density-structure,ten_hours,56,413,155
item,low-density-structure,ten_hours,57,423,173
item,low-density-structure,ten_hours,58,422,375
item,low-density-structure,ten_hours,59,424,500
item,low-density-structure,ten_hours,60,416,461
item,low-density-structure,ten_hours,61,416,408
item,low-density-structure,ten_hours,62,422,449
item,low-density-structure,ten_hours,63,419,453
item,low-density-structure,ten_hours,64,421,582
item,low-density-structure,ten_hours,65,422,513
item,low-density-structure,ten_hours,66,420,567
item,low-density-structure,ten_hours,67,396,677
item,low-density-structure,ten_hours,68,324,325
item,low-density-structure,ten_hours,69,316,558
item,low-density-structure,ten_hours,70,330,862
item,low-density-structure,ten_hours,71,315,558
item,low-density-structure,ten_hours,72,311,396
item,low-density-structure,ten_hours,73,318,342
item,low-density-structure,ten_hours,74,311,407
item,low-density-structure,ten_hours,75,320,409
item,low-density-structure,ten_hours,76,314,428
item,low-density-structure,ten_hours,77,319,503
item,low-density-structure,ten_hours,78,327,146
item,low-density-structure,ten_hours,79,313,0
item,low-density-structure,ten_hours,80,328,207
item,low-density-structure,ten_hours,81,316,83
item,low-density-structure,ten_hours,82,309,57
item,low-density-structure,ten_hours,83,293,246
item,low-density-structure,ten_hours,84,272,300
item,low-density-structure,ten_hours,85,344,640
item,low-density-structure,ten_hours,86,335,394
item,low-density-structure,ten_hours,87,362,179
item,low-density-structure,ten_hours,88,382,328
item,low-density-structure,ten_hours,89,402,185
item,low-density-structure,ten_hours,90,416,165
item,low-density-structure,ten_hours,91,415,168
item,low-density-structure,ten_hours,92,429,267
item,low-density-structure,ten_hours,93,419,813
item,low-density-structure,ten_hours,94,415,869
item,low-density-structure,ten_hours,95,425,627
item,low-density-structure,ten_hours,96,417,358
item,low-density-structure,ten_hours,97,420,245
item,low-density-structure,ten_hours,98,417,168
item,low-density-structure,ten_hours,99,423,120
item,low-density-structure,ten_hours,100,422,120
item,low-density-structure,ten_hours,101,415,120
item,low-density-structure,ten_hours,102,422,108
item,low-density-structure,ten_hours,103,423,114
item,low-density-structure,ten_hours,104,415,111
item,low-density-structure,ten_hours,105,421,117
item,low-density-structure,ten_hours,106,419,120
item,low-density-structure,ten_hours,107,424,120
item,low-density-structure,ten_hours,108,421,120
item,low-density-structure,ten_hours,109,416,192
item,low-density-structure,ten_hours,110,425,578
item,low-density-structure,ten_hours,111,413,543
item,low-density-structure,ten_hours,112,417,489
item,low-density-structure,ten_hours,113,303,141
item,low-density-structure,ten_hours,114,346,267
item,low-density-structure,ten_hours,115,425,101
item,low-density-structure,ten_hours,116,420,58
item,low-density-structure,ten_hours,117,415,148
item,low-density-structure,ten_hours,118,426,337
item,low-density-structure,ten_hours,119,416,309
item,low-density-structure,ten_hours,120,420,535
item,low-density-structure,ten_hours,121,422,483
item,low-density-structure,ten_hours,122,417,411
item,low-density-structure,ten_hours,123,416,23
item,low-density-structure,ten_hours,124,368,44
item,low-density-structure,ten_hours,125,323,86
item,low-density-structure,ten_hours,126,285,86
item,low-density-structure,ten_hours,127,274,243
item,low-density-structure,ten_hours,128,282,152
item,low-density-structure,ten_hours,129,285,23
item,low-density-structure,ten_hours,130,274,186
item,low-density-structure,ten_hours,131,287,266
item,low-density-structure,ten_hours,132,269,191
item,low-density-structure,ten_hours,133,289,593
item,low-density-structure,ten_hours,134,275,507
item,low-density-structure,ten_hours,135,279,98
item,low-density-structure,ten_hours,136,290,3
item,low-density-structure,ten_hours,137,269,0
item,low-density-structure,ten_hours,138,289,0
item,low-density-structure,ten_hours,139,268,0
item,low-density-structure,ten_hours,140,269,0
item,low-density-structure,ten_hours,141,148,0
item,low-density-structure,ten_hours,142,69,0
item,low-density-structure,ten_hours,143,2,0
item,low-density-structure,fifty_hours,1,1940,2094
item,low-density-structure,fifty_hours,2,1971,2644
item,low-density-structure,fifty_hours,3,2108,1266
item,low-density-structure,fifty_hours,4,2094,706
item,low-density-structure,fifty_hours,5,2098,2018
item,low-density-structure,fifty_hours,6,2102,2164
item,low-density-structure,fifty_hours,7,2091,3203
item,low-density-structure,fifty_hours,8,2094,4088
item,low-density-structure,fifty_hours,9,2103,2307
item,low-density-structure,fifty_hours,10,2097,1230
item,low-density-structure,fifty_hours,11,2099,204
item,low-density-structure,fifty_hours,12,2098,1664
item,low-density-structure,fifty_hours,13,2100,2405
item,low-density-structure,fifty_hours,14,1786,2989
item,low-density-structure,fifty_hours,15,1575,2112
item,low-density-structure,fifty_hours,16,1601,1284
item,low-density-structure,fifty_hours,17,1534,1326
item,low-density-structure,fifty_hours,18,1897,1251
item,low-density-structure,fifty_hours,19,2103,2744
item,low-density-structure,fifty_hours,20,2099,1011
item,low-density-structure,fifty_hours,21,2096,570
item,low-density-structure,fifty_hours,22,2105,1130
item,low-density-structure,fifty_hours,23,1904,1541
item,low-density-structure,fifty_hours,24,2097,1387
item,low-density-structure,fifty_hours,25,1946,1047
item,low-density-structure,fifty_hours,26,1400,690
item,low-density-structure,fifty_hours,27,1399,1655
item,low-density-structure,fifty_hours,28,1385,3
item,low-density-structure,fifty_hours,29,219,0
item,rocket-fuel,ten_hours,1,100,0
item,rocket-fuel,ten_hours,2,132,0
item,rocket-fuel,ten_hours,3,161,0
item,rocket-fuel,ten_hours,4,177,81
item,rocket-fuel,ten_hours,5,196,0
item,rocket-fuel,ten_hours,6,210,12
item,rocket-fuel,ten_hours,7,170,513
item,rocket-fuel,ten_hours,8,89,637
item,rocket-fuel,ten_hours,9,43,137
item,rocket-fuel,ten_hours,10,50,40
item,rocket-fuel,ten_hours,11,48,127
item,rocket-fuel,ten_hours,12,18,75
item,rocket-fuel,ten_hours,13,23,0
item,rocket-fuel,ten_hours,14,27,0
item,rocket-fuel,ten_hours,15,41,0
item,rocket-fuel,ten_hours,16,51,0
item,rocket-fuel,ten_hours,17,69,0
item,rocket-fuel,ten_hours,18,77,55
item,rocket-fuel,ten_hours,19,76,66
item,rocket-fuel,ten_hours,20,102,0
item,rocket-fuel,ten_hours,21,138,0
item,rocket-fuel,ten_hours,22,186,0
item,rocket-fuel,ten_hours,23,225,0
item,rocket-fuel,ten_hours,24,234,0
item,rocket-fuel,ten_hours,25,234,5
item,rocket-fuel,ten_hours,26,234,117
item,rocket-fuel,ten_hours,27,234,0
item,rocket-fuel,ten_hours,28,234,0
item,rocket-fuel,ten_hours,29,234,0
item,rocket-fuel,ten_hours,30,234,34
item,rocket-fuel,ten_hours,31,228,204
item,rocket-fuel,ten_hours,32,234,180
item,rocket-fuel,ten_hours,33,234,232
item,rocket-fuel,ten_hours,34,234,133
item,rocket-fuel,ten_hours,35,234,436
item,rocket-fuel,ten_hours,36,234,322
item,rocket-fuel,ten_hours,37,234,382
item,rocket-fuel,ten_hours,38,234,432
item,rocket-fuel,ten_hours,39,234,463
item,rocket-fuel,ten_hours,40,229,624
item,rocket-fuel,ten_hours,41,146,800
item,rocket-fuel,ten_hours,42,78,368
item,rocket-fuel,ten_hours,43,94,0
item,rocket-fuel,ten_hours,44,124,0
item,rocket-fuel,ten_hours,45,153,0
item,rocket-fuel,ten_hours,46,163,0
item,rocket-fuel,ten_hours,47,179,14
item,rocket-fuel,ten_hours,48,199,108
item,rocket-fuel,ten_hours,49,226,161
item,rocket-fuel,ten_hours,50,234,218
item,rocket-fuel,ten_hours,51,234,63
item,rocket-fuel,ten_hours,52,234,0
item,rocket-fuel,ten_hours,53,234,70
item,rocket-fuel,ten_hours,54,234,11
item,rocket-fuel,ten_hours,55,234,42
item,rocket-fuel,ten_hours,56,234,38
item,rocket-fuel,ten_hours,57,234,5
item,rocket-fuel,ten_hours,58,234,198
item,rocket-fuel,ten_hours,59,234,329
item,rocket-fuel,ten_hours,60,234,296
item,rocket-fuel,ten_hours,61,234,234
item,rocket-fuel,ten_hours,62,234,272
item,rocket-fuel,ten_hours,63,234,285
item,rocket-fuel,ten_hours,64,234,414
item,rocket-fuel,ten_hours,65,234,336
item,rocket-fuel,ten_hours,66,234,396
item,rocket-fuel,ten_hours,67,234,512
item,rocket-fuel,ten_hours,68,234,151
item,rocket-fuel,ten_hours,69,234,247
item,rocket-fuel,ten_hours,70,234,555
item,rocket-fuel,ten_hours,71,220,409
item,rocket-fuel,ten_hours,72,192,303
item,rocket-fuel,ten_hours,73,174,171
item,rocket-fuel,ten_hours,74,162,242
item,rocket-fuel,ten_hours,75,146,235
item,rocket-fuel,ten_hours,76,127,257
item,rocket-fuel,ten_hours,77,125,362
item,rocket-fuel,ten_hours,78,130,1
item,rocket-fuel,ten_hours,79,132,0
item,rocket-fuel,ten_hours,80,135,207
item,rocket-fuel,ten_hours,81,142,83
item,rocket-fuel,ten_hours,82,147,33
item,rocket-fuel,ten_hours,83,156,120
item,rocket-fuel,ten_hours,84,165,132
item,rocket-fuel,ten_hours,85,180,280
item,rocket-fuel,ten_hours,86,199,206
item,rocket-fuel,ten_hours,87,226,17
item,rocket-fuel,ten_hours,88,234,148
item,rocket-fuel,ten_hours,89,234,8
item,rocket-fuel,ten_hours,90,234,0
item,rocket-fuel,ten_hours,91,234,0
item,rocket-fuel,ten_hours,92,234,87
item,rocket-fuel,ten_hours,93,234,645
item,rocket-fuel,ten_hours,94,209,707
item,rocket-fuel,ten_hours,95,160,447
item,rocket-fuel,ten_hours,96,161,181
item,rocket-fuel,ten_hours,97,150,80
item,rocket-fuel,ten_hours,98,145,0
item,rocket-fuel,ten_hours,99,199,0
item,rocket-fuel,ten_hours,100,233,0
item,rocket-fuel,ten_hours,101,234,0
item,rocket-fuel,ten_hours,102,234,0
item,rocket-fuel,ten_hours,103,234,0
item,rocket-fuel,ten_hours,104,234,0
item,rocket-fuel,ten_hours,105,234,0
item,rocket-fuel,ten_hours,106,234,0
item,rocket-fuel,ten_hours,107,234,0
item,rocket-fuel,ten_hours,108,234,0
item,rocket-fuel,ten_hours,109,234,84
item,rocket-fuel,ten_hours,110,234,464
item,rocket-fuel,ten_hours,111,234,432
item,rocket-fuel,ten_hours,112,234,402
item,rocket-fuel,ten_hours,113,234,141
item,rocket-fuel,ten_hours,114,234,267
item,rocket-fuel,ten_hours,115,234,101
item,rocket-fuel,ten_hours,116,234,58
item,rocket-fuel,ten_hours,117,234,148
item,rocket-fuel,ten_hours,118,234,337
item,rocket-fuel,ten_hours,119,234,309
item,rocket-fuel,ten_hours,120,234,475
item,rocket-fuel,ten_hours,121,234,443
item,rocket-fuel,ten_hours,122,234,411
item,rocket-fuel,ten_hours,123,234,23
item,rocket-fuel,ten_hours,124,234,44
item,rocket-fuel,ten_hours,125,234,86
item,rocket-fuel,ten_hours,126,234,86
item,rocket-fuel,ten_hours,127,234,243
item,rocket-fuel,ten_hours,128,234,152
item,rocket-fuel,ten_hours,129,234,23
item,rocket-fuel,ten_hours,130,234,106
item,rocket-fuel,ten_hours,131,234,166
item,rocket-fuel,ten_hours,132,234,171
item,rocket-fuel,ten_hours,133,234,113
item,rocket-fuel,ten_hours,134,234,147
item,rocket-fuel,ten_hours,135,234,98
item,rocket-fuel,ten_hours,136,234,3
item,rocket-fuel,ten_hours,137,234,0
item,rocket-fuel,ten_hours,138,234,0
item,rocket-fuel,ten_hours,139,234,0
item,rocket-fuel,ten_hours,140,234,0
item,rocket-fuel,ten_hours,141,221,0
item,rocket-fuel,ten_hours,142,218,0
item,rocket-fuel,ten_hours,143,221,0
item,rocket-fuel,ten_hours,144,144,0
item,rocket-fuel,ten_hours,145,144,0
item,rocket-fuel,ten_hours,146,144,0
item,rocket-fuel,ten_hours,147,67,0
item,rocket-fuel,fifty_hours,1,766,81
item,rocket-fuel,fifty_hours,2,562,1339
item,rocket-fuel,fifty_hours,3,157,202
item,rocket-fuel,fifty_hours,4,375,121
item,rocket-fuel,fifty_hours,5,1017,5
item,rocket-fuel,fifty_hours,6,1170,151
item,rocket-fuel,fifty_hours,7,1164,1185
item,rocket-fuel,fifty_hours,8,1165,2223
item,rocket-fuel,fifty_hours,9,595,1168
item,rocket-fuel,fifty_hours,10,1001,501
item,rocket-fuel,fifty_hours,11,1170,186
item,rocket-fuel,fifty_hours,12,1170,866
item,rocket-fuel,fifty_hours,13,1170,1541
item,rocket-fuel,fifty_hours,14,1170,1861
item,rocket-fuel,fifty_hours,15,894,1360
item,rocket-fuel,fifty_hours,16,649,827
item,rocket-fuel,fifty_hours,17,790,648
item,rocket-fuel,fifty_hours,18,1127,379
item,rocket-fuel,fifty_hours,19,1071,1886
item,rocket-fuel,fifty_hours,20,888,261
item,rocket-fuel,fifty_hours,21,1170,0
item,rocket-fuel,fifty_hours,22,1170,548
item,rocket-fuel,fifty_hours,23,1170,1343
item,rocket-fuel,fifty_hours,24,1170,1327
item,rocket-fuel,fifty_hours,25,1170,1007
item,rocket-fuel,fifty_hours,26,1170,610
item,rocket-fuel,fifty_hours,27,1170,695
item,rocket-fuel,fifty_hours,28,1170,3
item,rocket-fuel,fifty_hours,29,948,0
item,rocket-fuel,fifty_hours,30,211,0
item,radar,ten_hours,181,3,0
item,radar,fifty_hours,37,3,0
item,accumulator,ten_hours,54,7,0
item,accumulator,ten_hours,55,9,0
item,accumulator,ten_hours,56,9,0
item,accumulator,ten_hours,57,9,0
item,accumulator,ten_hours,58,9,0
item,accumulator,ten_hours,59,7,0
item,accumulator,ten_hours,72,3,0
item,accumulator,ten_hours,73,9,0
item,accumulator,ten_hours,74,9,0
item,accumulator,ten_hours,75,9,0
item,accumulator,ten_hours,76,9,0
item,accumulator,ten_hours,77,9,0
item,accumulator,ten_hours,78,9,0
item,accumulator,ten_hours,79,9,0
item,accumulator,ten_hours,80,9,0
item,accumulator,ten_hours,81,9,0
item,accumulator,ten_hours,82,9,0
item,accumulator,ten_hours,83,9,0
item,accumulator,ten_hours,84,9,0
item,accumulator,ten_hours,85,9,0
item,accumulator,ten_hours,86,9,0
item,accumulator,ten_hours,87,9,0
item,accumulator,ten_hours,88,9,0
item,accumulator,ten_hours,89,9,0
item,accumulator,ten_hours,90,9,0
item,accumulator,ten_hours,91,9,0
item,accumulator,ten_hours,92,9,0
item,accumulator,ten_hours,93,9,0
item,accumulator,ten_hours,94,9,0
item,accumulator,ten_hours,115,5,0
item,accumulator,ten_hours,116,9,0
item,accumulator,ten_hours,117,9,0
item,accumulator,ten_hours,118,9,0
item,accumulator,ten_hours,119,9,0
item,accumulator,ten_hours,120,9,0
item,accumulator,ten_hours,121,9,0
item,accumulator,ten_hours,122,9,0
item,accumulator,ten_hours,123,9,0
item,accumulator,ten_hours,124,9,0
item,accumulator,ten_hours,125,9,0
item,accumulator,ten_hours,126,9,0
item,accumulator,ten_hours,127,9,0
item,accumulator,ten_hours,128,9,0
item,accumulator,ten_hours,129,9,0
item,accumulator,ten_hours,130,9,0
item,accumulator,ten_hours,131,9,0
item,accumulator,ten_hours,132,9,0
item,accumulator,ten_hours,133,9,0
item,accumulator,ten_hours,134,9,0
item,accumulator,ten_hours,135,9,0
item,accumulator,ten_hours,136,9,0
item,accumulator,ten_hours,137,9,0
item,accumulator,ten_hours,138,8,0
item,accumulator,fifty_hours,11,16,0
item,accumulator,fifty_hours,12,34,0
item,accumulator,fifty_hours,15,30,0
item,accumulator,fifty_hours,16,45,0
item,accumulator,fifty_hours,17,45,0
item,accumulator,fifty_hours,18,45,0
item,accumulator,fifty_hours,19,36,0
item,accumulator,fifty_hours,23,5,0
item,accumulator,fifty_hours,24,45,0
item,accumulator,fifty_hours,25,45,0
item,accumulator,fifty_hours,26,45,0
item,accumulator,fifty_hours,27,45,0
item,accumulator,fifty_hours,28,26,0
build,electric-mining-drill,ten_hours,126,11,0
build,electric-mining-drill,ten_hours,127,75,0
build,electric-mining-drill,ten_hours,128,98,0
build,electric-mining-drill,ten_hours,129,4,0
build,electric-mining-drill,ten_hours,132,92,0
build,electric-mining-drill,ten_hours,141,7,0
build,electric-mining-drill,ten_hours,142,8,0
build,electric-mining-drill,ten_hours,143,43,0
build,electric-mining-drill,ten_hours,144,50,0
build,electric-mining-drill,ten_hours,145,93,0
build,electric-mining-drill,ten_hours,146,153,0
build,electric-mining-drill,ten_hours,147,33,0
build,electric-mining-drill,ten_hours,148,51,0
build,electric-mining-drill,ten_hours,152,77,0
build,electric-mining-drill,ten_hours,153,81,0
build,electric-mining-drill,ten_hours,154,32,0
build,electric-mining-drill,ten_hours,158,29,0
build,electric-mining-drill,ten_hours,159,157,0
build,electric-mining-drill,ten_hours,160,24,0
build,electric-mining-drill,ten_hours,169,26,2
build,electric-mining-drill,ten_hours,170,13,2
build,electric-mining-drill,ten_hours,172,33,1
build,electric-mining-drill,ten_hours,177,9,2
build,electric-mining-drill,ten_hours,178,22,1
build,electric-mining-drill,ten_hours,179,26,0
build,electric-mining-drill,ten_hours,180,9,0
build,electric-mining-drill,ten_hours,181,28,0
build,electric-mining-drill,ten_hours,183,63,3
build,electric-mining-drill,ten_hours,184,1,0
build,electric-mining-drill,ten_hours,185,56,1
build,electric-mining-drill,ten_hours,189,12,0
build,electric-mining-drill,ten_hours,190,27,0
build,electric-mining-drill,ten_hours,191,12,0
build,electric-mining-drill,ten_hours,192,22,0
build,electric-mining-drill,ten_hours,193,9,0
build,electric-mining-drill,ten_hours,194,9,0
build,electric-mining-drill,ten_hours,195,9,0
build,electric-mining-drill,fifty_hours,26,188,0
build,electric-mining-drill,fifty_hours,27,92,0
build,electric-mining-drill,fifty_hours,29,201,0
build,electric-mining-drill,fifty_hours,30,237,0
build,electric-mining-drill,fifty_hours,31,190,0
build,electric-mining-drill,fifty_hours,32,210,0
build,electric-mining-drill,fifty_hours,34,39,4
build,electric-mining-drill,fifty_hours,35,33,1
build,electric-mining-drill,fifty_hours,36,66,3
build,electric-mining-drill,fifty_hours,37,148,4
build,electric-mining-drill,fifty_hours,38,39,0
build,electric-mining-drill,fifty_hours,39,61,0
build,burner-mining-drill,ten_hours,81,0,2
build,burner-mining-drill,ten_hours,157,0,3
build,burner-mining-drill,ten_hours,178,0,10
build,burner-mining-drill,ten_hours,184,0,6
build,burner-mining-drill,ten_hours,189,0,10
build,burner-mining-drill,ten_hours,190,0,11
build,burner-mining-drill,ten_hours,196,23,1
build,burner-mining-drill,ten_hours,197,6,0
build,burner-mining-drill,ten_hours,198,20,0
build,burner-mining-drill,ten_hours,199,19,0
build,burner-mining-drill,ten_hours,200,5,2
build,burner-mining-drill,fifty_hours,17,0,2
build,burner-mining-drill,fifty_hours,32,0,3
build,burner-mining-drill,fifty_hours,36,0,10
build,burner-mining-drill,fifty_hours,37,0,6
build,burner-mining-drill,fifty_hours,38,0,21
build,burner-mining-drill,fifty_hours,40,73,3
build,stone-furnace,ten_hours,177,0,9
build,stone-furnace,ten_hours,178,0,23
build,stone-furnace,ten_hours,179,0,83
build,stone-furnace,ten_hours,180,0,99
build,stone-furnace,ten_hours,182,16,0
build,stone-furnace,ten_hours,183,8,0
build,stone-furnace,ten_hours,184,64,7
build,stone-furnace,ten_hours,185,18,0
build,stone-furnace,ten_hours,189,8,0
build,stone-furnace,ten_hours,190,39,5
build,stone-furnace,ten_hours,193,40,2
build,stone-furnace,ten_hours,194,11,0
build,stone-furnace,ten_hours,195,13,0
build,stone-furnace,ten_hours,196,5,0
build,stone-furnace,ten_hours,197,6,0
build,stone-furnace,ten_hours,198,4,0
build,stone-furnace,ten_hours,199,19,0
build,stone-furnace,ten_hours,200,5,2
build,stone-furnace,fifty_hours,36,0,214
build,stone-furnace,fifty_hours,37,106,7
build,stone-furnace,fifty_hours,38,47,5
build,stone-furnace,fifty_hours,39,64,2
build,stone-furnace,fifty_hours,40,39,2
build,steel-furnace,ten_hours,126,14,0
build,steel-furnace,ten_hours,127,65,0
build,steel-furnace,ten_hours,128,77,0
build,steel-furnace,ten_hours,129,12,0
build,steel-furnace,ten_hours,144,6,0
build,steel-furnace,ten_hours,145,48,0
build,steel-furnace,ten_hours,146,63,0
build,steel-furnace,ten_hours,147,191,0
build,steel-furnace,ten_hours,150,6,0
build,steel-furnace,ten_hours,151,9,0
build,steel-furnace,ten_hours,152,114,0
build,steel-furnace,ten_hours,153,72,0
build,steel-furnace,ten_hours,154,83,0
build,steel-furnace,ten_hours,155,10,0
build,steel-furnace,ten_hours,157,48,0
build,steel-furnace,ten_hours,158,91,0
build,steel-furnace,ten_hours,159,53,0
build,steel-furnace,ten_hours,169,30,0
build,steel-furnace,ten_hours,178,22,0
build,steel-furnace,ten_hours,179,83,0
build,steel-furnace,ten_hours,180,99,0
build,steel-furnace,fifty_hours,26,168,0
build,steel-furnace,fifty_hours,29,54,0
build,steel-furnace,fifty_hours,30,260,0
build,steel-furnace,fifty_hours,31,288,0
build,steel-furnace,fifty_hours,32,192,0
build,steel-furnace,fifty_hours,34,30,0
build,steel-furnace,fifty_hours,36,204,0
build,assembling-machine-1,ten_hours,155,0,7
build,assembling-machine-1,ten_hours,176,0,6
build,assembling-machine-1,ten_hours,178,0,7
build,assembling-machine-1,ten_hours,186,0,36
build,assembling-machine-1,ten_hours,187,7,1
build,assembling-machine-1,ten_hours,188,30,0
build,assembling-machine-1,ten_hours,189,0,5
build,assembling-machine-1,ten_hours,192,8,0
build,assembling-machine-1,ten_hours,194,6,0
build,assembling-machine-1,ten_hours,195,1,0
build,assembling-machine-1,ten_hours,196,11,0
build,assembling-machine-1,fifty_hours,31,0,7
build,assembling-machine-1,fifty_hours,36,0,13
build,assembling-machine-1,fifty_hours,38,37,42
build,assembling-machine-1,fifty_hours,39,15,0
build,assembling-machine-1,fifty_hours,40,11,0
build,assembling-machine-2,ten_hours,31,0,21
build,assembling-machine-2,ten_hours,37,0,1
build,assembling-machine-2,ten_hours,38,0,1
build,assembling-machine-2,ten_hours,51,0,9
build,assembling-machine-2,ten_hours,59,0,1
build,assembling-machine-2,ten_hours,69,0,48
build,assembling-machine-2,ten_hours,81,1,8
build,assembling-machine-2,ten_hours,98,0,40
build,assembling-machine-2,ten_hours,101,2,0
build,assembling-machine-2,ten_hours,112,22,0
build,assembling-machine-2,ten_hours,117,20,0
build,assembling-machine-2,ten_hours,120,8,0
build,assembling-machine-2,ten_hours,122,1,0
build,assembling-machine-2,ten_hours,128,8,0
build,assembling-machine-2,ten_hours,129,104,0
build,assembling-machine-2,ten_hours,134,4,0
build,assembling-machine-2,ten_hours,137,14,0
build,assembling-machine-2,ten_hours,138,4,0
build,assembling-machine-2,ten_hours,139,6,0
build,assembling-machine-2,ten_hours,140,17,0
build,assembling-machine-2,ten_hours,141,38,0
build,assembling-machine-2,ten_hours,142,160,0
build,assembling-machine-2,ten_hours,143,30,0
build,assembling-machine-2,ten_hours,144,51,0
build,assembling-machine-2,ten_hours,145,19,0
build,assembling-machine-2,ten_hours,147,34,0
build,assembling-machine-2,ten_hours,148,5,0
build,assembling-machine-2,ten_hours,151,5,0
build,assembling-machine-2,ten_hours,152,14,0
build,assembling-machine-2,ten_hours,153,3,0
build,assembling-machine-2,ten_hours,154,1,0
build,assembling-machine-2,ten_hours,155,33,0
build,assembling-machine-2,ten_hours,156,14,0
build,assembling-machine-2,ten_hours,157,30,0
build,assembling-machine-2,ten_hours,158,1,4
build,assembling-machine-2,ten_hours,160,4,0
build,assembling-machine-2,ten_hours,161,17,0
build,assembling-machine-2,ten_hours,162,2,0
build,assembling-machine-2,ten_hours,163,9,0
build,assembling-machine-2,ten_hours,164,2,0
build,assembling-machine-2,ten_hours,165,27,1
build,assembling-machine-2,ten_hours,166,43,1
build,assembling-machine-2,ten_hours,167,37,1
build,assembling-machine-2,ten_hours,168,19,0
build,assembling-machine-2,ten_hours,170,13,1
build,assembling-machine-2,ten_hours,175,4,0
build,assembling-machine-2,ten_hours,176,12,0
build,assembling-machine-2,ten_hours,177,5,0
build,assembling-machine-2,ten_hours,178,7,0
build,assembling-machine-2,ten_hours,182,4,1
build,assembling-machine-2,ten_hours,186,36,0
build,assembling-machine-2,fifty_hours,7,0,21
build,assembling-machine-2,fifty_hours,8,0,2
build,assembling-machine-2,fifty_hours,11,0,9
build,assembling-machine-2,fifty_hours,12,0,1
build,assembling-machine-2,fifty_hours,14,0,48
build,assembling-machine-2,fifty_hours,17,1,8
build,assembling-machine-2,fifty_hours,20,0,40
build,assembling-machine-2,fifty_hours,21,2,0
build,assembling-machine-2,fifty_hours,23,22,0
build,assembling-machine-2,fifty_hours,24,28,0
build,assembling-machine-2,fifty_hours,25,1,0
build,assembling-machine-2,fifty_hours,26,112,0
build,assembling-machine-2,fifty_hours,27,4,0
build,assembling-machine-2,fifty_hours,28,41,0
build,assembling-machine-2,fifty_hours,29,298,0
build,assembling-machine-2,fifty_hours,30,39,0
build,assembling-machine-2,fifty_hours,31,56,0
build,assembling-machine-2,fifty_hours,32,49,4
build,assembling-machine-2,fifty_hours,33,57,1
build,assembling-machine-2,fifty_hours,34,112,3
build,assembling-machine-2,fifty_hours,35,4,0
build,assembling-machine-2,fifty_hours,36,24,0
build,assembling-machine-2,fifty_hours,37,4,1
build,assembling-machine-2,fifty_hours,38,36,0
build,assembling-machine-3,ten_hours,31,21,0
build,assembling-machine-3,ten_hours,37,0,4
build,assembling-machine-3,ten_hours,38,1,0
build,assembling-machine-3,ten_hours,40,0,3
build,assembling-machine-3,ten_hours,41,0,2
build,assembling-machine-3,ten_hours,43,5,0
build,assembling-machine-3,ten_hours,46,0,2
build,assembling-machine-3,ten_hours,51,9,0
build,assembling-machine-3,ten_hours,59,1,0
build,assembling-machine-3,ten_hours,69,48,0
build,assembling-machine-3,ten_hours,81,8,0
build,assembling-machine-3,ten_hours,98,40,0
build,assembling-machine-3,fifty_hours,7,21,0
build,assembling-machine-3,fifty_hours,8,1,7
build,assembling-machine-3,fifty_hours,9,5,2
build,assembling-machine-3,fifty_hours,10,0,2
build,assembling-machine-3,fifty_hours,11,9,0
build,assembling-machine-3,fifty_hours,12,1,0
build,assembling-machine-3,fifty_hours,14,48,0
build,assembling-machine-3,fifty_hours,17,8,0
build,assembling-machine-3,fifty_hours,20,40,0
build,lab,ten_hours,47,0,88
build,lab,ten_hours,148,9,0
build,lab,ten_hours,149,14,0
build,lab,ten_hours,150,15,0
build,lab,ten_hours,151,2,0
build,lab,ten_hours,187,48,0
build,lab,ten_hours,189,0,4
build,lab,ten_hours,195,4,0
build,lab,ten_hours,196,0,1
build,lab,ten_hours,197,2,1
build,lab,fifty_hours,10,0,88
build,lab,fifty_hours,30,38,0
build,lab,fifty_hours,31,2,0
build,lab,fifty_hours,38,48,4
build,lab,fifty_hours,39,4,0
build,lab,fifty_hours,40,2,2
build,boiler,ten_hours,110,70,0
build,boiler,ten_hours,111,5,0
build,boiler,ten_hours,112,26,0
build,boiler,ten_hours,113,79,0
build,boiler,ten_hours,142,2,0
build,boiler,ten_hours,143,118,0
build,boiler,ten_hours,155,6,0
build,boiler,ten_hours,156,54,0
build,boiler,ten_hours,159,4,0
build,boiler,ten_hours,160,53,0
build,boiler,ten_hours,161,3,0
build,boiler,ten_hours,181,30,0
build,boiler,ten_hours,191,12,0
build,boiler,ten_hours,194,2,0
build,boiler,ten_hours,197,1,0
build,boiler,fifty_hours,22,70,0
build,boiler,fifty_hours,23,110,0
build,boiler,fifty_hours,29,120,0
build,boiler,fifty_hours,31,6,0
build,boiler,fifty_hours,32,111,0
build,boiler,fifty_hours,33,3,0
build,boiler,fifty_hours,37,30,0
build,boiler,fifty_hours,39,14,0
build,boiler,fifty_hours,40,1,0
build,steam-engine,ten_hours,102,30,0
build,steam-engine,ten_hours,103,28,0
build,steam-engine,ten_hours,104,26,0
build,steam-engine,ten_hours,105,28,0
build,steam-engine,ten_hours,106,26,0
build,steam-engine,ten_hours,107,30,0
build,steam-engine,ten_hours,108,24,0
build,steam-engine,ten_hours,109,34,0
build,steam-engine,ten_hours,110,34,0
build,steam-engine,ten_hours,111,29,0
build,steam-engine,ten_hours,112,19,0
build,steam-engine,ten_hours,113,46,0
build,steam-engine,ten_hours,134,1,0
build,steam-engine,ten_hours,135,29,0
build,steam-engine,ten_hours,136,28,0
build,steam-engine,ten_hours,137,27,0
build,steam-engine,ten_hours,138,24,0
build,steam-engine,ten_hours,139,23,0
build,steam-engine,ten_hours,140,21,0
build,steam-engine,ten_hours,141,15,0
build,steam-engine,ten_hours,142,10,0
build,steam-engine,ten_hours,143,58,0
build,steam-engine,ten_hours,152,12,0
build,steam-engine,ten_hours,153,7,0
build,steam-engine,ten_hours,154,28,0
build,steam-engine,ten_hours,155,26,0
build,steam-engine,ten_hours,156,45,0
build,steam-engine,ten_hours,158,20,0
build,steam-engine,ten_hours,159,30,0
build,steam-engine,ten_hours,160,64,0
build,steam-engine,ten_hours,161,4,0
build,steam-engine,ten_hours,180,49,0
build,steam-engine,ten_hours,181,11,0
build,steam-engine,ten_hours,191,25,1
build,steam-engine,ten_hours,194,5,0
build,steam-engine,ten_hours,197,1,0
build,steam-engine,fifty_hours,21,112,0
build,steam-engine,fifty_hours,22,148,0
build,steam-engine,fifty_hours,23,94,0
build,steam-engine,fifty_hours,27,30,0
build,steam-engine,fifty_hours,28,123,0
build,steam-engine,fifty_hours,29,83,0
build,steam-engine,fifty_hours,31,73,0
build,steam-engine,fifty_hours,32,159,0
build,steam-engine,fifty_hours,33,4,0
build,steam-engine,fifty_hours,36,49,0
build,steam-engine,fifty_hours,37,11,0
build,steam-engine,fifty_hours,39,30,1
build,steam-engine,fifty_hours,40,1,0
build,offshore-pump,ten_hours,184,4,0
build,offshore-pump,ten_hours,185,6,0
build,offshore-pump,ten_hours,197,1,0
build,offshore-pump,fifty_hours,37,10,0
build,offshore-pump,fifty_hours,40,1,0
build,oil-refinery,ten_hours,145,1,0
build,oil-refinery,ten_hours,146,5,0
build,oil-refinery,ten_hours,147,8,0
build,oil-refinery,ten_hours,148,27,0
build,oil-refinery,ten_hours,149,2,0
build,oil-refinery,ten_hours,173,13,1
build,oil-refinery,fifty_hours,29,1,0
build,oil-refinery,fifty_hours,30,42,0
build,oil-refinery,fifty_hours,35,13,1
build,chemical-plant,ten_hours,110,3,0
build,chemical-plant,ten_hours,111,2,0
build,chemical-plant,ten_hours,112,2,0
build,chemical-plant,ten_hours,113,20,0
build,chemical-plant,ten_hours,117,5,0
build,chemical-plant,ten_hours,129,4,0
build,chemical-plant,ten_hours,142,5,0
build,chemical-plant,ten_hours,143,17,0
build,chemical-plant,ten_hours,144,2,0
build,chemical-plant,ten_hours,145,2,1
build,chemical-plant,ten_hours,147,17,0
build,chemical-plant,ten_hours,148,3,0
build,chemical-plant,ten_hours,149,20,0
build,chemical-plant,ten_hours,155,5,0
build,chemical-plant,ten_hours,156,4,0
build,chemical-plant,ten_hours,157,4,0
build,chemical-plant,ten_hours,160,5,0
build,chemical-plant,ten_hours,161,4,0
build,chemical-plant,ten_hours,162,5,0
build,chemical-plant,ten_hours,168,4,0
build,chemical-plant,ten_hours,171,6,0
build,chemical-plant,ten_hours,172,8,0
build,chemical-plant,fifty_hours,22,3,0
build,chemical-plant,fifty_hours,23,24,0
build,chemical-plant,fifty_hours,24,5,0
build,chemical-plant,fifty_hours,26,4,0
build,chemical-plant,fifty_hours,29,26,1
build,chemical-plant,fifty_hours,30,40,0
build,chemical-plant,fifty_hours,31,5,0
build,chemical-plant,fifty_hours,32,13,0
build,chemical-plant,fifty_hours,33,9,0
build,chemical-plant,fifty_hours,34,4,0
build,chemical-plant,fifty_hours,35,14,0
build,pumpjack,ten_hours,114,14,0
build,pumpjack,ten_hours,173,4,0
build,pumpjack,ten_hours,174,6,0
build,pumpjack,fifty_hours,23,14,0
build,pumpjack,fifty_hours,35,10,0
build,transport-belt,ten_hours,13,44,80
build,transport-belt,ten_hours,33,0,24
build,transport-belt,ten_hours,43,18,50
build,transport-belt,ten_hours,47,0,234
build,transport-belt,ten_hours,63,0,29
build,transport-belt,ten_hours,69,11,23
build,transport-belt,ten_hours,78,1,0
build,transport-belt,ten_hours,85,19,1
build,transport-belt,ten_hours,97,85,0
build,transport-belt,ten_hours,98,83,0
build,transport-belt,ten_hours,100,27,0
build,transport-belt,ten_hours,101,41,0
build,transport-belt,ten_hours,102,12,0
build,transport-belt,ten_hours,112,57,29
build,transport-belt,ten_hours,113,79,0
build,transport-belt,ten_hours,119,84,0
build,transport-belt,ten_hours,120,38,0
build,transport-belt,ten_hours,124,24,0
build,transport-belt,ten_hours,126,405,0
build,transport-belt,ten_hours,127,1539,0
build,transport-belt,ten_hours,128,568,0
build,transport-belt,ten_hours,129,331,0
build,transport-belt,ten_hours,131,2,7
build,transport-belt,ten_hours,132,113,0
build,transport-belt,ten_hours,133,22,0
build,transport-belt,ten_hours,134,15,0
build,transport-belt,ten_hours,136,6,3
build,transport-belt,ten_hours,137,178,1
build,transport-belt,ten_hours,138,3,3
build,transport-belt,ten_hours,139,21,17
build,transport-belt,ten_hours,140,351,0
build,transport-belt,ten_hours,141,579,38
build,transport-belt,ten_hours,142,1104,89
build,transport-belt,ten_hours,143,203,3
build,transport-belt,ten_hours,144,432,0
build,transport-belt,ten_hours,145,1087,1
build,transport-belt,ten_hours,146,1105,1
build,transport-belt,ten_hours,147,839,0
build,transport-belt,ten_hours,148,219,0
build,transport-belt,ten_hours,150,330,0
build,transport-belt,ten_hours,151,275,0
build,transport-belt,ten_hours,152,648,1
build,transport-belt,ten_hours,153,666,6
build,transport-belt,ten_hours,154,541,0
build,transport-belt,ten_hours,155,379,0
build,transport-belt,ten_hours,156,159,6
build,transport-belt,ten_hours,157,569,1
build,transport-belt,ten_hours,158,925,1
build,transport-belt,ten_hours,159,475,1
build,transport-belt,ten_hours,160,37,0
build,transport-belt,ten_hours,161,72,0
build,transport-belt,ten_hours,162,2,0
build,transport-belt,ten_hours,163,4,8
build,transport-belt,ten_hours,164,2,0
build,transport-belt,ten_hours,165,143,38
build,transport-belt,ten_hours,166,358,57
build,transport-belt,ten_hours,167,442,21
build,transport-belt,ten_hours,168,148,47
build,transport-belt,ten_hours,169,170,13
build,transport-belt,ten_hours,170,216,16
build,transport-belt,ten_hours,171,56,8
build,transport-belt,ten_hours,172,116,10
build,transport-belt,ten_hours,174,71,15
build,transport-belt,ten_hours,175,105,31
build,transport-belt,ten_hours,176,42,67
build,transport-belt,ten_hours,177,106,15
build,transport-belt,ten_hours,178,86,101
build,transport-belt,ten_hours,179,127,8
build,transport-belt,ten_hours,180,25,1
build,transport-belt,ten_hours,181,134,9
build,transport-belt,ten_hours,182,110,3
build,transport-belt,ten_hours,183,173,9
build,transport-belt,ten_hours,184,281,14
build,transport-belt,ten_hours,185,295,22
build,transport-belt,ten_hours,187,172,2
build,transport-belt,ten_hours,188,86,1
build,transport-belt,ten_hours,189,120,8
build,transport-belt,ten_hours,190,180,12
build,transport-belt,ten_hours,191,31,3
build,transport-belt,ten_hours,192,68,12
build,transport-belt,ten_hours,193,150,4
build,transport-belt,ten_hours,194,67,0
build,transport-belt,ten_hours,195,62,0
build,transport-belt,fifty_hours,3,44,80
build,transport-belt,fifty_hours,7,0,24
build,transport-belt,fifty_hours,9,18,50
build,transport-belt,fifty_hours,10,0,234
build,transport-belt,fifty_hours,13,0,29
build,transport-belt,fifty_hours,14,11,23
build,transport-belt,fifty_hours,16,1,0
build,transport-belt,fifty_hours,17,19,1
build,transport-belt,fifty_hours,20,195,0
build,transport-belt,fifty_hours,21,53,0
build,transport-belt,fifty_hours,23,136,29
build,transport-belt,fifty_hours,24,122,0
build,transport-belt,fifty_hours,25,24,0
build,transport-belt,fifty_hours,26,2843,0
build,transport-belt,fifty_hours,27,152,7
build,transport-belt,fifty_hours,28,559,24
build,transport-belt,fifty_hours,29,3405,131
build,transport-belt,fifty_hours,30,2493,1
build,transport-belt,fifty_hours,31,2509,7
build,transport-belt,fifty_hours,32,2165,9
build,transport-belt,fifty_hours,33,223,46
build,transport-belt,fifty_hours,34,1334,154
build,transport-belt,fifty_hours,35,348,64
build,transport-belt,fifty_hours,36,386,192
build,transport-belt,fifty_hours,37,993,57
build,transport-belt,fifty_hours,38,558,23
build,transport-belt,fifty_hours,39,378,19
build,inserter,ten_hours,43,4,0
build,inserter,ten_hours,110,67,0
build,inserter,ten_hours,111,2,0
build,inserter,ten_hours,112,21,1
build,inserter,ten_hours,113,138,0
build,inserter,ten_hours,126,21,0
build,inserter,ten_hours,127,167,0
build,inserter,ten_hours,128,148,0
build,inserter,ten_hours,129,69,0
build,inserter,ten_hours,132,0,1
build,inserter,ten_hours,133,1,0
build,inserter,ten_hours,134,1,0
build,inserter,ten_hours,138,1,2
build,inserter,ten_hours,139,11,2
build,inserter,ten_hours,140,7,1
build,inserter,ten_hours,141,59,0
build,inserter,ten_hours,142,62,0
build,inserter,ten_hours,143,154,0
build,inserter,ten_hours,144,58,0
build,inserter,ten_hours,145,187,0
build,inserter,ten_hours,146,215,0
build,inserter,ten_hours,147,277,0
build,inserter,ten_hours,148,16,0
build,inserter,ten_hours,150,8,0
build,inserter,ten_hours,151,16,30
build,inserter,ten_hours,152,172,6
build,inserter,ten_hours,153,147,0
build,inserter,ten_hours,154,219,0
build,inserter,ten_hours,155,113,0
build,inserter,ten_hours,156,60,0
build,inserter,ten_hours,157,96,0
build,inserter,ten_hours,158,174,0
build,inserter,ten_hours,159,114,0
build,inserter,ten_hours,160,63,0
build,inserter,ten_hours,161,6,0
build,inserter,ten_hours,163,4,0
build,inserter,ten_hours,164,18,0
build,inserter,ten_hours,165,8,0
build,inserter,ten_hours,169,61,1
build,inserter,ten_hours,175,4,0
build,inserter,ten_hours,176,7,1
build,inserter,ten_hours,177,11,2
build,inserter,ten_hours,178,4,21
build,inserter,ten_hours,182,49,0
build,inserter,ten_hours,183,133,45
build,inserter,ten_hours,184,90,2
build,inserter,ten_hours,185,30,2
build,inserter,ten_hours,186,16,14
build,inserter,ten_hours,187,75,3
build,inserter,ten_hours,188,6,1
build,inserter,ten_hours,189,43,16
build,inserter,ten_hours,190,49,1
build,inserter,ten_hours,191,3,0
build,inserter,ten_hours,192,96,7
build,inserter,ten_hours,193,29,1
build,inserter,ten_hours,194,24,0
build,inserter,ten_hours,195,26,0
build,inserter,ten_hours,196,15,0
build,inserter,fifty_hours,9,4,0
build,inserter,fifty_hours,22,67,0
build,inserter,fifty_hours,23,161,1
build,inserter,fifty_hours,26,405,0
build,inserter,fifty_hours,27,2,1
build,inserter,fifty_hours,28,19,5
build,inserter,fifty_hours,29,520,0
build,inserter,fifty_hours,30,516,0
build,inserter,fifty_hours,31,667,36
build,inserter,fifty_hours,32,507,0
build,inserter,fifty_hours,33,36,0
build,inserter,fifty_hours,34,61,1
build,inserter,fifty_hours,35,4,0
build,inserter,fifty_hours,36,22,24
build,inserter,fifty_hours,37,302,49
build,inserter,fifty_hours,38,189,35
build,inserter,fifty_hours,39,178,8
build,inserter,fifty_hours,40,15,0
build,small-electric-pole,ten_hours,37,0,4
build,small-electric-pole,ten_hours,40,0,3
build,small-electric-pole,ten_hours,42,0,1
build,small-electric-pole,ten_hours,43,2,1
build,small-electric-pole,ten_hours,46,0,1
build,small-electric-pole,ten_hours,47,0,111
build,small-electric-pole,ten_hours,85,5,0
build,small-electric-pole,ten_hours,98,26,0
build,small-electric-pole,ten_hours,101,12,0
build,small-electric-pole,ten_hours,102,1,0
build,small-electric-pole,ten_hours,109,12,0
build,small-electric-pole,ten_hours,110,83,0
build,small-electric-pole,ten_hours,111,15,0
build,small-electric-pole,ten_hours,112,73,0
build,small-electric-pole,ten_hours,113,115,0
build,small-electric-pole,ten_hours,114,29,0
build,small-electric-pole,ten_hours,117,20,0
build,small-electric-pole,ten_hours,119,35,0
build,small-electric-pole,ten_hours,120,3,0
build,small-electric-pole,ten_hours,122,1,0
build,small-electric-pole,ten_hours,124,5,0
build,small-electric-pole,ten_hours,126,2,0
build,small-electric-pole,ten_hours,127,9,0
build,small-electric-pole,ten_hours,128,133,0
build,small-electric-pole,ten_hours,129,189,0
build,small-electric-pole,ten_hours,132,23,0
build,small-electric-pole,ten_hours,133,8,0
build,small-electric-pole,ten_hours,134,8,0
build,small-electric-pole,ten_hours,136,16,0
build,small-electric-pole,ten_hours,137,19,0
build,small-electric-pole,ten_hours,138,17,1
build,small-electric-pole,ten_hours,139,12,0
build,small-electric-pole,ten_hours,140,47,1
build,small-electric-pole,ten_hours,141,39,1
build,small-electric-pole,ten_hours,142,138,0
build,small-electric-pole,ten_hours,143,197,0
build,small-electric-pole,ten_hours,144,40,0
build,small-electric-pole,ten_hours,145,113,0
build,small-electric-pole,ten_hours,146,109,0
build,small-electric-pole,ten_hours,147,171,0
build,small-electric-pole,ten_hours,148,73,0
build,small-electric-pole,ten_hours,149,23,0
build,small-electric-pole,ten_hours,150,11,0
build,small-electric-pole,ten_hours,151,84,0
build,small-electric-pole,ten_hours,152,63,0
build,small-electric-pole,ten_hours,153,90,0
build,small-electric-pole,ten_hours,154,119,0
build,small-electric-pole,ten_hours,155,62,0
build,small-electric-pole,ten_hours,156,67,0
build,small-electric-pole,ten_hours,157,73,0
build,small-electric-pole,ten_hours,158,63,0
build,small-electric-pole,ten_hours,159,95,0
build,small-electric-pole,ten_hours,160,87,0
build,small-electric-pole,ten_hours,161,14,0
build,small-electric-pole,ten_hours,162,30,0
build,small-electric-pole,ten_hours,163,14,0
build,small-electric-pole,ten_hours,164,3,0
build,small-electric-pole,ten_hours,165,40,1
build,small-electric-pole,ten_hours,166,36,0
build,small-electric-pole,ten_hours,167,36,0
build,small-electric-pole,ten_hours,168,21,0
build,small-electric-pole,ten_hours,169,20,1
build,small-electric-pole,ten_hours,170,7,0
build,small-electric-pole,ten_hours,171,13,1
build,small-electric-pole,ten_hours,172,14,0
build,small-electric-pole,ten_hours,173,11,0
build,small-electric-pole,ten_hours,174,32,0
build,small-electric-pole,ten_hours,175,9,0
build,small-electric-pole,ten_hours,176,6,0
build,small-electric-pole,ten_hours,177,8,0
build,small-electric-pole,ten_hours,178,3,0
build,small-electric-pole,ten_hours,179,7,0
build,small-electric-pole,ten_hours,180,15,0
build,small-electric-pole,ten_hours,181,11,0
build,small-electric-pole,ten_hours,182,21,0
build,small-electric-pole,ten_hours,183,51,0
build,small-electric-pole,ten_hours,184,12,0
build,small-electric-pole,ten_hours,185,26,0
build,small-electric-pole,ten_hours,186,9,0
build,small-electric-pole,ten_hours,187,39,0
build,small-electric-pole,ten_hours,188,14,0
build,small-electric-pole,ten_hours,189,20,7
build,small-electric-pole,ten_hours,190,21,0
build,small-electric-pole,ten_hours,191,11,0
build,small-electric-pole,ten_hours,192,17,0
build,small-electric-pole,ten_hours,193,10,0
build,small-electric-pole,ten_hours,194,16,0
build,small-electric-pole,ten_hours,195,11,0
build,small-electric-pole,ten_hours,196,13,0
build,small-electric-pole,ten_hours,197,18,0
build,small-electric-pole,fifty_hours,8,0,7
build,small-electric-pole,fifty_hours,9,2,2
build,small-electric-pole,fifty_hours,10,0,112
build,small-electric-pole,fifty_hours,17,5,0
build,small-electric-pole,fifty_hours,20,26,0
build,small-electric-pole,fifty_hours,21,13,0
build,small-electric-pole,fifty_hours,22,95,0
build,small-electric-pole,fifty_hours,23,232,0
build,small-electric-pole,fifty_hours,24,58,0
build,small-electric-pole,fifty_hours,25,6,0
build,small-electric-pole,fifty_hours,26,333,0
build,small-electric-pole,fifty_hours,27,39,0
build,small-electric-pole,fifty_hours,28,111,2
build,small-electric-pole,fifty_hours,29,527,1
build,small-electric-pole,fifty_hours,30,387,0
build,small-electric-pole,fifty_hours,31,418,0
build,small-electric-pole,fifty_hours,32,385,0
build,small-electric-pole,fifty_hours,33,101,1
build,small-electric-pole,fifty_hours,34,120,1
build,small-electric-pole,fifty_hours,35,79,1
build,small-electric-pole,fifty_hours,36,39,0
build,small-electric-pole,fifty_hours,37,121,0
build,small-electric-pole,fifty_hours,38,103,7
build,small-electric-pole,fifty_hours,39,65,0
build,small-electric-pole,fifty_hours,40,31,0
build,medium-electric-pole,ten_hours,40,3,0
build,medium-electric-pole,ten_hours,42,4,0
build,medium-electric-pole,ten_hours,43,6,0
build,medium-electric-pole,ten_hours,49,134,0
build,medium-electric-pole,ten_hours,50,1,0
build,medium-electric-pole,ten_hours,51,26,0
build,medium-electric-pole,ten_hours,69,6,0
build,medium-electric-pole,ten_hours,75,7,0
build,medium-electric-pole,ten_hours,79,1,0
build,medium-electric-pole,ten_hours,85,1,0
build,medium-electric-pole,ten_hours,87,1,0
build,medium-electric-pole,fifty_hours,8,3,0
build,medium-electric-pole,fifty_hours,9,10,0
build,medium-electric-pole,fifty_hours,10,135,0
build,medium-electric-pole,fifty_hours,11,26,0
build,medium-electric-pole,fifty_hours,14,6,0
build,medium-electric-pole,fifty_hours,15,7,0
build,medium-electric-pole,fifty_hours,16,1,0
build,medium-electric-pole,fifty_hours,17,1,0
build,medium-electric-pole,fifty_hours,18,1,0
build,radar,ten_hours,172,1,0
build,radar,ten_hours,180,1,0
build,radar,fifty_hours,35,1,0
build,radar,fifty_hours,36,1,0
build,beacon,ten_hours,37,6,0
build,beacon,ten_hours,38,8,0
build,beacon,ten_hours,39,6,0
build,beacon,ten_hours,40,6,0
build,beacon,ten_hours,41,6,0
build,beacon,ten_hours,42,6,0
build,beacon,ten_hours,43,6,0
build,beacon,ten_hours,44,6,0
build,beacon,ten_hours,45,6,0
build,beacon,ten_hours,46,6,0
build,beacon,ten_hours,47,6,0
build,beacon,ten_hours,48,7,0
build,beacon,ten_hours,49,37,0
build,beacon,ten_hours,50,37,0
build,beacon,ten_hours,51,20,0
build,beacon,ten_hours,69,14,0
build,beacon,ten_hours,101,8,0
build,beacon,ten_hours,112,22,0
build,beacon,ten_hours,117,4,0
build,beacon,ten_hours,118,5,0
build,beacon,ten_hours,119,9,0
build,beacon,ten_hours,129,6,0
build,beacon,ten_hours,133,8,0
build,beacon,ten_hours,135,4,0
build,beacon,fifty_hours,8,26,0
build,beacon,fifty_hours,9,30,0
build,beacon,fifty_hours,10,93,0
build,beacon,fifty_hours,11,20,0
build,beacon,fifty_hours,14,14,0
build,beacon,fifty_hours,21,8,0
build,beacon,fifty_hours,23,22,0
build,beacon,fifty_hours,24,18,0
build,beacon,fifty_hours,26,6,0
build,beacon,fifty_hours,27,12,0
