#tick=1449059,netprod=8792136986877.3,nets=3379
kind,name,sample,input,output
pw,inserter,1,153408.8,0
pw,inserter,2,149806.06222222,0
pw,inserter,3,148821.94666667,0
pw,inserter,4,146625.34222222,0
pw,inserter,5,143864.96,0
pw,inserter,6,144777.52888889,0
pw,inserter,7,144882.47111111,0
pw,inserter,8,145242.35555556,0
pw,inserter,9,145502.11555556,0
pw,inserter,10,147159.56444444,0
pw,inserter,11,145496.8,0
pw,inserter,12,146698.70222222,0
pw,inserter,13,148565.51111111,0
pw,inserter,14,148229.6,0
pw,inserter,15,147577.36,0
pw,inserter,16,147658.96888889,0
pw,inserter,17,147906.32,0
pw,inserter,18,148858.03555556,0
pw,inserter,19,148274.50666667,0
pw,inserter,20,148053.60888889,0
pw,inserter,21,148782.96888889,0
pw,inserter,22,149608.30222222,0
pw,inserter,23,150151.18222222,0
pw,inserter,24,150842.84444444,0
pw,inserter,25,151406.02666667,0
pw,inserter,26,152251.11111111,0
pw,inserter,27,152372.64,0
pw,inserter,28,152103.57333333,0
pw,inserter,29,152215.71555556,0
pw,inserter,30,152221.38666667,0
pw,inserter,31,152373.63555556,0
pw,inserter,32,153709.22666667,0
pw,inserter,33,153746.54222222,0
pw,inserter,34,152974.59555556,0
pw,inserter,35,151584.67555556,0
pw,inserter,36,152245.08444444,0
pw,inserter,37,152404.60444444,0
pw,inserter,38,152829.61777778,0
pw,inserter,39,152957.03111111,0
pw,inserter,40,152981.33333333,0
pw,inserter,41,153120.30222222,0
pw,inserter,42,153298.02666667,0
pw,inserter,43,152508.87111111,0
pw,inserter,44,151153.45777778,0
pw,inserter,45,151573.44,0
pw,inserter,46,152380.88888889,0
pw,inserter,47,153017.70666667,0
pw,inserter,48,152928.87111111,0
pw,inserter,49,154236.53333333,0
pw,inserter,50,152969.81333333,0
pw,inserter,51,151776.83555556,0
pw,inserter,52,151167.96444444,0
pw,inserter,53,150944.08888889,0
pw,inserter,54,151334.50666667,0
pw,inserter,55,151841.28,0
pw,inserter,56,152034.34666667,0
pw,inserter,57,152685.03111111,0
pw,inserter,58,153418.34666667,0
pw,inserter,59,153978.57777778,0
pw,inserter,60,154290.86222222,0
pw,inserter,61,154125.84888889,0
pw,inserter,62,153847.12888889,0
pw,inserter,63,154067.02222222,0
pw,inserter,64,153975.98222222,0
pw,inserter,65,154163.39555556,0
pw,inserter,66,153831.94666667,0
pw,inserter,67,153169.03111111,0
pw,inserter,68,151591.25333333,0
pw,inserter,69,149079.40444444,0
pw,inserter,70,145774.29333333,0
pw,inserter,71,146065.65333333,0
pw,inserter,72,145883.79555556,0
pw,inserter,73,146562.31111111,0
pw,inserter,74,147682.64888889,0
pw,inserter,75,148452.51555556,0
pw,inserter,76,148640.96,0
pw,inserter,77,148959.12,0
pw,inserter,78,149359.23555556,0
pw,inserter,79,148693.99111111,0
pw,inserter,80,148163.26222222,0
pw,inserter,81,148875.48444444,0
pw,inserter,82,148053.59111111,0
pw,inserter,83,147407.78666667,0
pw,inserter,84,147843.12,0
pw,inserter,85,148189.25333333,0
pw,inserter,86,150596.49777778,0
pw,inserter,87,151379.75111111,0
pw,inserter,88,151717.42222222,0
pw,inserter,89,153286.04444444,0
pw,inserter,90,153933.6,0
pw,inserter,91,154898.95111111,0
pw,inserter,92,155362.80888889,0
pw,inserter,93,155549.12,0
pw,inserter,94,156440,0
pw,inserter,95,155800.69333333,0
pw,inserter,96,154536.92444444,0
pw,inserter,97,154410.32888889,0
pw,inserter,98,154236.81777778,0
pw,inserter,99,153847.64444444,0
pw,inserter,100,153265.74222222,0
pw,inserter,101,153221.97333333,0
pw,inserter,102,152898.16888889,0
pw,inserter,103,152776.69333333,0
pw,inserter,104,152736.44444444,0
pw,inserter,105,152600.32,0
pw,inserter,106,152804.48,0
pw,inserter,107,153048.33777778,0
pw,inserter,108,152995.92888889,0
pw,inserter,109,153113.54666667,0
pw,inserter,110,153801.51111111,0
pw,inserter,111,154890.16888889,0
pw,inserter,112,152537.67111111,0
pw,inserter,113,151262.75555556,0
pw,inserter,114,145071.34222222,0
pw,inserter,115,148722.64888889,0
pw,inserter,116,151982.59555556,0
pw,inserter,117,151339.11111111,0
pw,inserter,118,151354.95111111,0
pw,inserter,119,151056.26666667,0
pw,inserter,120,151505.10222222,0
pw,inserter,121,151665.08444444,0
pw,inserter,122,150886.50666667,0
pw,inserter,123,150189.52888889,0
pw,inserter,124,147207.58222222,0
pw,inserter,125,142230.35555556,0
pw,inserter,126,139690.34666667,0
pw,inserter,127,134114.72888889,0
pw,inserter,128,130894.20444444,0
pw,inserter,129,129819.04888889,0
pw,inserter,130,128653.97333333,0
pw,inserter,131,128445.84,0
pw,inserter,132,128754.98666667,0
pw,inserter,133,128870.59555556,0
pw,inserter,134,128623.73333333,0
pw,inserter,135,128465.27111111,0
pw,inserter,136,128265.51111111,0
pw,inserter,137,128364.38222222,0
pw,inserter,138,127905.41333333,0
pw,inserter,139,128013.15555556,0
pw,inserter,140,127770.17777778,0
pw,inserter,141,125774.05333333,0
pw,inserter,142,117314.69333333,0
pw,inserter,143,110960.59555556,0
pw,inserter,144,104391.90222222,0
pw,inserter,145,92324.933333333,0
pw,inserter,146,88893.066666667,0
pw,inserter,147,86923.04,0
pw,inserter,148,82859.084444444,0
pw,inserter,149,78232.151111111,0
pw,inserter,150,71812.653333333,0
pw,inserter,151,70107.244444444,0
pw,inserter,152,67979.586666667,0
pw,inserter,153,54289.422222222,0
pw,inserter,154,52442.991111111,0
pw,inserter,155,51385.991111111,0
pw,inserter,156,47733.475555556,0
pw,inserter,157,47244.626666667,0
pw,inserter,158,45284.831111111,0
pw,inserter,159,34846.075555556,0
pw,inserter,160,32967.973333333,0
pw,inserter,161,31404.52,0
pw,inserter,162,30317.495555556,0
pw,inserter,163,30224.515555556,0
pw,inserter,164,29927.333333333,0
pw,inserter,165,29552.333333333,0
pw,inserter,166,28881.877777778,0
pw,inserter,167,28291.18,0
pw,inserter,168,27744.088888889,0
pw,inserter,169,28619.371111111,0
pw,inserter,170,29635.635555556,0
pw,inserter,171,34752.042222222,0
pw,inserter,172,34498.206666667,0
pw,inserter,173,35689.615555556,0
pw,inserter,174,35223.851111111,0
pw,inserter,175,35680.551111111,0
pw,inserter,176,33029.533333333,0
pw,inserter,177,33239.8,0
pw,inserter,178,33153.955555556,0
pw,inserter,179,29994.548888889,0
pw,inserter,180,30853.235555556,0
pw,inserter,181,25300.504444444,0
pw,inserter,182,24539.668888889,0
pw,inserter,183,22290.817777778,0
pw,inserter,184,19841.186666667,0
pw,inserter,185,17784.71,0
pw,inserter,186,16240.471111111,0
pw,inserter,187,14764.062222222,0
pw,inserter,188,15512.548888889,0
pw,inserter,189,14426.587777778,0
pw,inserter,190,12772.347777778,0
pw,inserter,191,8833.3433333333,0
pw,inserter,192,8617.3077777778,0
pw,inserter,193,6539.5383333333,0
pw,inserter,194,4246.8008333333,0
pw,inserter,195,1511.1991666667,0
pw,inserter,196,614.85826388889,0
pw,inserter,197,85.721857638889,0
pw,long-handed-inserter,1,52401.964444444,0
pw,long-handed-inserter,2,52403.422222222,0
pw,long-handed-inserter,3,52610.195555556,0
pw,long-handed-inserter,4,51570.262222222,0
pw,long-handed-inserter,5,48449.471111111,0
pw,long-handed-inserter,6,47286.746666667,0
pw,long-handed-inserter,7,47135.404444444,0
pw,long-handed-inserter,8,49930.942222222,0
pw,long-handed-inserter,9,49900.928888889,0
pw,long-handed-inserter,10,50166.791111111,0
pw,long-handed-inserter,11,49777.488888889,0
pw,long-handed-inserter,12,50824.751111111,0
pw,long-handed-inserter,13,52398.4,0
pw,long-handed-inserter,14,53254.328888889,0
pw,long-handed-inserter,15,52827.448888889,0
pw,long-handed-inserter,16,52979.457777778,0
pw,long-handed-inserter,17,53076.151111111,0
pw,long-handed-inserter,18,52973.733333333,0
pw,long-handed-inserter,19,52643.204444444,0
pw,long-handed-inserter,20,52691.088888889,0
pw,long-handed-inserter,21,52586.551111111,0
pw,long-handed-inserter,22,52710.24,0
pw,long-handed-inserter,23,52682.391111111,0
pw,long-handed-inserter,24,52826.475555556,0
pw,long-handed-inserter,25,52410.177777778,0
pw,long-handed-inserter,26,52190.311111111,0
pw,long-handed-inserter,27,52347.68,0
pw,long-handed-inserter,28,52300.688888889,0
pw,long-handed-inserter,29,52134.946666667,0
pw,long-handed-inserter,30,52175.928888889,0
pw,long-handed-inserter,31,52304.2,0
pw,long-handed-inserter,32,52020.391111111,0
pw,long-handed-inserter,33,52507.524444444,0
pw,long-handed-inserter,34,52180.6,0
pw,long-handed-inserter,35,52570.88,0
pw,long-handed-inserter,36,52973.542222222,0
pw,long-handed-inserter,37,53002.911111111,0
pw,long-handed-inserter,38,53082.551111111,0
pw,long-handed-inserter,39,53431.84,0
pw,long-handed-inserter,40,53756.782222222,0
pw,long-handed-inserter,41,53118.208888889,0
pw,long-handed-inserter,42,53225.306666667,0
pw,long-handed-inserter,43,52882.577777778,0
pw,long-handed-inserter,44,52461.791111111,0
pw,long-handed-inserter,45,52729.355555556,0
pw,long-handed-inserter,46,52932.791111111,0
pw,long-handed-inserter,47,52837.608888889,0
pw,long-handed-inserter,48,53770.271111111,0
pw,long-handed-inserter,49,55252.031111111,0
pw,long-handed-inserter,50,55516.057777778,0
pw,long-handed-inserter,51,53764.857777778,0
pw,long-handed-inserter,52,51160.64,0
pw,long-handed-inserter,53,50831.493333333,0
pw,long-handed-inserter,54,51654.715555556,0
pw,long-handed-inserter,55,51746.026666667,0
pw,long-handed-inserter,56,51966.208888889,0
pw,long-handed-inserter,57,52656.137777778,0
pw,long-handed-inserter,58,53125.457777778,0
pw,long-handed-inserter,59,54114.546666667,0
pw,long-handed-inserter,60,54514.946666667,0
pw,long-handed-inserter,61,54017.977777778,0
pw,long-handed-inserter,62,53993.244444444,0
pw,long-handed-inserter,63,54390.488888889,0
pw,long-handed-inserter,64,54316.266666667,0
pw,long-handed-inserter,65,55489.564444444,0
pw,long-handed-inserter,66,55467.284444444,0
pw,long-handed-inserter,67,54977.897777778,0
pw,long-handed-inserter,68,56699.871111111,0
pw,long-handed-inserter,69,54104.337777778,0
pw,long-handed-inserter,70,51746.257777778,0
pw,long-handed-inserter,71,50897.626666667,0
pw,long-handed-inserter,72,49141.4,0
pw,long-handed-inserter,73,49187.173333333,0
pw,long-handed-inserter,74,50240.631111111,0
pw,long-handed-inserter,75,50970.826666667,0
pw,long-handed-inserter,76,51943.911111111,0
pw,long-handed-inserter,77,52438.342222222,0
pw,long-handed-inserter,78,52553.373333333,0
pw,long-handed-inserter,79,51800.453333333,0
pw,long-handed-inserter,80,51775.822222222,0
pw,long-handed-inserter,81,51999.928888889,0
pw,long-handed-inserter,82,51682.311111111,0
pw,long-handed-inserter,83,50440.653333333,0
pw,long-handed-inserter,84,50414.546666667,0
pw,long-handed-inserter,85,50124.595555556,0
pw,long-handed-inserter,86,51803.186666667,0
pw,long-handed-inserter,87,52893.933333333,0
pw,long-handed-inserter,88,52024.124444444,0
pw,long-handed-inserter,89,52781.724444444,0
pw,long-handed-inserter,90,53255.075555556,0
pw,long-handed-inserter,91,54071.675555556,0
pw,long-handed-inserter,92,54420.662222222,0
pw,long-handed-inserter,93,54959.088888889,0
pw,long-handed-inserter,94,56146.284444444,0
pw,long-handed-inserter,95,55023.177777778,0
pw,long-handed-inserter,96,54315.92,0
pw,long-handed-inserter,97,54377.053333333,0
pw,long-handed-inserter,98,54193.16,0
pw,long-handed-inserter,99,53687.52,0
pw,long-handed-inserter,100,52886.142222222,0
pw,long-handed-inserter,101,52758.315555556,0
pw,long-handed-inserter,102,53040.315555556,0
pw,long-handed-inserter,103,52830.208888889,0
pw,long-handed-inserter,104,52948.004444444,0
pw,long-handed-inserter,105,53109.608888889,0
pw,long-handed-inserter,106,53354.76,0
pw,long-handed-inserter,107,53512.137777778,0
pw,long-handed-inserter,108,54379.471111111,0
pw,long-handed-inserter,109,54300.253333333,0
pw,long-handed-inserter,110,54991.711111111,0
pw,long-handed-inserter,111,56541.088888889,0
pw,long-handed-inserter,112,56645.866666667,0
pw,long-handed-inserter,113,58129.671111111,0
pw,long-handed-inserter,114,52783.431111111,0
pw,long-handed-inserter,115,49394.684444444,0
pw,long-handed-inserter,116,52593.564444444,0
pw,long-handed-inserter,117,53673.044444444,0
pw,long-handed-inserter,118,53937.48,0
pw,long-handed-inserter,119,52666.72,0
pw,long-handed-inserter,120,53145.817777778,0
pw,long-handed-inserter,121,53943.777777778,0
pw,long-handed-inserter,122,54007.902222222,0
pw,long-handed-inserter,123,52988.404444444,0
pw,long-handed-inserter,124,50931.746666667,0
pw,long-handed-inserter,125,47069.746666667,0
pw,long-handed-inserter,126,46230.328888889,0
pw,long-handed-inserter,127,46007.568888889,0
pw,long-handed-inserter,128,45130.862222222,0
pw,long-handed-inserter,129,45664.613333333,0
pw,long-handed-inserter,130,44061.515555556,0
pw,long-handed-inserter,131,41602.391111111,0
pw,long-handed-inserter,132,42644.888888889,0
pw,long-handed-inserter,133,43421.026666667,0
pw,long-handed-inserter,134,42755.835555556,0
pw,long-handed-inserter,135,43286.6,0
pw,long-handed-inserter,136,43215.875555556,0
pw,long-handed-inserter,137,42830.751111111,0
pw,long-handed-inserter,138,43354.24,0
pw,long-handed-inserter,139,44222.4,0
pw,long-handed-inserter,140,44728.208888889,0
pw,long-handed-inserter,141,44806.702222222,0
pw,long-handed-inserter,142,37295.524444444,0
pw,long-handed-inserter,143,30421.791111111,0
pw,long-handed-inserter,144,24664.297777778,0
pw,long-handed-inserter,145,20200.953333333,0
pw,long-handed-inserter,146,21597.395555556,0
pw,long-handed-inserter,147,21706.837777778,0
pw,long-handed-inserter,148,22584.968888889,0
pw,long-handed-inserter,149,19996.448888889,0
pw,long-handed-inserter,150,19190.226666667,0
pw,long-handed-inserter,151,20279.186666667,0
pw,long-handed-inserter,152,21597.868888889,0
pw,long-handed-inserter,153,21912.677777778,0
pw,long-handed-inserter,154,22070.397777778,0
pw,long-handed-inserter,155,21510.337777778,0
pw,long-handed-inserter,156,20252.442222222,0
pw,long-handed-inserter,157,19072.786666667,0
pw,long-handed-inserter,158,15682.058888889,0
pw,long-handed-inserter,159,14775,0
pw,long-handed-inserter,160,15306.18,0
pw,long-handed-inserter,161,15164.957777778,0
pw,long-handed-inserter,162,14412.911111111,0
pw,long-handed-inserter,163,13751.828888889,0
pw,long-handed-inserter,164,12168.874444444,0
pw,long-handed-inserter,165,11175.143333333,0
pw,long-handed-inserter,166,11972.441111111,0
pw,long-handed-inserter,167,11310.703333333,0
pw,long-handed-inserter,168,7004.755,0
pw,long-handed-inserter,169,5967.9938888889,0
pw,long-handed-inserter,170,7556.285,0
pw,long-handed-inserter,171,9973.2122222222,0
pw,long-handed-inserter,172,10115.606666667,0
pw,long-handed-inserter,173,9612.2811111111,0
pw,long-handed-inserter,174,9331.0077777778,0
pw,long-handed-inserter,175,9166.1911111111,0
pw,long-handed-inserter,176,8470.2172222222,0
pw,long-handed-inserter,177,6317.3666666667,0
pw,long-handed-inserter,178,7102.5077777778,0
pw,long-handed-inserter,179,6080.2355555556,0
pw,long-handed-inserter,180,5806.3516666667,0
pw,long-handed-inserter,181,4850.1855555556,0
pw,long-handed-inserter,182,4953.4322222222,0
pw,long-handed-inserter,183,3510.4138888889,0
pw,long-handed-inserter,184,3443.4277777778,0
pw,long-handed-inserter,185,4468.5577777778,0
pw,long-handed-inserter,186,4073.2263888889,0
pw,long-handed-inserter,187,2961.975,0
pw,long-handed-inserter,188,3246.8836111111,0
pw,long-handed-inserter,189,2364.4377777778,0
pw,long-handed-inserter,190,591.04430555556,0
pw,long-handed-inserter,191,224.71920138889,0
pw,long-handed-inserter,192,306.09263888889,0
pw,long-handed-inserter,193,103.28511284722,0
pw,fast-inserter,1,92223.333333333,0
pw,fast-inserter,2,84985.6,0
pw,fast-inserter,3,83876.408888889,0
pw,fast-inserter,4,82067.537777778,0
pw,fast-inserter,5,79276.106666667,0
pw,fast-inserter,6,80430.808888889,0
pw,fast-inserter,7,79710.648888889,0
pw,fast-inserter,8,85966.097777778,0
pw,fast-inserter,9,85188.364444444,0
pw,fast-inserter,10,84714.017777778,0
pw,fast-inserter,11,80676.648888889,0
pw,fast-inserter,12,81822,0
pw,fast-inserter,13,82919.173333333,0
pw,fast-inserter,14,82486.462222222,0
pw,fast-inserter,15,81206.071111111,0
pw,fast-inserter,16,81539.253333333,0
pw,fast-inserter,17,82013.297777778,0
pw,fast-inserter,18,82755.528888889,0
pw,fast-inserter,19,82715.635555556,0
pw,fast-inserter,20,81586.56,0
pw,fast-inserter,21,81799.262222222,0
pw,fast-inserter,22,82302.213333333,0
pw,fast-inserter,23,82221.884444444,0
pw,fast-inserter,24,82225.377777778,0
pw,fast-inserter,25,82941.697777778,0
pw,fast-inserter,26,84118.497777778,0
pw,fast-inserter,27,84376.711111111,0
pw,fast-inserter,28,84215.004444444,0
pw,fast-inserter,29,84443.208888889,0
pw,fast-inserter,30,84709.173333333,0
pw,fast-inserter,31,86265.262222222,0
pw,fast-inserter,32,90053.537777778,0
pw,fast-inserter,33,90465.137777778,0
pw,fast-inserter,34,90058.408888889,0
pw,fast-inserter,35,85360.48,0
pw,fast-inserter,36,86385.111111111,0
pw,fast-inserter,37,86375.946666667,0
pw,fast-inserter,38,86615.813333333,0
pw,fast-inserter,39,87419.297777778,0
pw,fast-inserter,40,88172.56,0
pw,fast-inserter,41,88676.444444444,0
pw,fast-inserter,42,88515.528888889,0
pw,fast-inserter,43,88327.093333333,0
pw,fast-inserter,44,84525.102222222,0
pw,fast-inserter,45,84689.742222222,0
pw,fast-inserter,46,85574.942222222,0
pw,fast-inserter,47,86244.48,0
pw,fast-inserter,48,89054.533333333,0
pw,fast-inserter,49,98706.391111111,0
pw,fast-inserter,50,95894.24,0
pw,fast-inserter,51,93378.266666667,0
pw,fast-inserter,52,85985.457777778,0
pw,fast-inserter,53,83863.511111111,0
pw,fast-inserter,54,84850.853333333,0
pw,fast-inserter,55,85070.471111111,0
pw,fast-inserter,56,85479.235555556,0
pw,fast-inserter,57,86634.515555556,0
pw,fast-inserter,58,87573.013333333,0
pw,fast-inserter,59,88760.017777778,0
pw,fast-inserter,60,88870.488888889,0
pw,fast-inserter,61,88461.262222222,0
pw,fast-inserter,62,88493.226666667,0
pw,fast-inserter,63,88971.271111111,0
pw,fast-inserter,64,88691.84,0
pw,fast-inserter,65,96829.315555556,0
pw,fast-inserter,66,96472.906666667,0
pw,fast-inserter,67,90525.76,0
pw,fast-inserter,68,97563.573333333,0
pw,fast-inserter,69,95785.36,0
pw,fast-inserter,70,93594.968888889,0
pw,fast-inserter,71,88861.013333333,0
pw,fast-inserter,72,84741.102222222,0
pw,fast-inserter,73,85097.742222222,0
pw,fast-inserter,74,84332.186666667,0
pw,fast-inserter,75,86653.528888889,0
pw,fast-inserter,76,89884.337777778,0
pw,fast-inserter,77,90688.257777778,0
pw,fast-inserter,78,89818.897777778,0
pw,fast-inserter,79,89023.848888889,0
pw,fast-inserter,80,88821.68,0
pw,fast-inserter,81,89116.737777778,0
pw,fast-inserter,82,88220.053333333,0
pw,fast-inserter,83,87302.373333333,0
pw,fast-inserter,84,87274.026666667,0
pw,fast-inserter,85,87885.315555556,0
pw,fast-inserter,86,89564.471111111,0
pw,fast-inserter,87,91586.568888889,0
pw,fast-inserter,88,87319.724444444,0
pw,fast-inserter,89,89024.568888889,0
pw,fast-inserter,90,86893.422222222,0
pw,fast-inserter,91,88687.102222222,0
pw,fast-inserter,92,89234.231111111,0
pw,fast-inserter,93,90205.928888889,0
pw,fast-inserter,94,93224.613333333,0
pw,fast-inserter,95,90482.204444444,0
pw,fast-inserter,96,88839.022222222,0
pw,fast-inserter,97,88921.742222222,0
pw,fast-inserter,98,90490.053333333,0
pw,fast-inserter,99,88787.688888889,0
pw,fast-inserter,100,87980.106666667,0
pw,fast-inserter,101,86969.511111111,0
pw,fast-inserter,102,87282.017777778,0
pw,fast-inserter,103,86275.137777778,0
pw,fast-inserter,104,86802.604444444,0
pw,fast-inserter,105,87109.537777778,0
pw,fast-inserter,106,87612.053333333,0
pw,fast-inserter,107,87981.946666667,0
pw,fast-inserter,108,88699.502222222,0
pw,fast-inserter,109,88580.293333333,0
pw,fast-inserter,110,90114.337777778,0
pw,fast-inserter,111,93530.604444444,0
pw,fast-inserter,112,91807.404444444,0
pw,fast-inserter,113,92518.364444444,0
pw,fast-inserter,114,84138.382222222,0
pw,fast-inserter,115,86194.871111111,0
pw,fast-inserter,116,88875.297777778,0
pw,fast-inserter,117,88217.022222222,0
pw,fast-inserter,118,87965.724444444,0
pw,fast-inserter,119,85878.888888889,0
pw,fast-inserter,120,86000.462222222,0
pw,fast-inserter,121,85222.924444444,0
pw,fast-inserter,122,84948.355555556,0
pw,fast-inserter,123,83703.386666667,0
pw,fast-inserter,124,78726.017777778,0
pw,fast-inserter,125,74205.711111111,0
pw,fast-inserter,126,70754.115555556,0
pw,fast-inserter,127,71096.088888889,0
pw,fast-inserter,128,68721.177777778,0
pw,fast-inserter,129,68817.528888889,0
pw,fast-inserter,130,68674.711111111,0
pw,fast-inserter,131,66602.964444444,0
pw,fast-inserter,132,68094.471111111,0
pw,fast-inserter,133,67769.706666667,0
pw,fast-inserter,134,68034.586666667,0
pw,fast-inserter,135,68550.991111111,0
pw,fast-inserter,136,68027.72,0
pw,fast-inserter,137,67999.151111111,0
pw,fast-inserter,138,67692.022222222,0
pw,fast-inserter,139,67280.635555556,0
pw,fast-inserter,140,67591.702222222,0
pw,fast-inserter,141,67384.733333333,0
pw,fast-inserter,142,58599.044444444,0
pw,fast-inserter,143,47294.333333333,0
pw,fast-inserter,144,42918.591111111,0
pw,fast-inserter,145,36234.94,0
pw,fast-inserter,146,36345.515555556,0
pw,fast-inserter,147,36828.244444444,0
pw,fast-inserter,148,35240.64,0
pw,fast-inserter,149,34894.928888889,0
pw,fast-inserter,150,34554.166666667,0
pw,fast-inserter,151,34109.62,0
pw,fast-inserter,152,32430.435555556,0
pw,fast-inserter,153,29923.593333333,0
pw,fast-inserter,154,29379.122222222,0
pw,fast-inserter,155,28975.784444444,0
pw,fast-inserter,156,26070.084444444,0
pw,fast-inserter,157,24404.36,0
pw,fast-inserter,158,21424.3,0
pw,fast-inserter,159,19051.644444444,0
pw,fast-inserter,160,17660.413333333,0
pw,fast-inserter,161,18802.784444444,0
pw,fast-inserter,162,18712.506666667,0
pw,fast-inserter,163,18007.238888889,0
pw,fast-inserter,164,17671.664444444,0
pw,fast-inserter,165,16746.553333333,0
pw,fast-inserter,166,16964.002222222,0
pw,fast-inserter,167,16218.966666667,0
pw,fast-inserter,168,14498.628888889,0
pw,fast-inserter,169,13237.98,0
pw,fast-inserter,170,13239.19,0
pw,fast-inserter,171,19660.275555556,0
pw,fast-inserter,172,19450.515555556,0
pw,fast-inserter,173,19742.353333333,0
pw,fast-inserter,174,20060.991111111,0
pw,fast-inserter,175,19628.508888889,0
pw,fast-inserter,176,17254.923333333,0
pw,fast-inserter,177,15488.568888889,0
pw,fast-inserter,178,15155.79,0
pw,fast-inserter,179,12313.031111111,0
pw,fast-inserter,180,9075.5405555556,0
pw,fast-inserter,181,8019.0911111111,0
pw,fast-inserter,182,8376.2633333333,0
pw,fast-inserter,183,7648.985,0
pw,fast-inserter,184,8188.9011111111,0
pw,fast-inserter,185,8868.6366666667,0
pw,fast-inserter,186,9141.055,0
pw,fast-inserter,187,6317.0894444444,0
pw,fast-inserter,188,3740.1105555556,0
pw,fast-inserter,189,3070.1425,0
pw,fast-inserter,190,1027.0995138889,0
pw,fast-inserter,191,914.30666666667,0
pw,fast-inserter,192,849.67354166667,0
pw,fast-inserter,193,44.676419270833,0
pw,bulk-inserter,1,2521.9311111111,0
pw,bulk-inserter,2,2462.0905555556,0
pw,bulk-inserter,3,2345.1822222222,0
pw,bulk-inserter,4,2522.6611111111,0
pw,bulk-inserter,5,2341.8202777778,0
pw,bulk-inserter,6,2470.1033333333,0
pw,bulk-inserter,7,2397.5291666667,0
pw,bulk-inserter,8,2343.2258333333,0
pw,bulk-inserter,9,2282.7456944444,0
pw,bulk-inserter,10,2391.7388888889,0
pw,bulk-inserter,11,2356.7291666667,0
pw,bulk-inserter,12,2488.1266666667,0
pw,bulk-inserter,13,2336.6347222222,0
pw,bulk-inserter,14,2422.1672222222,0
pw,bulk-inserter,15,2301.0368055556,0
pw,bulk-inserter,16,2496.1494444444,0
pw,bulk-inserter,17,2396.6347222222,0
pw,bulk-inserter,18,2372.4997222222,0
pw,bulk-inserter,19,2453.6833333333,0
pw,bulk-inserter,20,2365.9930555556,0
pw,bulk-inserter,21,2492.8522222222,0
pw,bulk-inserter,22,2334.5813888889,0
pw,bulk-inserter,23,2484.3011111111,0
pw,bulk-inserter,24,2338.6052777778,0
pw,bulk-inserter,25,2461.8383333333,0
pw,bulk-inserter,26,2346.0197222222,0
pw,bulk-inserter,27,2415.8252777778,0
pw,bulk-inserter,28,2389.3611111111,0
pw,bulk-inserter,29,2384.14,0
pw,bulk-inserter,30,2442.8283333333,0
pw,bulk-inserter,31,2409.7888888889,0
pw,bulk-inserter,32,2408.9547222222,0
pw,bulk-inserter,33,2376.6163888889,0
pw,bulk-inserter,34,2389.165,0
pw,bulk-inserter,35,2447.2991666667,0
pw,bulk-inserter,36,2388.8616666667,0
pw,bulk-inserter,37,2464.0380555556,0
pw,bulk-inserter,38,2336.3213888889,0
pw,bulk-inserter,39,2515.1141666667,0
pw,bulk-inserter,40,2296.6316666667,0
pw,bulk-inserter,41,2477.7372222222,0
pw,bulk-inserter,42,2340.1686111111,0
pw,bulk-inserter,43,2410.2541666667,0
pw,bulk-inserter,44,2468.9297222222,0
pw,bulk-inserter,45,2346.1566666667,0
pw,bulk-inserter,46,2425.1430555556,0
pw,bulk-inserter,47,2336.4852777778,0
pw,bulk-inserter,48,2485.7752777778,0
pw,bulk-inserter,49,2389.9633333333,0
pw,bulk-inserter,50,2370.1586111111,0
pw,bulk-inserter,51,2386.6338888889,0
pw,bulk-inserter,52,2377.5161111111,0
pw,bulk-inserter,53,2437.9952777778,0
pw,bulk-inserter,54,2388.3977777778,0
pw,bulk-inserter,55,2444.9169444444,0
pw,bulk-inserter,56,2346.0941666667,0
pw,bulk-inserter,57,2516.0869444444,0
pw,bulk-inserter,58,2368.1644444444,0
pw,bulk-inserter,59,2482.2794444444,0
pw,bulk-inserter,60,2415.3530555556,0
pw,bulk-inserter,61,2392.2575,0
pw,bulk-inserter,62,2482.49,0
pw,bulk-inserter,63,2401.2369444444,0
pw,bulk-inserter,64,2466.6694444444,0
pw,bulk-inserter,65,2402.9686111111,0
pw,bulk-inserter,66,2368.3266666667,0
pw,bulk-inserter,67,2461.3563888889,0
pw,bulk-inserter,68,2407.5747222222,0
pw,bulk-inserter,69,2466.1033333333,0
pw,bulk-inserter,70,2373.4652777778,0
pw,bulk-inserter,71,2416.6861111111,0
pw,bulk-inserter,72,2309.1351388889,0
pw,bulk-inserter,73,2414.3975,0
pw,bulk-inserter,74,2428.8158333333,0
pw,bulk-inserter,75,2406.95,0
pw,bulk-inserter,76,2388.6225,0
pw,bulk-inserter,77,2357.0655555556,0
pw,bulk-inserter,78,2543.7825,0
pw,bulk-inserter,79,2076.4747222222,0
pw,bulk-inserter,80,1577.38,0
pw,bulk-inserter,81,1589.5319444444,0
pw,bulk-inserter,82,1782.7452777778,0
pw,bulk-inserter,83,1733.8954166667,0
pw,bulk-inserter,84,1581.83875,0
pw,bulk-inserter,85,1394.3113888889,0
pw,bulk-inserter,86,970.16986111111,0
pw,bulk-inserter,87,526.74149305556,0
pw,bulk-inserter,88,465.41434027778,0
pw,bulk-inserter,89,540.14423611111,0
pw,bulk-inserter,90,536.23739583333,0
pw,bulk-inserter,91,448.65979166667,0
pw,bulk-inserter,92,541.48871527778,0
pw,bulk-inserter,93,488.13149305556,0
pw,bulk-inserter,94,568.47930555556,0
pw,bulk-inserter,95,333.61680555556,0
pw,bulk-inserter,96,66.666662326389,0
pw,bulk-inserter,97,66.666662326389,0
pw,bulk-inserter,98,79.452404513889,0
pw,bulk-inserter,99,75.190486111111,0
pw,bulk-inserter,100,75.190486111111,0
pw,bulk-inserter,101,66.666662326389,0
pw,bulk-inserter,102,131.42847222222,0
pw,pump,1,2886.9136111111,0
pw,pump,2,2873.3336111111,0
pw,pump,3,2845.8027777778,0
pw,pump,4,2845.6872222222,0
pw,pump,5,2845.0288888889,0
pw,pump,6,2978.8702777778,0
pw,pump,7,2912.7030555556,0
pw,pump,8,3017.9602777778,0
pw,pump,9,3018.3402777778,0
pw,pump,10,2864.7161111111,0
pw,pump,11,2665.4736111111,0
pw,pump,12,2723.3741666667,0
pw,pump,13,2770.1516666667,0
pw,pump,14,2777.6483333333,0
pw,pump,15,2760.0091666667,0
pw,pump,16,2762.5247222222,0
pw,pump,17,2789.7241666667,0
pw,pump,18,2819.3197222222,0
pw,pump,19,2812.9691666667,0
pw,pump,20,2828.7002777778,0
pw,pump,21,2837.3530555556,0
pw,pump,22,2838.2833333333,0
pw,pump,23,2832.6688888889,0
pw,pump,24,2809.4347222222,0
pw,pump,25,2810.4125,0
pw,pump,26,2870.1155555556,0
pw,pump,27,2893.8427777778,0
pw,pump,28,2870.7969444444,0
pw,pump,29,2871.48,0
pw,pump,30,2873.6647222222,0
pw,pump,31,2911.1736111111,0
pw,pump,32,3116.7416666667,0
pw,pump,33,3115.5036111111,0
pw,pump,34,3060.2686111111,0
pw,pump,35,2837.6708333333,0
pw,pump,36,2886.3030555556,0
pw,pump,37,2867.2280555556,0
pw,pump,38,2900.8363888889,0
pw,pump,39,2915.7869444444,0
pw,pump,40,2926.1677777778,0
pw,pump,41,2991.2244444444,0
pw,pump,42,3007.2127777778,0
pw,pump,43,2918.7694444444,0
pw,pump,44,2786.6672222222,0
pw,pump,45,2855.1033333333,0
pw,pump,46,2858.9841666667,0
pw,pump,47,2878.5272222222,0
pw,pump,48,2878.8166666667,0
pw,pump,49,2988.2,0
pw,pump,50,2892.0025,0
pw,pump,51,2797.1033333333,0
pw,pump,52,2679.7038888889,0
pw,pump,53,2643.3102777778,0
pw,pump,54,2669.2636111111,0
pw,pump,55,2661.8919444444,0
pw,pump,56,2672.2891666667,0
pw,pump,57,2714.3608333333,0
pw,pump,58,2726.7455555556,0
pw,pump,59,2771.7405555556,0
pw,pump,60,2812.7283333333,0
pw,pump,61,2800.1869444444,0
pw,pump,62,2785.5022222222,0
pw,pump,63,2807.8883333333,0
pw,pump,64,2764.7897222222,0
pw,pump,65,2811.5702777778,0
pw,pump,66,2783.135,0
pw,pump,67,2754.8147222222,0
pw,pump,68,2788.0338888889,0
pw,pump,69,2682.5083333333,0
pw,pump,70,2633.8669444444,0
pw,pump,71,2677.6827777778,0
pw,pump,72,2656.6438888889,0
pw,pump,73,2656.6530555556,0
pw,pump,74,2602.4333333333,0
pw,pump,75,2646.2663888889,0
pw,pump,76,2649.8836111111,0
pw,pump,77,2638.0130555556,0
pw,pump,78,2691.2816666667,0
pw,pump,79,2606.4163888889,0
pw,pump,80,2584.8819444444,0
pw,pump,81,2632.1516666667,0
pw,pump,82,2607.9694444444,0
pw,pump,83,2575.0441666667,0
pw,pump,84,2660.4525,0
pw,pump,85,2644.1444444444,0
pw,pump,86,2691.2522222222,0
pw,pump,87,2694.0286111111,0
pw,pump,88,2679.5425,0
pw,pump,89,2691.5480555556,0
pw,pump,90,2679.5463888889,0
pw,pump,91,2684.7597222222,0
pw,pump,92,2685.1977777778,0
pw,pump,93,2694.3755555556,0
pw,pump,94,2798.4172222222,0
pw,pump,95,2809.0447222222,0
pw,pump,96,2746.6936111111,0
pw,pump,97,2735.1613888889,0
pw,pump,98,2700.2341666667,0
pw,pump,99,2697.63,0
pw,pump,100,2651.7636111111,0
pw,pump,101,2638.7927777778,0
pw,pump,102,2636.9736111111,0
pw,pump,103,2630.745,0
pw,pump,104,2623.1911111111,0
pw,pump,105,2613.8272222222,0
pw,pump,106,2604.7258333333,0
pw,pump,107,2618.1313888889,0
pw,pump,108,2625.3552777778,0
pw,pump,109,2625.4847222222,0
pw,pump,110,2628.18,0
pw,pump,111,2753.1180555556,0
pw,pump,112,2643.0877777778,0
pw,pump,113,2644.6536111111,0
pw,pump,114,2648.0977777778,0
pw,pump,115,2277.3834722222,0
pw,pump,116,2269.02875,0
pw,pump,117,2345.4205555556,0
pw,pump,118,2366.97,0
pw,pump,119,2380.7997222222,0
pw,pump,120,2395.9944444444,0
pw,pump,121,2386.1827777778,0
pw,pump,122,2377.6272222222,0
pw,pump,123,2351.1761111111,0
pw,pump,124,2341.7775,0
pw,pump,125,2268.3868055556,0
pw,pump,126,2266.5872222222,0
pw,pump,127,2309.20125,0
pw,pump,128,2288.4583333333,0
pw,pump,129,2261.575,0
pw,pump,130,2233.91875,0
pw,pump,131,2232.6266666667,0
pw,pump,132,2237.4555555556,0
pw,pump,133,2224.5980555556,0
pw,pump,134,2226.4786111111,0
pw,pump,135,2219.2715277778,0
pw,pump,136,2211.8266666667,0
pw,pump,137,2157.6534722222,0
pw,pump,138,2157.7811111111,0
pw,pump,139,2116.3209722222,0
pw,pump,140,2134.0975,0
pw,pump,141,2200.3690277778,0
pw,pump,142,2114.9972222222,0
pw,pump,143,2661.5811111111,0
pw,pump,144,4652.6905555556,0
pw,pump,145,1510.1155555556,0
pw,pump,146,1366.68875,0
pw,pump,147,1831.99625,0
pw,pump,148,1818.8048611111,0
pw,pump,149,1130.9636111111,0
pw,pump,150,403.28065972222,0
pw,pump,151,370.83333333333,0
pw,pump,152,370.83333333333,0
pw,pump,153,370.83333333333,0
pw,pump,154,370.83333333333,0
pw,pump,155,370.83333333333,0
pw,pump,156,370.83333333333,0
pw,pump,157,370.83333333333,0
pw,pump,158,370.83333333333,0
pw,pump,159,370.83333333333,0
pw,pump,160,370.83333333333,0
pw,pump,161,370.83333333333,0
pw,pump,162,370.83333333333,0
pw,pump,163,370.83333333333,0
pw,pump,164,370.83333333333,0
pw,pump,165,316.54635416667,0
pw,pump,166,293.5,0
pw,pump,167,293.5,0
pw,pump,168,293.5,0
pw,pump,169,293.5,0
pw,pump,170,293.5,0
pw,pump,171,293.5,0
pw,pump,172,293.5,0
pw,pump,173,293.5,0
pw,pump,174,186.93684027778,0
pw,roboport,1,197837.95555556,0
pw,roboport,2,198121.52888889,0
pw,roboport,3,197305.56444444,0
pw,roboport,4,205657.40444444,0
pw,roboport,5,266673.61777778,0
pw,roboport,6,436201.38666667,0
pw,roboport,7,364570.59555556,0
pw,roboport,8,679578.31111111,0
pw,roboport,9,913147.37777778,0
pw,roboport,10,779546.31111111,0
pw,roboport,11,102112.26666667,0
pw,roboport,12,130149.30666667,0
pw,roboport,13,368961.81333333,0
pw,roboport,14,121418.97777778,0
pw,roboport,15,113877.31555556,0
pw,roboport,16,112611.11111111,0
pw,roboport,17,114704.86222222,0
pw,roboport,18,197848.37333333,0
pw,roboport,19,106747.68888889,0
pw,roboport,20,217197.92,0
pw,roboport,21,126984.95111111,0
pw,roboport,22,126707.17333333,0
pw,roboport,23,127709.49333333,0
pw,roboport,24,142678.24,0
pw,roboport,25,151984.96,0
pw,roboport,26,201796.30222222,0
pw,roboport,27,261226.84444444,0
pw,roboport,28,203422.45333333,0
pw,roboport,29,208115.73333333,0
pw,roboport,30,254637.72444444,0
pw,roboport,31,335969.92,0
pw,roboport,32,737537.56444444,0
pw,roboport,33,659855.92888889,0
pw,roboport,34,685414.32888889,0
pw,roboport,35,267983.80444444,0
pw,roboport,36,289993.04888889,0
pw,roboport,37,264458.32888889,0
pw,roboport,38,325281.24444444,0
pw,roboport,39,349612.26666667,0
pw,roboport,40,475099.52,0
pw,roboport,41,466517.36888889,0
pw,roboport,42,309094.89777778,0
pw,roboport,43,619844.90666667,0
pw,roboport,44,199662.04444444,0
pw,roboport,45,192972.23111111,0
pw,roboport,46,211025.45777778,0
pw,roboport,47,321916.65777778,0
pw,roboport,48,470373.04888889,0
pw,roboport,49,721857.28,0
pw,roboport,50,897491.41333333,0
pw,roboport,51,419764.23111111,0
pw,roboport,52,267401.61777778,0
pw,roboport,53,71033.564444444,0
pw,roboport,54,71009.257777778,0
pw,roboport,55,129452.55111111,0
pw,roboport,56,118550.92444444,0
pw,roboport,57,169481.47555556,0
pw,roboport,58,135350.69333333,0
pw,roboport,59,164155.09333333,0
pw,roboport,60,249000,0
pw,roboport,61,263364.58666667,0
pw,roboport,62,207789.35111111,0
pw,roboport,63,215350.70222222,0
pw,roboport,64,238120.37333333,0
pw,roboport,65,419348.37333333,0
pw,roboport,66,345723.37777778,0
pw,roboport,67,275326.38222222,0
pw,roboport,68,401690.98666667,0
pw,roboport,69,184611.11111111,0
pw,roboport,70,132306.71111111,0
pw,roboport,71,222343.75111111,0
pw,roboport,72,134950.23111111,0
pw,roboport,73,302108.8,0
pw,roboport,74,132089.12,0
pw,roboport,75,252359.94666667,0
pw,roboport,76,187956.01777778,0
pw,roboport,77,247615.73333333,0
pw,roboport,78,229370.36444444,0
pw,roboport,79,550879.64444444,0
pw,roboport,80,139274.30222222,0
pw,roboport,81,220402.77333333,0
pw,roboport,82,164435.18222222,0
pw,roboport,83,132820.60444444,0
pw,roboport,84,150416.67555556,0
pw,roboport,85,143359.95555556,0
pw,roboport,86,200841.44,0
pw,roboport,87,188167.82222222,0
pw,roboport,88,207115.73333333,0
pw,roboport,89,114837.96444444,0
pw,roboport,90,102980.32,0
pw,roboport,91,98792.826666667,0
pw,roboport,92,109620.37333333,0
pw,roboport,93,109263.89333333,0
pw,roboport,94,385620.37333333,0
pw,roboport,95,214906.25777778,0
pw,roboport,96,190369.20888889,0
pw,roboport,97,314424.78222222,0
pw,roboport,98,236444.44444444,0
pw,roboport,99,490609.95555556,0
pw,roboport,100,107962.96,0
pw,roboport,101,115283.56444444,0
pw,roboport,102,136861.11111111,0
pw,roboport,103,103253.47555556,0
pw,roboport,104,98599.537777778,0
pw,roboport,105,102092.59555556,0
pw,roboport,106,117231.48444444,0
pw,roboport,107,111243.05777778,0
pw,roboport,108,111738.42666667,0
pw,roboport,109,146936.34666667,0
pw,roboport,110,319240.17777778,0
pw,roboport,111,551707.76888889,0
pw,roboport,112,488201.38666667,0
pw,roboport,113,758643.27111111,0
pw,roboport,114,726177.28,0
pw,roboport,115,340545.13777778,0
pw,roboport,116,229057.86666667,0
pw,roboport,117,146660.88,0
pw,roboport,118,137223.37777778,0
pw,roboport,119,142162.03555556,0
pw,roboport,120,461771.87555556,0
pw,roboport,121,513472.21333333,0
pw,roboport,122,156812.49777778,0
pw,roboport,123,164545.13777778,0
pw,roboport,124,248916.67555556,0
pw,roboport,125,92072.915555556,0
pw,roboport,126,77913.191111111,0
pw,roboport,127,673471.14666667,0
pw,roboport,128,702329.74222222,0
pw,roboport,129,733384.81777778,0
pw,roboport,130,279162.61333333,0
pw,roboport,131,50302.084444444,0
pw,roboport,132,69598.382222222,0
pw,roboport,133,141638.88888889,0
pw,roboport,134,261465.74222222,0
pw,roboport,135,77044.213333333,0
pw,roboport,136,51528.933333333,0
pw,roboport,137,325737.28,0
pw,roboport,138,241939.00444444,0
pw,roboport,139,43055.555555556,0
pw,roboport,140,65936.342222222,0
pw,roboport,141,189218.86222222,0
pw,roboport,142,363899.30666667,0
pw,roboport,143,603570.63111111,0
pw,roboport,144,360805.90222222,0
pw,roboport,145,357442.13333333,0
pw,roboport,146,522609.95555556,0
pw,roboport,147,500340.26666667,0
pw,roboport,148,464152.78222222,0
pw,roboport,149,354587.84,0
pw,roboport,150,85831.368888889,0
pw,roboport,151,317635.05777778,0
pw,roboport,152,233955.32444444,0
pw,roboport,153,303783.57333333,0
pw,roboport,154,257959.48444444,0
pw,roboport,155,241645.95555556,0
pw,roboport,156,248570.82666667,0
pw,roboport,157,117157.75111111,0
pw,roboport,158,135323.26222222,0
pw,roboport,159,124100.69333333,0
pw,roboport,160,120928.47111111,0
pw,roboport,161,102638.77333333,0
pw,roboport,162,51594.906666667,0
pw,roboport,163,53312.386666667,0
pw,electric-mining-drill,1,1867063.3244444,0
pw,electric-mining-drill,2,1862167.8933333,0
pw,electric-mining-drill,3,1844778.8088889,0
pw,electric-mining-drill,4,1807821.9377778,0
pw,electric-mining-drill,5,1787194.0266667,0
pw,electric-mining-drill,6,1832000.4266667,0
pw,electric-mining-drill,7,1875340.8,0
pw,electric-mining-drill,8,1876241.92,0
pw,electric-mining-drill,9,1769346.2755556,0
pw,electric-mining-drill,10,1815823.0755556,0
pw,electric-mining-drill,11,1877878.7555556,0
pw,electric-mining-drill,12,1880414.8622222,0
pw,electric-mining-drill,13,1876546.8444444,0
pw,electric-mining-drill,14,1870109.44,0
pw,electric-mining-drill,15,1868737.28,0
pw,electric-mining-drill,16,1868583.9644444,0
pw,electric-mining-drill,17,1868381.0133333,0
pw,electric-mining-drill,18,1867281.2088889,0
pw,electric-mining-drill,19,1864083.4844444,0
pw,electric-mining-drill,20,1866614.6133333,0
pw,electric-mining-drill,21,1866819.1288889,0
pw,electric-mining-drill,22,1872034.8444444,0
pw,electric-mining-drill,23,1880770.2755556,0
pw,electric-mining-drill,24,1885347.2711111,0
pw,electric-mining-drill,25,1888613.9733333,0
pw,electric-mining-drill,26,1894084.9777778,0
pw,electric-mining-drill,27,1894926.08,0
pw,electric-mining-drill,28,1893621.9022222,0
pw,electric-mining-drill,29,1894690.2755556,0
pw,electric-mining-drill,30,1894853.9733333,0
pw,electric-mining-drill,31,1911237.9733333,0
pw,electric-mining-drill,32,1886691.84,0
pw,electric-mining-drill,33,1902152.8177778,0
pw,electric-mining-drill,34,1882390.8977778,0
pw,electric-mining-drill,35,1881719.1822222,0
pw,electric-mining-drill,36,1889310.0088889,0
pw,electric-mining-drill,37,1892250.4533333,0
pw,electric-mining-drill,38,1894983.5377778,0
pw,electric-mining-drill,39,1895102.4355556,0
pw,electric-mining-drill,40,1898661.4044444,0
pw,electric-mining-drill,41,1903646.0088889,0
pw,electric-mining-drill,42,1892053.76,0
pw,electric-mining-drill,43,1908042.8088889,0
pw,electric-mining-drill,44,1905031.5377778,0
pw,electric-mining-drill,45,1911842.1333333,0
pw,electric-mining-drill,46,1912817.92,0
pw,electric-mining-drill,47,1911651.5555556,0
pw,electric-mining-drill,48,1916743.68,0
pw,electric-mining-drill,49,1921583.0755556,0
pw,electric-mining-drill,50,1912375.3244444,0
pw,electric-mining-drill,51,1911209.5288889,0
pw,electric-mining-drill,52,1903906.7022222,0
pw,electric-mining-drill,53,1900361.1022222,0
pw,electric-mining-drill,54,1909560.0355556,0
pw,electric-mining-drill,55,1911086.2222222,0
pw,electric-mining-drill,56,1913864.3911111,0
pw,electric-mining-drill,57,1921581.5111111,0
pw,electric-mining-drill,58,1922430.4355556,0
pw,electric-mining-drill,59,1925989.4044444,0
pw,electric-mining-drill,60,1928396.9422222,0
pw,electric-mining-drill,61,1925081.0311111,0
pw,electric-mining-drill,62,1925739.9466667,0
pw,electric-mining-drill,63,1926842.7377778,0
pw,electric-mining-drill,64,1922088.96,0
pw,electric-mining-drill,65,1918284.3733333,0
pw,electric-mining-drill,66,1911696.2133333,0
pw,electric-mining-drill,67,1900620.6577778,0
pw,electric-mining-drill,68,1871154.2044444,0
pw,electric-mining-drill,69,1844180.48,0
pw,electric-mining-drill,70,1812001.7066667,0
pw,electric-mining-drill,71,1805839.6444444,0
pw,electric-mining-drill,72,1813246.8622222,0
pw,electric-mining-drill,73,1834903.6088889,0
pw,electric-mining-drill,74,1837954.8444444,0
pw,electric-mining-drill,75,1840443.5911111,0
pw,electric-mining-drill,76,1838893.0844444,0
pw,electric-mining-drill,77,1843984.3555556,0
pw,electric-mining-drill,78,1850383.0755556,0
pw,electric-mining-drill,79,1853941.0488889,0
pw,electric-mining-drill,80,1848968.8177778,0
pw,electric-mining-drill,81,1850466.7022222,0
pw,electric-mining-drill,82,1843334.5422222,0
pw,electric-mining-drill,83,1835762.3466667,0
pw,electric-mining-drill,84,1839582.4355556,0
pw,electric-mining-drill,85,1854722.56,0
pw,electric-mining-drill,86,1872343.3244444,0
pw,electric-mining-drill,87,1889741.5111111,0
pw,electric-mining-drill,88,1899272.2488889,0
pw,electric-mining-drill,89,1914318.08,0
pw,electric-mining-drill,90,1923655.2533333,0
pw,electric-mining-drill,91,1932786.9155556,0
pw,electric-mining-drill,92,1930680.8888889,0
pw,electric-mining-drill,93,1936414.4355556,0
pw,electric-mining-drill,94,1936246.6133333,0
pw,electric-mining-drill,95,1922066.9155556,0
pw,electric-mining-drill,96,1920492.5155556,0
pw,electric-mining-drill,97,1924786.4888889,0
pw,electric-mining-drill,98,1924732.4444444,0
pw,electric-mining-drill,99,1923013.12,0
pw,electric-mining-drill,100,1921422.6488889,0
pw,electric-mining-drill,101,1916710.2577778,0
pw,electric-mining-drill,102,1915557.6888889,0
pw,electric-mining-drill,103,1910692.9777778,0
pw,electric-mining-drill,104,1910576.2133333,0
pw,electric-mining-drill,105,1913822.72,0
pw,electric-mining-drill,106,1916200.6755556,0
pw,electric-mining-drill,107,1923559.9644444,0
pw,electric-mining-drill,108,1927720.6755556,0
pw,electric-mining-drill,109,1923759.6444444,0
pw,electric-mining-drill,110,1924708.2666667,0
pw,electric-mining-drill,111,1925052.8711111,0
pw,electric-mining-drill,112,1914518.7555556,0
pw,electric-mining-drill,113,1864740.1244444,0
pw,electric-mining-drill,114,1874434.8444444,0
pw,electric-mining-drill,115,1894866.4888889,0
pw,electric-mining-drill,116,1908782.2222222,0
pw,electric-mining-drill,117,1922833.3511111,0
pw,electric-mining-drill,118,1920415.5733333,0
pw,electric-mining-drill,119,1917490.2044444,0
pw,electric-mining-drill,120,1852058.5955556,0
pw,electric-mining-drill,121,1798249.5288889,0
pw,electric-mining-drill,122,1797109.3333333,0
pw,electric-mining-drill,123,1799905.1377778,0
pw,electric-mining-drill,124,1758377.6711111,0
pw,electric-mining-drill,125,1688415.8577778,0
pw,electric-mining-drill,126,1659422.1511111,0
pw,electric-mining-drill,127,1652923.8755556,0
pw,electric-mining-drill,128,1515986.9155556,0
pw,electric-mining-drill,129,1494275.1288889,0
pw,electric-mining-drill,130,1481722.88,0
pw,electric-mining-drill,131,1486563.5555556,0
pw,electric-mining-drill,132,1548630.1866667,0
pw,electric-mining-drill,133,1508274.6311111,0
pw,electric-mining-drill,134,1485337.4577778,0
pw,electric-mining-drill,135,1482937.3155556,0
pw,electric-mining-drill,136,1484383.7155556,0
pw,electric-mining-drill,137,1487546.88,0
pw,electric-mining-drill,138,1489702.9688889,0
pw,electric-mining-drill,139,1487021.9377778,0
pw,electric-mining-drill,140,1473241.8844444,0
pw,electric-mining-drill,141,1450877.44,0
pw,electric-mining-drill,142,1414073.6,0
pw,electric-mining-drill,143,1366842.88,0
pw,electric-mining-drill,144,1265497.8844444,0
pw,electric-mining-drill,145,1269496.32,0
pw,electric-mining-drill,146,1028047.0755556,0
pw,electric-mining-drill,147,958405.68888889,0
pw,electric-mining-drill,148,958530.48888889,0
pw,electric-mining-drill,149,893914.66666667,0
pw,electric-mining-drill,150,857498.73777778,0
pw,electric-mining-drill,151,970220.23111111,0
pw,electric-mining-drill,152,961675.02222222,0
pw,electric-mining-drill,153,720108.23111111,0
pw,electric-mining-drill,154,668936.17777778,0
pw,electric-mining-drill,155,658093.22666667,0
pw,electric-mining-drill,156,620473.52888889,0
pw,electric-mining-drill,157,681724.16,0
pw,electric-mining-drill,158,676071.89333333,0
pw,electric-mining-drill,159,498830.18666667,0
pw,electric-mining-drill,160,486943.96444444,0
pw,electric-mining-drill,161,412566.75555556,0
pw,electric-mining-drill,162,399602.91555556,0
pw,electric-mining-drill,163,399588.33777778,0
pw,electric-mining-drill,164,392256.03555556,0
pw,electric-mining-drill,165,389872.71111111,0
pw,electric-mining-drill,166,384889.38666667,0
pw,electric-mining-drill,167,372498.13333333,0
pw,electric-mining-drill,168,380371.23555556,0
pw,electric-mining-drill,169,421087.28888889,0
pw,electric-mining-drill,170,403600.35555556,0
pw,electric-mining-drill,171,353590.18666667,0
pw,electric-mining-drill,172,356343.75111111,0
pw,electric-mining-drill,173,369981.83111111,0
pw,electric-mining-drill,174,355791.04,0
pw,electric-mining-drill,175,374911.04,0
pw,electric-mining-drill,176,358791.46666667,0
pw,electric-mining-drill,177,378867.30666667,0
pw,electric-mining-drill,178,356525.33333333,0
pw,electric-mining-drill,179,345493.83111111,0
pw,electric-mining-drill,180,296929.15555556,0
pw,electric-mining-drill,181,260915.09333333,0
pw,electric-mining-drill,182,236802.64888889,0
pw,electric-mining-drill,183,232507.50222222,0
pw,electric-mining-drill,184,175542.18666667,0
pw,electric-mining-drill,185,171119.59111111,0
pw,electric-mining-drill,186,136036.32,0
pw,electric-mining-drill,187,114975.20888889,0
pw,electric-mining-drill,188,115603.53777778,0
pw,electric-mining-drill,189,113912.71111111,0
pw,electric-mining-drill,190,114289.97333333,0
pw,electric-mining-drill,191,98789.955555556,0
pw,electric-mining-drill,192,74127.888888889,0
pw,electric-mining-drill,193,56296.226666667,0
pw,electric-mining-drill,194,29622.208888889,0
pw,electric-mining-drill,195,20488.788888889,0
pw,electric-mining-drill,196,562.09083333333,0
pw,pumpjack,1,25986.666666667,0
pw,pumpjack,2,27653.957777778,0
pw,pumpjack,3,25909.375555556,0
pw,pumpjack,4,25785.208888889,0
pw,pumpjack,5,24620.417777778,0
pw,pumpjack,6,23926.042222222,0
pw,pumpjack,7,21845.833333333,0
pw,pumpjack,8,21946.255555556,0
pw,pumpjack,9,21800.577777778,0
pw,pumpjack,10,20359.282222222,0
pw,pumpjack,11,20651.457777778,0
pw,pumpjack,12,21217.084444444,0
pw,pumpjack,13,21525.417777778,0
pw,pumpjack,14,22102.5,0
pw,pumpjack,15,22217.915555556,0
pw,pumpjack,16,22688.333333333,0
pw,pumpjack,17,23170.417777778,0
pw,pumpjack,18,23558.542222222,0
pw,pumpjack,19,23507.084444444,0
pw,pumpjack,20,24781.875555556,0
pw,pumpjack,21,25685,0
pw,pumpjack,22,25741.666666667,0
pw,pumpjack,23,25688.957777778,0
pw,pumpjack,24,25669.166666667,0
pw,pumpjack,25,25650.208888889,0
pw,pumpjack,26,25697.291111111,0
pw,pumpjack,27,25646.457777778,0
pw,pumpjack,28,25613.751111111,0
pw,pumpjack,29,25633.957777778,0
pw,pumpjack,30,25605.417777778,0
pw,pumpjack,31,25571.042222222,0
pw,pumpjack,32,25368.791111111,0
pw,pumpjack,33,25549.086666667,0
pw,pumpjack,34,25552.097777778,0
pw,pumpjack,35,25508.751111111,0
pw,pumpjack,36,25613.957777778,0
pw,pumpjack,37,25551.248888889,0
pw,pumpjack,38,25445.417777778,0
pw,pumpjack,39,25473.333333333,0
pw,pumpjack,40,25517.915555556,0
pw,pumpjack,41,25321.677777778,0
pw,pumpjack,42,24700.62,0
pw,pumpjack,43,23171.457777778,0
pw,pumpjack,44,23311.042222222,0
pw,pumpjack,45,25168.124444444,0
pw,pumpjack,46,25376.875555556,0
pw,pumpjack,47,25466.666666667,0
pw,pumpjack,48,25356.666666667,0
pw,pumpjack,49,25371.248888889,0
pw,pumpjack,50,25290.833333333,0
pw,pumpjack,51,25128.751111111,0
pw,pumpjack,52,24229.166666667,0
pw,pumpjack,53,23937.5,0
pw,pumpjack,54,24221.875555556,0
pw,pumpjack,55,24249.791111111,0
pw,pumpjack,56,24292.915555556,0
pw,pumpjack,57,25044.375555556,0
pw,pumpjack,58,25280.417777778,0
pw,pumpjack,59,25268.333333333,0
pw,pumpjack,60,25278.124444444,0
pw,pumpjack,61,25152.291111111,0
pw,pumpjack,62,25208.957777778,0
pw,pumpjack,63,25271.666666667,0
pw,pumpjack,64,24560.208888889,0
pw,pumpjack,65,24946.457777778,0
pw,pumpjack,66,24385.208888889,0
pw,pumpjack,67,24082.708888889,0
pw,pumpjack,68,23097.5,0
pw,pumpjack,69,22906.042222222,0
pw,pumpjack,70,22220.208888889,0
pw,pumpjack,71,22662.5,0
pw,pumpjack,72,22556.666666667,0
pw,pumpjack,73,21763.957777778,0
pw,pumpjack,74,21437.708888889,0
pw,pumpjack,75,21735,0
pw,pumpjack,76,21267.084444444,0
pw,pumpjack,77,21363.751111111,0
pw,pumpjack,78,21274.166666667,0
pw,pumpjack,79,20934.375555556,0
pw,pumpjack,80,20553.333333333,0
pw,pumpjack,81,21323.542222222,0
pw,pumpjack,82,20654.166666667,0
pw,pumpjack,83,21680.833333333,0
pw,pumpjack,84,23999.582222222,0
pw,pumpjack,85,24997.084444444,0
pw,pumpjack,86,24997.915555556,0
pw,pumpjack,87,24967.5,0
pw,pumpjack,88,24992.5,0
pw,pumpjack,89,24972.291111111,0
pw,pumpjack,90,24965,0
pw,pumpjack,91,24943.751111111,0
pw,pumpjack,92,24895.624444444,0
pw,pumpjack,93,24988.333333333,0
pw,pumpjack,94,24839.166666667,0
pw,pumpjack,95,24905.833333333,0
pw,pumpjack,96,24866.875555556,0
pw,pumpjack,97,24885.417777778,0
pw,pumpjack,98,24849.582222222,0
pw,pumpjack,99,24813.542222222,0
pw,pumpjack,100,24879.375555556,0
pw,pumpjack,101,24802.291111111,0
pw,pumpjack,102,24849.166666667,0
pw,pumpjack,103,24775,0
pw,pumpjack,104,24775.624444444,0
pw,pumpjack,105,24820.417777778,0
pw,pumpjack,106,24741.042222222,0
pw,pumpjack,107,24778.751111111,0
pw,pumpjack,108,24745.417777778,0
pw,pumpjack,109,24701.248888889,0
pw,pumpjack,110,24759.166666667,0
pw,pumpjack,111,24688.751111111,0
pw,pumpjack,112,24806.042222222,0
pw,pumpjack,113,24724.251111111,0
pw,pumpjack,114,35736.431111111,0
pw,pumpjack,115,16895.402222222,0
pw,pumpjack,116,15000,0
pw,pumpjack,117,15000,0
pw,pumpjack,118,15000,0
pw,pumpjack,119,15000,0
pw,pumpjack,120,15000,0
pw,pumpjack,121,15000,0
pw,pumpjack,122,15000,0
pw,pumpjack,123,15000,0
pw,pumpjack,124,15000,0
pw,pumpjack,125,15000,0
pw,pumpjack,126,15000,0
pw,pumpjack,127,15000,0
pw,pumpjack,128,15000,0
pw,pumpjack,129,15000,0
pw,pumpjack,130,15000,0
pw,pumpjack,131,15000,0
pw,pumpjack,132,15000,0
pw,pumpjack,133,15000,0
pw,pumpjack,134,15000,0
pw,pumpjack,135,15000,0
pw,pumpjack,136,15000,0
pw,pumpjack,137,15000,0
pw,pumpjack,138,15000,0
pw,pumpjack,139,15000,0
pw,pumpjack,140,15000,0
pw,pumpjack,141,15000,0
pw,pumpjack,142,14703.75,0
pw,pumpjack,143,14022.916666667,0
pw,pumpjack,144,13685.208888889,0
pw,pumpjack,145,4040.625,0
pw,pumpjack,146,11693.333333333,0
pw,pumpjack,147,15000,0
pw,pumpjack,148,14989.791111111,0
pw,pumpjack,149,10946.042222222,0
pw,pumpjack,150,5046.0416666667,0
pw,pumpjack,151,5043.5416666667,0
pw,pumpjack,152,5085,0
pw,pumpjack,153,5052.2916666667,0
pw,pumpjack,154,5081.4583333333,0
pw,pumpjack,155,5056.4583333333,0
pw,pumpjack,156,5082.0833333333,0
pw,pumpjack,157,5069.1666666667,0
pw,pumpjack,158,5053.3333333333,0
pw,pumpjack,159,5080.625,0
pw,pumpjack,160,5032.5,0
pw,pumpjack,161,5052.0433333333,0
pw,pumpjack,162,5062.9166666667,0
pw,pumpjack,163,5062.0833333333,0
pw,pumpjack,164,5072.9166666667,0
pw,pumpjack,165,5227.7083333333,0
pw,pumpjack,166,5037.7083333333,0
pw,pumpjack,167,5069.1666666667,0
pw,pumpjack,168,5031.0416666667,0
pw,pumpjack,169,5546.6666666667,0
pw,pumpjack,170,5554.375,0
pw,pumpjack,171,5547.5,0
pw,pumpjack,172,5550,0
pw,pumpjack,173,5539.375,0
pw,pumpjack,174,7218.1805555556,0
pw,pumpjack,175,820.08333333333,0
pw,assembling-machine-1,1,41.666666666667,0
pw,assembling-machine-1,2,41.666666666667,0
pw,assembling-machine-1,3,41.666666666667,0
pw,assembling-machine-1,4,41.666666666667,0
pw,assembling-machine-1,5,41.666666666667,0
pw,assembling-machine-1,6,41.666666666667,0
pw,assembling-machine-1,7,41.666666666667,0
pw,assembling-machine-1,8,41.667547743056,0
pw,assembling-machine-1,9,41.665785590278,0
pw,assembling-machine-1,10,41.666666666667,0
pw,assembling-machine-1,11,41.666666666667,0
pw,assembling-machine-1,12,41.666666666667,0
pw,assembling-machine-1,13,41.666666666667,0
pw,assembling-machine-1,14,41.666666666667,0
pw,assembling-machine-1,15,41.666666666667,0
pw,assembling-machine-1,16,41.666666666667,0
pw,assembling-machine-1,17,41.666666666667,0
pw,assembling-machine-1,18,41.666666666667,0
pw,assembling-machine-1,19,41.666666666667,0
pw,assembling-machine-1,20,41.666666666667,0
pw,assembling-machine-1,21,41.666666666667,0
pw,assembling-machine-1,22,41.666666666667,0
pw,assembling-machine-1,23,41.666666666667,0
pw,assembling-machine-1,24,41.666666666667,0
pw,assembling-machine-1,25,41.666666666667,0
pw,assembling-machine-1,26,41.666666666667,0
pw,assembling-machine-1,27,41.666666666667,0
pw,assembling-machine-1,28,41.666666666667,0
pw,assembling-machine-1,29,41.666666666667,0
pw,assembling-machine-1,30,41.666666666667,0
pw,assembling-machine-1,31,41.666666666667,0
pw,assembling-machine-1,32,41.667248263889,0
pw,assembling-machine-1,33,41.666089409722,0
pw,assembling-machine-1,34,41.666666666667,0
pw,assembling-machine-1,35,41.666666666667,0
pw,assembling-machine-1,36,41.666666666667,0
pw,assembling-machine-1,37,41.666666666667,0
pw,assembling-machine-1,38,41.666666666667,0
pw,assembling-machine-1,39,41.666666666667,0
pw,assembling-machine-1,40,41.666666666667,0
pw,assembling-machine-1,41,41.666666666667,0
pw,assembling-machine-1,42,41.666666666667,0
pw,assembling-machine-1,43,41.666666666667,0
pw,assembling-machine-1,44,41.666666666667,0
pw,assembling-machine-1,45,41.666666666667,0
pw,assembling-machine-1,46,41.666666666667,0
pw,assembling-machine-1,47,41.666666666667,0
pw,assembling-machine-1,48,41.666666666667,0
pw,assembling-machine-1,49,41.666666666667,0
pw,assembling-machine-1,50,41.666666666667,0
pw,assembling-machine-1,51,41.666666666667,0
pw,assembling-machine-1,52,41.666666666667,0
pw,assembling-machine-1,53,41.666666666667,0
pw,assembling-machine-1,54,41.666666666667,0
pw,assembling-machine-1,55,41.666666666667,0
pw,assembling-machine-1,56,41.666666666667,0
pw,assembling-machine-1,57,41.666666666667,0
pw,assembling-machine-1,58,41.666666666667,0
pw,assembling-machine-1,59,41.666666666667,0
pw,assembling-machine-1,60,41.666666666667,0
pw,assembling-machine-1,61,41.666666666667,0
pw,assembling-machine-1,62,41.666666666667,0
pw,assembling-machine-1,63,41.666666666667,0
pw,assembling-machine-1,64,41.666666666667,0
pw,assembling-machine-1,65,41.666666666667,0
pw,assembling-machine-1,66,41.666666666667,0
pw,assembling-machine-1,67,41.666666666667,0
pw,assembling-machine-1,68,41.666666666667,0
pw,assembling-machine-1,69,41.666666666667,0
pw,assembling-machine-1,70,41.666666666667,0
pw,assembling-machine-1,71,41.666666666667,0
pw,assembling-machine-1,72,41.666666666667,0
pw,assembling-machine-1,73,41.666666666667,0
pw,assembling-machine-1,74,41.666666666667,0
pw,assembling-machine-1,75,41.666666666667,0
pw,assembling-machine-1,76,41.666666666667,0
pw,assembling-machine-1,77,41.666666666667,0
pw,assembling-machine-1,78,41.666666666667,0
pw,assembling-machine-1,79,41.666666666667,0
pw,assembling-machine-1,80,41.666666666667,0
pw,assembling-machine-1,81,41.666666666667,0
pw,assembling-machine-1,82,41.666666666667,0
pw,assembling-machine-1,83,41.666666666667,0
pw,assembling-machine-1,84,41.666666666667,0
pw,assembling-machine-1,85,41.666666666667,0
pw,assembling-machine-1,86,41.666666666667,0
pw,assembling-machine-1,87,41.666666666667,0
pw,assembling-machine-1,88,41.666666666667,0
pw,assembling-machine-1,89,41.666666666667,0
pw,assembling-machine-1,90,41.666666666667,0
pw,assembling-machine-1,91,41.666666666667,0
pw,assembling-machine-1,92,41.666666666667,0
pw,assembling-machine-1,93,41.666666666667,0
pw,assembling-machine-1,94,41.666666666667,0
pw,assembling-machine-1,95,41.666666666667,0
pw,assembling-machine-1,96,41.666666666667,0
pw,assembling-machine-1,97,41.666666666667,0
pw,assembling-machine-1,98,41.666666666667,0
pw,assembling-machine-1,99,41.666666666667,0
pw,assembling-machine-1,100,41.666666666667,0
pw,assembling-machine-1,101,41.666666666667,0
pw,assembling-machine-1,102,41.666666666667,0
pw,assembling-machine-1,103,41.666666666667,0
pw,assembling-machine-1,104,41.666666666667,0
pw,assembling-machine-1,105,41.666666666667,0
pw,assembling-machine-1,106,41.666666666667,0
pw,assembling-machine-1,107,41.666666666667,0
pw,assembling-machine-1,108,41.666666666667,0
pw,assembling-machine-1,109,41.666666666667,0
pw,assembling-machine-1,110,41.666666666667,0
pw,assembling-machine-1,111,41.666666666667,0
pw,assembling-machine-1,112,41.666666666667,0
pw,assembling-machine-1,113,41.666666666667,0
pw,assembling-machine-1,114,41.666666666667,0
pw,assembling-machine-1,115,41.666666666667,0
pw,assembling-machine-1,116,41.666666666667,0
pw,assembling-machine-1,117,41.666666666667,0
pw,assembling-machine-1,118,41.666666666667,0
pw,assembling-machine-1,119,41.666666666667,0
pw,assembling-machine-1,120,41.666666666667,0
pw,assembling-machine-1,121,41.666666666667,0
pw,assembling-machine-1,122,41.666666666667,0
pw,assembling-machine-1,123,41.666666666667,0
pw,assembling-machine-1,124,41.666666666667,0
pw,assembling-machine-1,125,41.666666666667,0
pw,assembling-machine-1,126,41.666666666667,0
pw,assembling-machine-1,127,41.666666666667,0
pw,assembling-machine-1,128,41.666666666667,0
pw,assembling-machine-1,129,41.666666666667,0
pw,assembling-machine-1,130,41.666666666667,0
pw,assembling-machine-1,131,41.666666666667,0
pw,assembling-machine-1,132,41.666666666667,0
pw,assembling-machine-1,133,41.666666666667,0
pw,assembling-machine-1,134,41.666666666667,0
pw,assembling-machine-1,135,41.666666666667,0
pw,assembling-machine-1,136,41.666666666667,0
pw,assembling-machine-1,137,41.666666666667,0
pw,assembling-machine-1,138,41.666666666667,0
pw,assembling-machine-1,139,41.666666666667,0
pw,assembling-machine-1,140,41.666666666667,0
pw,assembling-machine-1,141,52.083333333333,0
pw,assembling-machine-1,142,177.08333333333,0
pw,assembling-machine-1,143,187.5,0
pw,assembling-machine-1,144,177.08333333333,0
pw,assembling-machine-1,145,177.08333333333,0
pw,assembling-machine-1,146,177.08333333333,0
pw,assembling-machine-1,147,177.08333333333,0
pw,assembling-machine-1,148,187.5,0
pw,assembling-machine-1,149,177.08333333333,0
pw,assembling-machine-1,150,177.08333333333,0
pw,assembling-machine-1,151,177.08333333333,0
pw,assembling-machine-1,152,177.08333333333,0
pw,assembling-machine-1,153,41.666666666667,0
pw,assembling-machine-1,154,41.666666666667,0
pw,assembling-machine-1,155,41.666666666667,0
pw,assembling-machine-1,156,5990.5088888889,0
pw,assembling-machine-1,157,9083.3327777778,0
pw,assembling-machine-1,158,9083.3327777778,0
pw,assembling-machine-1,159,9083.3327777778,0
pw,assembling-machine-1,160,9406.25,0
pw,assembling-machine-1,161,9426.4233333333,0
pw,assembling-machine-1,162,9427.0833333333,0
pw,assembling-machine-1,163,9427.0833333333,0
pw,assembling-machine-1,164,9427.0833333333,0
pw,assembling-machine-1,165,9427.0833333333,0
pw,assembling-machine-1,166,9427.0833333333,0
pw,assembling-machine-1,167,9427.0833333333,0
pw,assembling-machine-1,168,9427.0833333333,0
pw,assembling-machine-1,169,9395.8333333333,0
pw,assembling-machine-1,170,9388.7144444444,0
pw,assembling-machine-1,171,9395.8333333333,0
pw,assembling-machine-1,172,9395.8333333333,0
pw,assembling-machine-1,173,9395.8333333333,0
pw,assembling-machine-1,174,9395.8333333333,0
pw,assembling-machine-1,175,9395.8333333333,0
pw,assembling-machine-1,176,9395.8333333333,0
pw,assembling-machine-1,177,12860.706666667,0
pw,assembling-machine-1,178,17145.834444444,0
pw,assembling-machine-1,179,19333.635555556,0
pw,assembling-machine-1,180,17940.624444444,0
pw,assembling-machine-1,181,15934.422222222,0
pw,assembling-machine-1,182,16278.625555556,0
pw,assembling-machine-1,183,16874.478888889,0
pw,assembling-machine-1,184,16776.562222222,0
pw,assembling-machine-1,185,18696.702222222,0
pw,assembling-machine-1,186,19314.582222222,0
pw,assembling-machine-1,187,51397.373333333,0
pw,assembling-machine-1,188,48818.217777778,0
pw,assembling-machine-1,189,25716.357777778,0
pw,assembling-machine-1,190,18908.853333333,0
pw,assembling-machine-1,191,15883.854444444,0
pw,assembling-machine-1,192,18013.223333333,0
pw,assembling-machine-1,193,16805.166666667,0
pw,assembling-machine-1,194,17471.701111111,0
pw,assembling-machine-1,195,9306.0544444444,0
pw,assembling-machine-1,196,10876.52,0
pw,assembling-machine-1,197,5868.5266666667,0
pw,assembling-machine-2,1,2031811.9822222,0
pw,assembling-machine-2,2,2060495.6444444,0
pw,assembling-machine-2,3,2076831.5733333,0
pw,assembling-machine-2,4,2037219.4133333,0
pw,assembling-machine-2,5,1940625.2088889,0
pw,assembling-machine-2,6,1879340.2311111,0
pw,assembling-machine-2,7,1882551.7511111,0
pw,assembling-machine-2,8,1936336.9244444,0
pw,assembling-machine-2,9,1821386.5244444,0
pw,assembling-machine-2,10,1825946.0266667,0
pw,assembling-machine-2,11,1877454.3644444,0
pw,assembling-machine-2,12,1944530.0622222,0
pw,assembling-machine-2,13,2027191.4666667,0
pw,assembling-machine-2,14,2038629.12,0
pw,assembling-machine-2,15,2043520.4266667,0
pw,assembling-machine-2,16,2049054.5777778,0
pw,assembling-machine-2,17,2057818.1688889,0
pw,assembling-machine-2,18,2062259.3422222,0
pw,assembling-machine-2,19,2067637.0488889,0
pw,assembling-machine-2,20,2066492.8711111,0
pw,assembling-machine-2,21,2076015.36,0
pw,assembling-machine-2,22,2093355.0933333,0
pw,assembling-machine-2,23,2108571.8755556,0
pw,assembling-machine-2,24,2130186.0977778,0
pw,assembling-machine-2,25,2118747.0222222,0
pw,assembling-machine-2,26,2114591.5733333,0
pw,assembling-machine-2,27,2112847.2177778,0
pw,assembling-machine-2,28,2112504.4622222,0
pw,assembling-machine-2,29,2114028.6577778,0
pw,assembling-machine-2,30,2108972.0888889,0
pw,assembling-machine-2,31,2116084.48,0
pw,assembling-machine-2,32,2113855.7155556,0
pw,assembling-machine-2,33,2168005.6888889,0
pw,assembling-machine-2,34,2149717.1911111,0
pw,assembling-machine-2,35,2173809.92,0
pw,assembling-machine-2,36,2176251.0222222,0
pw,assembling-machine-2,37,2178325.4755556,0
pw,assembling-machine-2,38,2178179.2711111,0
pw,assembling-machine-2,39,2174469.2622222,0
pw,assembling-machine-2,40,2182760.2488889,0
pw,assembling-machine-2,41,2164621.6533333,0
pw,assembling-machine-2,42,2133161.9555556,0
pw,assembling-machine-2,43,2113724.5866667,0
pw,assembling-machine-2,44,2119648,0
pw,assembling-machine-2,45,2134825.2444444,0
pw,assembling-machine-2,46,2150080.1422222,0
pw,assembling-machine-2,47,2153869.7955556,0
pw,assembling-machine-2,48,2159604.6222222,0
pw,assembling-machine-2,49,2187889.92,0
pw,assembling-machine-2,50,2195563.9466667,0
pw,assembling-machine-2,51,2119229.44,0
pw,assembling-machine-2,52,2080667.5911111,0
pw,assembling-machine-2,53,2075708.4444444,0
pw,assembling-machine-2,54,2082137.6,0
pw,assembling-machine-2,55,2088174.2222222,0
pw,assembling-machine-2,56,2094771.9111111,0
pw,assembling-machine-2,57,2124964.6933333,0
pw,assembling-machine-2,58,2179365.9733333,0
pw,assembling-machine-2,59,2256381.5822222,0
pw,assembling-machine-2,60,2213884.5866667,0
pw,assembling-machine-2,61,2211097.6,0
pw,assembling-machine-2,62,2219615.2888889,0
pw,assembling-machine-2,63,2244982.3288889,0
pw,assembling-machine-2,64,2257888.7111111,0
pw,assembling-machine-2,65,2261216.4266667,0
pw,assembling-machine-2,66,2249056.5688889,0
pw,assembling-machine-2,67,2259021.6533333,0
pw,assembling-machine-2,68,2278550.8977778,0
pw,assembling-machine-2,69,2195129.3155556,0
pw,assembling-machine-2,70,2296379.7333333,0
pw,assembling-machine-2,71,2339596.3733333,0
pw,assembling-machine-2,72,2315194.7377778,0
pw,assembling-machine-2,73,2298389.4755556,0
pw,assembling-machine-2,74,2301498.4533333,0
pw,assembling-machine-2,75,2332974.6488889,0
pw,assembling-machine-2,76,2330031.2177778,0
pw,assembling-machine-2,77,2334127.36,0
pw,assembling-machine-2,78,2333299.7688889,0
pw,assembling-machine-2,79,2349211.3066667,0
pw,assembling-machine-2,80,2345945.8844444,0
pw,assembling-machine-2,81,2350389.76,0
pw,assembling-machine-2,82,2356652.6577778,0
pw,assembling-machine-2,83,2277932.2311111,0
pw,assembling-machine-2,84,2267129.1733333,0
pw,assembling-machine-2,85,2266818.56,0
pw,assembling-machine-2,86,2333917.2977778,0
pw,assembling-machine-2,87,2370604.6577778,0
pw,assembling-machine-2,88,2370532.6933333,0
pw,assembling-machine-2,89,2394339.2711111,0
pw,assembling-machine-2,90,2424190.5777778,0
pw,assembling-machine-2,91,2454593.4222222,0
pw,assembling-machine-2,92,2474661.5466667,0
pw,assembling-machine-2,93,2495764.1955556,0
pw,assembling-machine-2,94,2518074.3111111,0
pw,assembling-machine-2,95,2483494.6844444,0
pw,assembling-machine-2,96,2471728.64,0
pw,assembling-machine-2,97,2478012.8711111,0
pw,assembling-machine-2,98,2474666.9511111,0
pw,assembling-machine-2,99,2479457.5644444,0
pw,assembling-machine-2,100,2599238.5422222,0
pw,assembling-machine-2,101,2579914.24,0
pw,assembling-machine-2,102,2533028.1244444,0
pw,assembling-machine-2,103,2503001.3155556,0
pw,assembling-machine-2,104,2509993.2444444,0
pw,assembling-machine-2,105,2521247.0044444,0
pw,assembling-machine-2,106,2521239.6088889,0
pw,assembling-machine-2,107,2527214.9333333,0
pw,assembling-machine-2,108,2536335.6444444,0
pw,assembling-machine-2,109,2526672.4977778,0
pw,assembling-machine-2,110,2524836.6933333,0
pw,assembling-machine-2,111,2540584.6755556,0
pw,assembling-machine-2,112,2554824.8177778,0
pw,assembling-machine-2,113,2540727.4666667,0
pw,assembling-machine-2,114,2220856.7466667,0
pw,assembling-machine-2,115,2231206.8266667,0
pw,assembling-machine-2,116,2467921.0666667,0
pw,assembling-machine-2,117,2471111.68,0
pw,assembling-machine-2,118,2465037.9377778,0
pw,assembling-machine-2,119,2440817.4933333,0
pw,assembling-machine-2,120,2448269.9377778,0
pw,assembling-machine-2,121,2459156.1955556,0
pw,assembling-machine-2,122,2452993.9911111,0
pw,assembling-machine-2,123,2398794.24,0
pw,assembling-machine-2,124,2306239.5733333,0
pw,assembling-machine-2,125,2124506.5955556,0
pw,assembling-machine-2,126,2004823.1822222,0
pw,assembling-machine-2,127,1933755.7333333,0
pw,assembling-machine-2,128,1900058.1688889,0
pw,assembling-machine-2,129,1905138.9155556,0
pw,assembling-machine-2,130,1913941.6177778,0
pw,assembling-machine-2,131,1909407.7155556,0
pw,assembling-machine-2,132,1925876.48,0
pw,assembling-machine-2,133,1950650.1688889,0
pw,assembling-machine-2,134,1935783.68,0
pw,assembling-machine-2,135,1962702.6488889,0
pw,assembling-machine-2,136,1955927.1822222,0
pw,assembling-machine-2,137,1965575.1111111,0
pw,assembling-machine-2,138,1939710.0088889,0
pw,assembling-machine-2,139,1971596.5155556,0
pw,assembling-machine-2,140,2003121.92,0
pw,assembling-machine-2,141,1914999.8933333,0
pw,assembling-machine-2,142,1493539.2711111,0
pw,assembling-machine-2,143,1196862.72,0
pw,assembling-machine-2,144,992221.65333333,0
pw,assembling-machine-2,145,753948.87111111,0
pw,assembling-machine-2,146,835479.39555556,0
pw,assembling-machine-2,147,851777.28,0
pw,assembling-machine-2,148,828978.34666667,0
pw,assembling-machine-2,149,779953.63555556,0
pw,assembling-machine-2,150,770934.18666667,0
pw,assembling-machine-2,151,773137.49333333,0
pw,assembling-machine-2,152,758644.90666667,0
pw,assembling-machine-2,153,719646.64888889,0
pw,assembling-machine-2,154,683735.25333333,0
pw,assembling-machine-2,155,625821.08444444,0
pw,assembling-machine-2,156,521723.66222222,0
pw,assembling-machine-2,157,470489.56444444,0
pw,assembling-machine-2,158,429177.17333333,0
pw,assembling-machine-2,159,439791.64444444,0
pw,assembling-machine-2,160,446730.91555556,0
pw,assembling-machine-2,161,458966.04444444,0
pw,assembling-machine-2,162,442249.99111111,0
pw,assembling-machine-2,163,450027.09333333,0
pw,assembling-machine-2,164,422574.89777778,0
pw,assembling-machine-2,165,383376.71111111,0
pw,assembling-machine-2,166,374647.64444444,0
pw,assembling-machine-2,167,254132.42666667,0
pw,assembling-machine-2,168,166201.44,0
pw,assembling-machine-2,169,142118.52444444,0
pw,assembling-machine-2,170,138635.76,0
pw,assembling-machine-2,171,125613.89333333,0
pw,assembling-machine-2,172,128971.87555556,0
pw,assembling-machine-2,173,131415.97333333,0
pw,assembling-machine-2,174,134072.56888889,0
pw,assembling-machine-2,175,134711.11111111,0
pw,assembling-machine-2,176,133259.54666667,0
pw,assembling-machine-2,177,123401.85777778,0
pw,assembling-machine-2,178,120802.20444444,0
pw,assembling-machine-2,179,104804.42666667,0
pw,assembling-machine-2,180,97472.568888889,0
pw,assembling-machine-2,181,93081.982222222,0
pw,assembling-machine-2,182,96171.395555556,0
pw,assembling-machine-2,183,91826.195555556,0
pw,assembling-machine-2,184,89289.928888889,0
pw,assembling-machine-2,185,90937.848888889,0
pw,assembling-machine-2,186,91327.084444444,0
pw,assembling-machine-2,187,25630.768888889,0
pw,assembling-machine-3,1,1637708.0888889,0
pw,assembling-machine-3,2,1680470.7555556,0
pw,assembling-machine-3,3,1684329.2444444,0
pw,assembling-machine-3,4,1692002.2755556,0
pw,assembling-machine-3,5,1612483.9822222,0
pw,assembling-machine-3,6,1600160.7111111,0
pw,assembling-machine-3,7,1659152.4977778,0
pw,assembling-machine-3,8,1749140.0533333,0
pw,assembling-machine-3,9,1596237.9377778,0
pw,assembling-machine-3,10,1155059.9111111,0
pw,assembling-machine-3,11,1010660.4088889,0
pw,assembling-machine-3,12,1400717.0844444,0
pw,assembling-machine-3,13,1793831.2533333,0
pw,assembling-machine-3,14,1674181.5466667,0
pw,assembling-machine-3,15,1375879.9644444,0
pw,assembling-machine-3,16,1374007.4666667,0
pw,assembling-machine-3,17,1439533.0844444,0
pw,assembling-machine-3,18,1559236.6933333,0
pw,assembling-machine-3,19,1325108.7644444,0
pw,assembling-machine-3,20,1343447.04,0
pw,assembling-machine-3,21,1595652.1244444,0
pw,assembling-machine-3,22,1665773.9377778,0
pw,assembling-machine-3,23,1662242.7022222,0
pw,assembling-machine-3,24,1659719.3955556,0
pw,assembling-machine-3,25,1619281.7777778,0
pw,assembling-machine-3,26,1616936.3911111,0
pw,assembling-machine-3,27,1612988.4444444,0
pw,assembling-machine-3,28,1627455.0044444,0
pw,assembling-machine-3,29,1632930.8444444,0
pw,assembling-machine-3,30,1628611.1288889,0
pw,assembling-machine-3,31,1711832.4622222,0
pw,assembling-machine-3,32,1569991.1111111,0
pw,assembling-machine-3,33,1488101.2622222,0
pw,assembling-machine-3,34,1459692.8,0
pw,assembling-machine-3,35,1499285.3333333,0
pw,assembling-machine-3,36,1527339.9466667,0
pw,assembling-machine-3,37,1542191.2177778,0
pw,assembling-machine-3,38,1591410.7733333,0
pw,assembling-machine-3,39,1594707.0577778,0
pw,assembling-machine-3,40,1625694.8622222,0
pw,assembling-machine-3,41,1636105.6711111,0
pw,assembling-machine-3,42,1527366.1155556,0
pw,assembling-machine-3,43,1529319.2533333,0
pw,assembling-machine-3,44,1403192.7466667,0
pw,assembling-machine-3,45,1386470.8266667,0
pw,assembling-machine-3,46,1383715.9822222,0
pw,assembling-machine-3,47,1368348.3022222,0
pw,assembling-machine-3,48,1417593.8844444,0
pw,assembling-machine-3,49,1461956.6933333,0
pw,assembling-machine-3,50,1436383.2888889,0
pw,assembling-machine-3,51,1057419.1644444,0
pw,assembling-machine-3,52,638507.80444444,0
pw,assembling-machine-3,53,669682.41777778,0
pw,assembling-machine-3,54,697607.60888889,0
pw,assembling-machine-3,55,712155.52,0
pw,assembling-machine-3,56,769980.08888889,0
pw,assembling-machine-3,57,963328.42666667,0
pw,assembling-machine-3,58,1158208.4266667,0
pw,assembling-machine-3,59,1420387.5555556,0
pw,assembling-machine-3,60,1417164.8,0
pw,assembling-machine-3,61,1354734.5066667,0
pw,assembling-machine-3,62,1355639.6088889,0
pw,assembling-machine-3,63,1365969.3511111,0
pw,assembling-machine-3,64,1376454.8266667,0
pw,assembling-machine-3,65,1412026.88,0
pw,assembling-machine-3,66,1414157.6533333,0
pw,assembling-machine-3,67,1427406.9333333,0
pw,assembling-machine-3,68,1424635.3066667,0
pw,assembling-machine-3,69,1432082.0622222,0
pw,assembling-machine-3,70,852380.01777778,0
pw,assembling-machine-3,71,522486.11555556,0
pw,assembling-machine-3,72,522903.64444444,0
pw,assembling-machine-3,73,635310.72,0
pw,assembling-machine-3,74,773333.90222222,0
pw,assembling-machine-3,75,805073.49333333,0
pw,assembling-machine-3,76,831933.79555556,0
pw,assembling-machine-3,77,874271.85777778,0
pw,assembling-machine-3,78,861808.71111111,0
pw,assembling-machine-3,79,769077.54666667,0
pw,assembling-machine-3,80,725657.24444444,0
pw,assembling-machine-3,81,755297.63555556,0
pw,assembling-machine-3,82,733303.96444444,0
pw,assembling-machine-3,83,488258.77333333,0
pw,assembling-machine-3,84,586212.65777778,0
pw,assembling-machine-3,85,620441.45777778,0
pw,assembling-machine-3,86,618225.13777778,0
pw,assembling-machine-3,87,620441.45777778,0
pw,assembling-machine-3,88,618225.13777778,0
pw,assembling-machine-3,89,620441.45777778,0
pw,assembling-machine-3,90,618225.13777778,0
pw,assembling-machine-3,91,620441.45777778,0
pw,assembling-machine-3,92,618225.13777778,0
pw,assembling-machine-3,93,620441.45777778,0
pw,assembling-machine-3,94,624303.07555556,0
pw,assembling-machine-3,95,649289.74222222,0
pw,assembling-machine-3,96,658044.44444444,0
pw,assembling-machine-3,97,658333.29777778,0
pw,assembling-machine-3,98,658150.04444444,0
pw,assembling-machine-3,99,492274.88,0
pw,oil-refinery,1,397833.35111111,0
pw,oil-refinery,2,397833.35111111,0
pw,oil-refinery,3,397833.35111111,0
pw,oil-refinery,4,397833.35111111,0
pw,oil-refinery,5,377402.09777778,0
pw,oil-refinery,6,369060.44444444,0
pw,oil-refinery,7,336029.19111111,0
pw,oil-refinery,8,334127.32444444,0
pw,oil-refinery,9,324054.82666667,0
pw,oil-refinery,10,316958.79111111,0
pw,oil-refinery,11,320818.77333333,0
pw,oil-refinery,12,325538.88,0
pw,oil-refinery,13,333880.56888889,0
pw,oil-refinery,14,343155.55555556,0
pw,oil-refinery,15,343826.38222222,0
pw,oil-refinery,16,351798.61333333,0
pw,oil-refinery,17,358647.92888889,0
pw,oil-refinery,18,363752.10666667,0
pw,oil-refinery,19,362483.34222222,0
pw,oil-refinery,20,383133.33333333,0
pw,oil-refinery,21,397833.35111111,0
pw,oil-refinery,22,397833.35111111,0
pw,oil-refinery,23,397833.35111111,0
pw,oil-refinery,24,397833.35111111,0
pw,oil-refinery,25,397833.35111111,0
pw,oil-refinery,26,397833.35111111,0
pw,oil-refinery,27,397833.35111111,0
pw,oil-refinery,28,397833.35111111,0
pw,oil-refinery,29,397833.35111111,0
pw,oil-refinery,30,397833.35111111,0
pw,oil-refinery,31,397833.35111111,0
pw,oil-refinery,32,391291.41333333,0
pw,oil-refinery,33,397304.32,0
pw,oil-refinery,34,394826.13333333,0
pw,oil-refinery,35,397833.35111111,0
pw,oil-refinery,36,397833.35111111,0
pw,oil-refinery,37,397833.35111111,0
pw,oil-refinery,38,397833.35111111,0
pw,oil-refinery,39,397833.35111111,0
pw,oil-refinery,40,397833.35111111,0
pw,oil-refinery,41,395218.70222222,0
pw,oil-refinery,42,383521.20888889,0
pw,oil-refinery,43,363635.41333333,0
pw,oil-refinery,44,361739.59111111,0
pw,oil-refinery,45,393560.42666667,0
pw,oil-refinery,46,397833.35111111,0
pw,oil-refinery,47,397833.35111111,0
pw,oil-refinery,48,397833.35111111,0
pw,oil-refinery,49,397833.35111111,0
pw,oil-refinery,50,397745.84888889,0
pw,oil-refinery,51,396404.16,0
pw,oil-refinery,52,378466.66666667,0
pw,oil-refinery,53,378116.69333333,0
pw,oil-refinery,54,380552.10666667,0
pw,oil-refinery,55,377970.84444444,0
pw,oil-refinery,56,381529.17333333,0
pw,oil-refinery,57,394435.41333333,0
pw,oil-refinery,58,397833.35111111,0
pw,oil-refinery,59,397833.35111111,0
pw,oil-refinery,60,397833.35111111,0
pw,oil-refinery,61,397833.35111111,0
pw,oil-refinery,62,397833.35111111,0
pw,oil-refinery,63,397541.68888889,0
pw,oil-refinery,64,387479.18222222,0
pw,oil-refinery,65,393006.25777778,0
pw,oil-refinery,66,385422.93333333,0
pw,oil-refinery,67,382433.35111111,0
pw,oil-refinery,68,366289.6,0
pw,oil-refinery,69,362711.82222222,0
pw,oil-refinery,70,351784.03555556,0
pw,oil-refinery,71,360631.25333333,0
pw,oil-refinery,72,357593.06666667,0
pw,oil-refinery,73,347170.84444444,0
pw,oil-refinery,74,342844.44444444,0
pw,oil-refinery,75,345765.97333333,0
pw,oil-refinery,76,337579.87555556,0
pw,oil-refinery,77,342440.99555556,0
pw,oil-refinery,78,339013.90222222,0
pw,oil-refinery,79,333394.45333333,0
pw,oil-refinery,80,330331.94666667,0
pw,oil-refinery,81,340900.01777778,0
pw,oil-refinery,82,329850.70222222,0
pw,oil-refinery,83,347355.55555556,0
pw,oil-refinery,84,381888.88888889,0
pw,oil-refinery,85,397833.35111111,0
pw,oil-refinery,86,397833.35111111,0
pw,oil-refinery,87,397833.35111111,0
pw,oil-refinery,88,397833.35111111,0
pw,oil-refinery,89,397833.35111111,0
pw,oil-refinery,90,397833.35111111,0
pw,oil-refinery,91,397833.35111111,0
pw,oil-refinery,92,397833.35111111,0
pw,oil-refinery,93,397833.35111111,0
pw,oil-refinery,94,397833.35111111,0
pw,oil-refinery,95,397833.35111111,0
pw,oil-refinery,96,397833.35111111,0
pw,oil-refinery,97,397833.35111111,0
pw,oil-refinery,98,397833.35111111,0
pw,oil-refinery,99,397833.35111111,0
pw,oil-refinery,100,397833.35111111,0
pw,oil-refinery,101,397833.35111111,0
pw,oil-refinery,102,397833.35111111,0
pw,oil-refinery,103,397833.35111111,0
pw,oil-refinery,104,397833.35111111,0
pw,oil-refinery,105,397833.35111111,0
pw,oil-refinery,106,397833.35111111,0
pw,oil-refinery,107,397833.35111111,0
pw,oil-refinery,108,397833.35111111,0
pw,oil-refinery,109,397833.35111111,0
pw,oil-refinery,110,397833.35111111,0
pw,oil-refinery,111,397833.35111111,0
pw,oil-refinery,112,397833.35111111,0
pw,oil-refinery,113,396382.25777778,0
pw,oil-refinery,114,388911.25333333,0
pw,oil-refinery,115,277946.66666667,0
pw,oil-refinery,116,277799.87555556,0
pw,oil-refinery,117,278535.84,0
pw,oil-refinery,118,278343.34222222,0
pw,oil-refinery,119,278419.18222222,0
pw,oil-refinery,120,278996.67555556,0
pw,oil-refinery,121,278720.56888889,0
pw,oil-refinery,122,279021.95555556,0
pw,oil-refinery,123,279637.36888889,0
pw,oil-refinery,124,278756.53333333,0
pw,oil-refinery,125,279734.59555556,0
pw,oil-refinery,126,279591.68,0
pw,oil-refinery,127,279753.06666667,0
pw,oil-refinery,128,280340.28444444,0
pw,oil-refinery,129,279718.06222222,0
pw,oil-refinery,130,280313.06666667,0
pw,oil-refinery,131,280241.12,0
pw,oil-refinery,132,280815.69777778,0
pw,oil-refinery,133,280980,0
pw,oil-refinery,134,280787.50222222,0
pw,oil-refinery,135,280989.72444444,0
pw,oil-refinery,136,281195.84,0
pw,oil-refinery,137,281373.76,0
pw,oil-refinery,138,283840.28444444,0
pw,oil-refinery,139,285759.44888889,0
pw,oil-refinery,140,315977.10222222,0
pw,oil-refinery,141,360101.40444444,0
pw,oil-refinery,142,287408.33777778,0
pw,oil-refinery,143,271045.83111111,0
pw,oil-refinery,144,223509.03111111,0
pw,oil-refinery,145,113453.47555556,0
pw,oil-refinery,146,69095.671111111,0
pw,oil-refinery,147,379460.55111111,0
pw,oil-refinery,148,302714.70222222,0
pw,oil-refinery,149,148777.80444444,0
pw,oil-refinery,150,86800,0
pw,oil-refinery,151,86800,0
pw,oil-refinery,152,86800,0
pw,oil-refinery,153,86800,0
pw,oil-refinery,154,86800,0
pw,oil-refinery,155,86800,0
pw,oil-refinery,156,86800,0
pw,oil-refinery,157,86800,0
pw,oil-refinery,158,86800,0
pw,oil-refinery,159,86800,0
pw,oil-refinery,160,86800,0
pw,oil-refinery,161,86793.831111111,0
pw,oil-refinery,162,86800,0
pw,oil-refinery,163,86800,0
pw,oil-refinery,164,86800,0
pw,oil-refinery,165,86747.502222222,0
pw,oil-refinery,166,86800,0
pw,oil-refinery,167,86800,0
pw,oil-refinery,168,86800,0
pw,oil-refinery,169,86800,0
pw,oil-refinery,170,86800,0
pw,oil-refinery,171,86800,0
pw,oil-refinery,172,86800,0
pw,oil-refinery,173,86800,0
pw,oil-refinery,174,34973.582222222,0
pw,chemical-plant,1,474110.00888889,0
pw,chemical-plant,2,462727.21777778,0
pw,chemical-plant,3,464925.65333333,0
pw,chemical-plant,4,475334.04444444,0
pw,chemical-plant,5,480363.34222222,0
pw,chemical-plant,6,522731.05777778,0
pw,chemical-plant,7,528556.37333333,0
pw,chemical-plant,8,517144.78222222,0
pw,chemical-plant,9,466133.90222222,0
pw,chemical-plant,10,429536.85333333,0
pw,chemical-plant,11,425728.35555556,0
pw,chemical-plant,12,433766.43555556,0
pw,chemical-plant,13,442178.34666667,0
pw,chemical-plant,14,446167.11111111,0
pw,chemical-plant,15,449591.28888889,0
pw,chemical-plant,16,451810.88,0
pw,chemical-plant,17,459217.28,0
pw,chemical-plant,18,465543.50222222,0
pw,chemical-plant,19,468972.55111111,0
pw,chemical-plant,20,464741.19111111,0
pw,chemical-plant,21,465165.08444444,0
pw,chemical-plant,22,469633.67111111,0
pw,chemical-plant,23,482062.79111111,0
pw,chemical-plant,24,478394.09777778,0
pw,chemical-plant,25,484152.32,0
pw,chemical-plant,26,495712.53333333,0
pw,chemical-plant,27,503755.73333333,0
pw,chemical-plant,28,495372.76444444,0
pw,chemical-plant,29,498210.41777778,0
pw,chemical-plant,30,496282.48888889,0
pw,chemical-plant,31,516229.33333333,0
pw,chemical-plant,32,557564.30222222,0
pw,chemical-plant,33,561826.48888889,0
pw,chemical-plant,34,538074.41777778,0
pw,chemical-plant,35,492358.36444444,0
pw,chemical-plant,36,499993.45777778,0
pw,chemical-plant,37,497664.99555556,0
pw,chemical-plant,38,523295.68,0
pw,chemical-plant,39,536190.75555556,0
pw,chemical-plant,40,535607.18222222,0
pw,chemical-plant,41,552010.52444444,0
pw,chemical-plant,42,503549.44,0
pw,chemical-plant,43,477658.63111111,0
pw,chemical-plant,44,465813.54666667,0
pw,chemical-plant,45,497898.80888889,0
pw,chemical-plant,46,502434.48888889,0
pw,chemical-plant,47,509521.49333333,0
pw,chemical-plant,48,515506.24,0
pw,chemical-plant,49,525909.51111111,0
pw,chemical-plant,50,510720.71111111,0
pw,chemical-plant,51,515400.03555556,0
pw,chemical-plant,52,489340.58666667,0
pw,chemical-plant,53,484757.79555556,0
pw,chemical-plant,54,486583.36,0
pw,chemical-plant,55,492240.49777778,0
pw,chemical-plant,56,501180.30222222,0
pw,chemical-plant,57,516917.90222222,0
pw,chemical-plant,58,518404.44444444,0
pw,chemical-plant,59,530780.33777778,0
pw,chemical-plant,60,541463.60888889,0
pw,chemical-plant,61,539263.71555556,0
pw,chemical-plant,62,536731.30666667,0
pw,chemical-plant,63,541428.12444444,0
pw,chemical-plant,64,492819.23555556,0
pw,chemical-plant,65,489508.55111111,0
pw,chemical-plant,66,482405.47555556,0
pw,chemical-plant,67,480742.00888889,0
pw,chemical-plant,68,476978.80888889,0
pw,chemical-plant,69,448414.64888889,0
pw,chemical-plant,70,437823.50222222,0
pw,chemical-plant,71,454708.58666667,0
pw,chemical-plant,72,448755.91111111,0
pw,chemical-plant,73,445993.81333333,0
pw,chemical-plant,74,435758.75555556,0
pw,chemical-plant,75,436321.92,0
pw,chemical-plant,76,434621.76,0
pw,chemical-plant,77,432426.45333333,0
pw,chemical-plant,78,438567.04,0
pw,chemical-plant,79,430138.09777778,0
pw,chemical-plant,80,422818.24,0
pw,chemical-plant,81,432401.67111111,0
pw,chemical-plant,82,427159.21777778,0
pw,chemical-plant,83,428148.69333333,0
pw,chemical-plant,84,429373.44,0
pw,chemical-plant,85,410303.32444444,0
pw,chemical-plant,86,434204.90666667,0
pw,chemical-plant,87,447747.23555556,0
pw,chemical-plant,88,454904.96,0
pw,chemical-plant,89,472153.42222222,0
pw,chemical-plant,90,476824.71111111,0
pw,chemical-plant,91,480571.87555556,0
pw,chemical-plant,92,480445.01333333,0
pw,chemical-plant,93,480355.09333333,0
pw,chemical-plant,94,505828.97777778,0
pw,chemical-plant,95,502905.99111111,0
pw,chemical-plant,96,466104.49777778,0
pw,chemical-plant,97,461397.22666667,0
pw,chemical-plant,98,456118.54222222,0
pw,chemical-plant,99,452326.15111111,0
pw,chemical-plant,100,452432.60444444,0
pw,chemical-plant,101,458255.50222222,0
pw,chemical-plant,102,459246.68444444,0
pw,chemical-plant,103,458826.66666667,0
pw,chemical-plant,104,459039.82222222,0
pw,chemical-plant,105,460756.55111111,0
pw,chemical-plant,106,460433.28,0
pw,chemical-plant,107,481604.37333333,0
pw,chemical-plant,108,497879.14666667,0
pw,chemical-plant,109,476119.11111111,0
pw,chemical-plant,110,495353.77777778,0
pw,chemical-plant,111,514925.86666667,0
pw,chemical-plant,112,482687.39555556,0
pw,chemical-plant,113,495832.78222222,0
pw,chemical-plant,114,444766.36444444,0
pw,chemical-plant,115,355273.56444444,0
pw,chemical-plant,116,359125.01333333,0
pw,chemical-plant,117,445818.80888889,0
pw,chemical-plant,118,460644.94222222,0
pw,chemical-plant,119,464108.97777778,0
pw,chemical-plant,120,470979.2,0
pw,chemical-plant,121,467725.19111111,0
pw,chemical-plant,122,471075.69777778,0
pw,chemical-plant,123,462370.16888889,0
pw,chemical-plant,124,458070.50666667,0
pw,chemical-plant,125,420303.07555556,0
pw,chemical-plant,126,412939.23555556,0
pw,chemical-plant,127,428246.4,0
pw,chemical-plant,128,403944.71111111,0
pw,chemical-plant,129,389711.28888889,0
pw,chemical-plant,130,385065.31555556,0
pw,chemical-plant,131,380501.79555556,0
pw,chemical-plant,132,380737.52888889,0
pw,chemical-plant,133,376798.32888889,0
pw,chemical-plant,134,359170.02666667,0
pw,chemical-plant,135,362934.47111111,0
pw,chemical-plant,136,360191.82222222,0
pw,chemical-plant,137,337879.78666667,0
pw,chemical-plant,138,345273.06666667,0
pw,chemical-plant,139,343325.47555556,0
pw,chemical-plant,140,313720.85333333,0
pw,chemical-plant,141,319891.02222222,0
pw,chemical-plant,142,326727.82222222,0
pw,chemical-plant,143,336539.76888889,0
pw,chemical-plant,144,277972.85333333,0
pw,chemical-plant,145,169550.70222222,0
pw,chemical-plant,146,155264.37333333,0
pw,chemical-plant,147,165056.35555556,0
pw,chemical-plant,148,201490.29333333,0
pw,chemical-plant,149,135666.04444444,0
pw,chemical-plant,150,88564.568888889,0
pw,chemical-plant,151,85435.484444444,0
pw,chemical-plant,152,83605.28,0
pw,chemical-plant,153,79868.053333333,0
pw,chemical-plant,154,83422.017777778,0
pw,chemical-plant,155,103847.43111111,0
pw,chemical-plant,156,83698.924444444,0
pw,chemical-plant,157,54910.404444444,0
pw,chemical-plant,158,54822.275555556,0
pw,chemical-plant,159,68488.191111111,0
pw,chemical-plant,160,74776.035555556,0
pw,chemical-plant,161,52475.084444444,0
pw,chemical-plant,162,41479.866666667,0
pw,chemical-plant,163,39284.666666667,0
pw,chemical-plant,164,28854.582222222,0
pw,chemical-plant,165,28825.902222222,0
pw,chemical-plant,166,36196.32,0
pw,chemical-plant,167,43876.875555556,0
pw,chemical-plant,168,15653.75,0
pw,chemical-plant,169,1694.8469444444,0
pw,chemical-plant,170,16711.042222222,0
pw,chemical-plant,171,35113.262222222,0
pw,chemical-plant,172,23754.975555556,0
pw,chemical-plant,173,214.50678819444,0
pw,centrifuge,1,418380.94222222,0
pw,centrifuge,2,420985.06666667,0
pw,centrifuge,3,422497.74222222,0
pw,centrifuge,4,421371.23555556,0
pw,centrifuge,5,420303.14666667,0
pw,centrifuge,6,415137.67111111,0
pw,centrifuge,7,413862.86222222,0
pw,centrifuge,8,394475.59111111,0
pw,centrifuge,9,397798.61333333,0
pw,centrifuge,10,411406.08,0
pw,centrifuge,11,423766.82666667,0
pw,centrifuge,12,422612.90666667,0
pw,centrifuge,13,422940.76444444,0
pw,centrifuge,14,422776.81777778,0
pw,centrifuge,15,424219.02222222,0
pw,centrifuge,16,422107.27111111,0
pw,centrifuge,17,421372.23111111,0
pw,centrifuge,18,422010.56,0
pw,centrifuge,19,422058.63111111,0
pw,centrifuge,20,421298.88,0
pw,centrifuge,21,421759.78666667,0
pw,centrifuge,22,424639.00444444,0
pw,centrifuge,23,421411.55555556,0
pw,centrifuge,24,421529.24444444,0
pw,centrifuge,25,422187.05777778,0
pw,centrifuge,26,422733.12,0
pw,centrifuge,27,421830.36444444,0
pw,centrifuge,28,422599.92888889,0
pw,centrifuge,29,422417.84888889,0
pw,centrifuge,30,420388.69333333,0
pw,centrifuge,31,417864.56888889,0
pw,centrifuge,32,417185.70666667,0
pw,centrifuge,33,420531.66222222,0
pw,centrifuge,34,421652.90666667,0
pw,centrifuge,35,420093.19111111,0
pw,centrifuge,36,422180.48,0
pw,centrifuge,37,422552.10666667,0
pw,centrifuge,38,423930.48888889,0
pw,centrifuge,39,421715.09333333,0
pw,centrifuge,40,422249.28,0
pw,centrifuge,41,420360.32,0
pw,centrifuge,42,423900.83555556,0
pw,centrifuge,43,425633.45777778,0
pw,centrifuge,44,423952.71111111,0
pw,centrifuge,45,425953.42222222,0
pw,centrifuge,46,426936.42666667,0
pw,centrifuge,47,427773.86666667,0
pw,centrifuge,48,423021.90222222,0
pw,centrifuge,49,425025.88444444,0
pw,centrifuge,50,426646.64888889,0
pw,centrifuge,51,426032.64,0
pw,centrifuge,52,425839.50222222,0
pw,centrifuge,53,423941.54666667,0
pw,centrifuge,54,427324.94222222,0
pw,centrifuge,55,425855.32444444,0
pw,centrifuge,56,427116.83555556,0
pw,centrifuge,57,425833.42222222,0
pw,centrifuge,58,427342.08,0
pw,centrifuge,59,423868.55111111,0
pw,centrifuge,60,425279.04,0
pw,centrifuge,61,425484.72888889,0
pw,centrifuge,62,421086.4,0
pw,centrifuge,63,422845.22666667,0
pw,centrifuge,64,420923.55555556,0
pw,centrifuge,65,425156.23111111,0
pw,centrifuge,66,424069.86666667,0
pw,centrifuge,67,422348.44444444,0
pw,centrifuge,68,421807.14666667,0
pw,centrifuge,69,423398.08,0
pw,centrifuge,70,425655.82222222,0
pw,centrifuge,71,422535.78666667,0
pw,centrifuge,72,422729.63555556,0
pw,centrifuge,73,423449.20888889,0
pw,centrifuge,74,423247.75111111,0
pw,centrifuge,75,423654.22222222,0
pw,centrifuge,76,421840.21333333,0
pw,centrifuge,77,423795.84,0
pw,centrifuge,78,422672.96,0
pw,centrifuge,79,413178.09777778,0
pw,centrifuge,80,395991.07555556,0
pw,centrifuge,81,396805.08444444,0
pw,centrifuge,82,393499.48444444,0
pw,centrifuge,83,398525.04888889,0
pw,centrifuge,84,373932.65777778,0
pw,centrifuge,85,368964.76444444,0
pw,centrifuge,86,352902.96888889,0
pw,centrifuge,87,346346.45333333,0
pw,centrifuge,88,349270.36444444,0
pw,centrifuge,89,347908.58666667,0
pw,centrifuge,90,348532.44444444,0
pw,centrifuge,91,349460.48,0
pw,centrifuge,92,345945.84888889,0
pw,centrifuge,93,348965.36888889,0
pw,centrifuge,94,345834.88,0
pw,centrifuge,95,335462.96888889,0
pw,centrifuge,96,320825.24444444,0
pw,centrifuge,97,320132.51555556,0
pw,centrifuge,98,321282.98666667,0
pw,centrifuge,99,319929.99111111,0
pw,centrifuge,100,318925.36888889,0
pw,centrifuge,101,318710.64888889,0
pw,centrifuge,102,319939.87555556,0
pw,centrifuge,103,318708.23111111,0
pw,centrifuge,104,320211.09333333,0
pw,centrifuge,105,318595.2,0
pw,centrifuge,106,320417.31555556,0
pw,centrifuge,107,318505.67111111,0
pw,centrifuge,108,319769.95555556,0
pw,centrifuge,109,317768.39111111,0
pw,centrifuge,110,320203.80444444,0
pw,centrifuge,111,319764.30222222,0
pw,centrifuge,112,318716.30222222,0
pw,centrifuge,113,318338.38222222,0
pw,centrifuge,114,319587.27111111,0
pw,centrifuge,115,319732.69333333,0
pw,centrifuge,116,319546.73777778,0
pw,centrifuge,117,321969.20888889,0
pw,centrifuge,118,326244.97777778,0
pw,centrifuge,119,330624,0
pw,centrifuge,120,183347.73333333,0
pw,lab,48,31679,0
pw,lab,49,142827.50222222,0
pw,lab,50,151065.74222222,0
pw,lab,51,142853.50222222,0
pw,lab,65,130490.24888889,0
pw,lab,66,134060.24888889,0
pw,lab,67,23379.751111111,0
pw,lab,68,149299.75111111,0
pw,lab,69,148852.99555556,0
pw,lab,70,148596.74666667,0
pw,lab,71,58971.502222222,0
pw,lab,75,11940.25,0
pw,lab,76,91745.502222222,0
pw,lab,77,90155.253333333,0
pw,lab,78,90689.253333333,0
pw,lab,79,91383.502222222,0
pw,lab,80,91226.497777778,0
pw,lab,81,86288.497777778,0
pw,lab,82,47799.751111111,0
pw,lab,83,38649,0
pw,lab,84,36269.5,0
pw,lab,85,34527.248888889,0
pw,lab,86,42391,0
pw,lab,87,113705.50222222,0
pw,lab,88,113242,0
pw,lab,89,109574.49777778,0
pw,lab,90,43757.751111111,0
pw,lab,91,88262.746666667,0
pw,lab,92,89641.502222222,0
pw,lab,93,99028,0
pw,lab,94,144258,0
pw,lab,95,31327.751111111,0
pw,lab,96,24252.5,0
pw,lab,97,67576.497777778,0
pw,lab,98,50418.248888889,0
pw,lab,99,50096.248888889,0
pw,lab,100,44364.497777778,0
pw,lab,101,36449.5,0
pw,lab,102,38586.497777778,0
pw,lab,103,42699,0
pw,lab,104,40848.248888889,0
pw,lab,105,43129,0
pw,lab,106,40407.751111111,0
pw,lab,107,41478.751111111,0
pw,lab,108,45421.248888889,0
pw,lab,109,101006.74666667,0
pw,lab,110,134007.00444444,0
pw,lab,111,152971.00444444,0
pw,lab,112,12896.5,0
pw,lab,113,3159.25,0
pw,lab,114,46432.751111111,0
pw,lab,115,101526.24888889,0
pw,lab,116,154036,0
pw,lab,117,154855.25333333,0
pw,lab,118,98915.751111111,0
pw,lab,119,9630.5,0
pw,lab,120,53989.248888889,0
pw,lab,121,93947.502222222,0
pw,lab,122,95125.253333333,0
pw,lab,123,93527.751111111,0
pw,lab,124,88936.248888889,0
pw,lab,125,65837.751111111,0
pw,lab,126,47329.502222222,0
pw,lab,127,57501,0
pw,lab,128,105428.49777778,0
pw,lab,129,126458.74666667,0
pw,lab,130,150547.25333333,0
pw,lab,131,20402.5,0
pw,lab,132,73031.248888889,0
pw,lab,133,97048.995555556,0
pw,lab,134,114471.00444444,0
pw,lab,135,127057.50222222,0
pw,lab,136,138861.75111111,0
pw,lab,137,135004.99555556,0
pw,lab,138,155730.75555556,0
pw,lab,139,156216.99555556,0
pw,lab,140,43473.248888889,0
pw,lab,141,155885.74222222,0
pw,lab,142,155511.50222222,0
pw,lab,143,107569.50222222,0
pw,lab,144,82555.253333333,0
pw,lab,145,112073.25333333,0
pw,lab,146,73970,0
pw,lab,147,104352.99555556,0
pw,lab,148,146541.55555556,0
pw,lab,149,134465.68888889,0
pw,lab,150,97283.448888889,0
pw,lab,151,78179.973333333,0
pw,lab,152,60395.466666667,0
pw,lab,153,40559.746666667,0
pw,lab,154,43524.306666667,0
pw,lab,155,35834.722222222,0
pw,lab,156,34036.666666667,0
pw,lab,157,25143.888888889,0
pw,lab,158,35674.444444444,0
pw,lab,159,43583.057777778,0
pw,lab,160,35507.915555556,0
pw,lab,161,36751.264444444,0
pw,lab,162,31444.166666667,0
pw,lab,163,30614.306666667,0
pw,lab,164,29250.833333333,0
pw,lab,165,27765,0
pw,lab,166,5817.7777777778,0
pw,lab,168,28304.582222222,0
pw,lab,169,47070.275555556,0
pw,lab,170,46945,0
pw,lab,171,47985.137777778,0
pw,lab,172,46307.502222222,0
pw,lab,173,47101.111111111,0
pw,lab,174,48000,0
pw,lab,175,14120,0
pw,lab,176,15245.694444444,0
pw,lab,177,48000,0
pw,lab,178,41476.528888889,0
pw,lab,180,35045,0
pw,lab,181,46824.497777778,0
pw,lab,182,38964.204444444,0
pw,lab,184,26780.277777778,0
pw,lab,185,45356.666666667,0
pw,lab,186,43596.666666667,0
pw,lab,187,25260.417777778,0
pw,lab,188,1513.0833333333,0
pw,lab,191,2372.9166666667,0
pw,lab,192,1503.2106944444,0
pw,lab,193,1736.5752777778,0
pw,lab,194,3382.7777777778,0
pw,lab,195,3252.5372222222,0
pw,lab,196,2880.0322222222,0
pw,lab,197,131.94444444444,0
pw,lab,198,785.01854166667,0
pw,biolab,1,744219.09333333,0
pw,biolab,2,758843.02222222,0
pw,biolab,3,751973.47555556,0
pw,biolab,4,735979.52,0
pw,biolab,5,827422.00888889,0
pw,biolab,6,2962125.9377778,0
pw,biolab,7,2090223.5022222,0
pw,biolab,8,2813323.3777778,0
pw,biolab,9,2779178.9511111,0
pw,biolab,10,2184569.6,0
pw,biolab,18,285009.99111111,0
pw,biolab,19,601543.82222222,0
pw,biolab,26,738102.04444444,0
pw,biolab,27,737536.49777778,0
pw,biolab,28,751089.63555556,0
pw,biolab,29,743802.73777778,0
pw,biolab,30,741124.40888889,0
pw,biolab,31,954221.36888889,0
pw,biolab,32,2972376.1777778,0
pw,biolab,33,3105065.5288889,0
pw,biolab,34,2320534.0444444,0
pw,biolab,38,6.8444401041667,0
pw,biolab,39,7.8666623263889,0
pw,biolab,40,7.9851822916667,0
pw,biolab,41,534680.74666667,0
pw,biolab,42,1095541.76,0
pw,biolab,43,680691.41333333,0
pw,biolab,44,388622.25777778,0
pw,biolab,45,390106.77333333,0
pw,biolab,46,516691.02222222,0
pw,biolab,47,791758.29333333,0
pw,biolab,48,677355.52,0
pw,biolab,49,2008139.6622222,0
pw,biolab,50,606073.52888889,0
pw,biolab,51,17938.904444444,0
pw,biolab,52,24.222222222222,0
pw,beacon,1,1952000,0
pw,beacon,2,1952000,0
pw,beacon,3,1952000,0
pw,beacon,4,1952000,0
pw,beacon,5,1952000,0
pw,beacon,6,1952000,0
pw,beacon,7,1952000,0
pw,beacon,8,1952041.2444444,0
pw,beacon,9,1951958.7555556,0
pw,beacon,10,1952000,0
pw,beacon,11,1952000,0
pw,beacon,12,1952000,0
pw,beacon,13,1952000,0
pw,beacon,14,1952000,0
pw,beacon,15,1952000,0
pw,beacon,16,1952000,0
pw,beacon,17,1952000,0
pw,beacon,18,1952000,0
pw,beacon,19,1952000,0
pw,beacon,20,1952000,0
pw,beacon,21,1952000,0
pw,beacon,22,1952000,0
pw,beacon,23,1952000,0
pw,beacon,24,1952000,0
pw,beacon,25,1952000,0
pw,beacon,26,1952000,0
pw,beacon,27,1952000,0
pw,beacon,28,1952000,0
pw,beacon,29,1952000,0
pw,beacon,30,1952000,0
pw,beacon,31,1952000,0
pw,beacon,32,1952027.1644444,0
pw,beacon,33,1951972.8355556,0
pw,beacon,34,1952000,0
pw,beacon,35,1952000,0
pw,beacon,36,1952000,0
pw,beacon,37,1952000,0
pw,beacon,38,1927822.6488889,0
pw,beacon,39,1866666.0977778,0
pw,beacon,40,1813221.5466667,0
pw,beacon,41,1765948.16,0
pw,beacon,42,1719341.5111111,0
pw,beacon,43,1672469.3333333,0
pw,beacon,44,1608007.2533333,0
pw,beacon,45,1558151.5377778,0
pw,beacon,46,1510552.6044444,0
pw,beacon,47,1462654.8622222,0
pw,beacon,48,1410810.4533333,0
pw,beacon,49,1367739.3066667,0
pw,beacon,50,1111605.12,0
pw,beacon,51,783209.10222222,0
pw,beacon,52,549259.09333333,0
pw,beacon,53,504000,0
pw,beacon,54,504000,0
pw,beacon,55,504000,0
pw,beacon,56,504000,0
pw,beacon,57,504000,0
pw,beacon,58,504000,0
pw,beacon,59,504000,0
pw,beacon,60,504000,0
pw,beacon,61,504000,0
pw,beacon,62,504000,0
pw,beacon,63,504000,0
pw,beacon,64,504000,0
pw,beacon,65,504000,0
pw,beacon,66,504000,0
pw,beacon,67,504000,0
pw,beacon,68,504000,0
pw,beacon,69,504000,0
pw,beacon,70,473934.96888889,0
pw,beacon,71,448000,0
pw,beacon,72,448000,0
pw,beacon,73,448000,0
pw,beacon,74,448000,0
pw,beacon,75,448000,0
pw,beacon,76,448000,0
pw,beacon,77,448000,0
pw,beacon,78,448000,0
pw,beacon,79,448000,0
pw,beacon,80,448000,0
pw,beacon,81,448000,0
pw,beacon,82,448000,0
pw,beacon,83,448000,0
pw,beacon,84,448000,0
pw,beacon,85,448000,0
pw,beacon,86,437311.32444444,0
pw,beacon,87,424000,0
pw,beacon,88,424000,0
pw,beacon,89,424000,0
pw,beacon,90,424000,0
pw,beacon,91,424000,0
pw,beacon,92,424000,0
pw,beacon,93,424000,0
pw,beacon,94,424000,0
pw,beacon,95,424000,0
pw,beacon,96,424000,0
pw,beacon,97,424000,0
pw,beacon,98,424000,0
pw,beacon,99,424000,0
pw,beacon,100,424000,0
pw,beacon,101,424000,0
pw,beacon,102,388077.79555556,0
pw,beacon,103,304000,0
pw,beacon,104,304000,0
pw,beacon,105,304000,0
pw,beacon,106,304000,0
pw,beacon,107,304000,0
pw,beacon,108,304000,0
pw,beacon,109,304000,0
pw,beacon,110,304000,0
pw,beacon,111,304000,0
pw,beacon,112,304000,0
pw,beacon,113,237226.43555556,0
pw,beacon,114,208000,0
pw,beacon,115,208000,0
pw,beacon,116,208000,0
pw,beacon,117,208000,0
pw,beacon,118,208000,0
pw,beacon,119,208000,0
pw,beacon,120,194612.81777778,0
pw,beacon,121,144000,0
pw,beacon,122,144000,0
pw,beacon,123,144000,0
pw,beacon,124,144000,0
pw,beacon,125,144000,0
pw,beacon,126,144000,0
pw,beacon,127,144000,0
pw,beacon,128,144000,0
pw,beacon,129,144000,0
pw,beacon,130,126991.55555556,0
pw,beacon,131,96000,0
pw,beacon,132,96000,0
pw,beacon,133,96000,0
pw,beacon,134,34588.371111111,0
pw,beacon,135,32000,0
pw,beacon,136,20795.851111111,0
pw,rocket-silo,1,1666.6666666667,0
pw,rocket-silo,2,1667.0448611111,0
pw,rocket-silo,3,1666.6666666667,0
pw,rocket-silo,4,1666.6666666667,0
pw,rocket-silo,5,163410.06222222,0
pw,rocket-silo,6,11516.978888889,0
pw,rocket-silo,7,6160.33,0
pw,rocket-silo,8,788162.27555556,0
pw,rocket-silo,9,1349955.84,0
pw,rocket-silo,10,749713.56444444,0
pw,rocket-silo,11,58747.444444444,0
pw,rocket-silo,12,81887.155555556,0
pw,rocket-silo,13,375754.56,0
pw,rocket-silo,14,1666.6666666667,0
pw,rocket-silo,15,1666.6666666667,0
pw,rocket-silo,16,1666.6666666667,0
pw,rocket-silo,17,1666.6666666667,0
pw,rocket-silo,18,1666.6666666667,0
pw,rocket-silo,19,41164.893333333,0
pw,rocket-silo,20,220906.4,0
pw,rocket-silo,21,1666.6666666667,0
pw,rocket-silo,22,1666.6666666667,0
pw,rocket-silo,23,1666.6666666667,0
pw,rocket-silo,24,1666.6666666667,0
pw,rocket-silo,25,1666.6666666667,0
pw,rocket-silo,26,3397.3436111111,0
pw,rocket-silo,27,258973.15555556,0
pw,rocket-silo,28,1666.6666666667,0
pw,rocket-silo,29,1666.6666666667,0
pw,rocket-silo,30,1666.6666666667,0
pw,rocket-silo,31,14918.953333333,0
pw,rocket-silo,32,455412.37333333,0
pw,rocket-silo,33,319419.12888889,0
pw,rocket-silo,34,588450.31111111,0
pw,rocket-silo,35,153412.07111111,0
pw,rocket-silo,36,833716.62222222,0
pw,rocket-silo,37,577147.66222222,0
pw,rocket-silo,38,806894.29333333,0
pw,rocket-silo,39,1069033.3866667,0
pw,rocket-silo,40,1239881.2444444,0
pw,rocket-silo,41,1537542.2577778,0
pw,rocket-silo,42,1930772.6222222,0
pw,rocket-silo,43,1283557.8311111,0
pw,rocket-silo,44,1666.6666666667,0
pw,rocket-silo,45,1666.6666666667,0
pw,rocket-silo,46,1666.6666666667,0
pw,rocket-silo,47,1666.6666666667,0
pw,rocket-silo,48,6824.7277777778,0
pw,rocket-silo,49,255900.87111111,0
pw,rocket-silo,50,347488.60444444,0
pw,rocket-silo,51,434995.87555556,0
pw,rocket-silo,52,166822.89777778,0
pw,rocket-silo,53,1666.6666666667,0
pw,rocket-silo,54,71408.631111111,0
pw,rocket-silo,55,103457.03111111,0
pw,rocket-silo,56,86785.102222222,0
pw,rocket-silo,57,85144.48,0
pw,rocket-silo,58,3466.8980555556,0
pw,rocket-silo,59,259772.62222222,0
pw,rocket-silo,60,800338.20444444,0
pw,rocket-silo,61,673640.24888889,0
pw,rocket-silo,62,499176.10666667,0
pw,rocket-silo,63,625420.44444444,0
pw,rocket-silo,64,575033.20888889,0
pw,rocket-silo,65,938944.56888889,0
pw,rocket-silo,66,750306.48888889,0
pw,rocket-silo,67,753326.36444444,0
pw,rocket-silo,68,1336502.4711111,0
pw,rocket-silo,69,417558.22222222,0
pw,rocket-silo,70,404511.71555556,0
pw,rocket-silo,71,1192313.3155556,0
pw,rocket-silo,72,1101923.4844444,0
pw,rocket-silo,73,631562.66666667,0
pw,rocket-silo,74,470869.79555556,0
pw,rocket-silo,75,579630.08,0
pw,rocket-silo,76,409446.25777778,0
pw,rocket-silo,77,579574.22222222,0
pw,rocket-silo,78,892453.76,0
pw,rocket-silo,79,44793.991111111,0
pw,rocket-silo,80,1666.6666666667,0
pw,rocket-silo,81,412147.94666667,0
pw,rocket-silo,82,215126.38222222,0
pw,rocket-silo,83,86172.48,0
pw,rocket-silo,84,260616.65777778,0
pw,rocket-silo,85,132395.98222222,0
pw,rocket-silo,86,446543.53777778,0
pw,rocket-silo,87,362072.85333333,0
pw,rocket-silo,88,124769.96444444,0
pw,rocket-silo,89,259194.52444444,0
pw,rocket-silo,90,100055.04,0
pw,rocket-silo,91,1388.8888888889,0
pw,rocket-silo,92,1388.8888888889,0
pw,rocket-silo,93,32996.071111111,0
pw,rocket-silo,94,1279030.0444444,0
pw,rocket-silo,95,1715309.9377778,0
pw,rocket-silo,96,821989.90222222,0
pw,rocket-silo,97,514196.90666667,0
pw,rocket-silo,98,26860.004444444,0
pw,rocket-silo,99,833.33333333333,0
pw,rocket-silo,100,833.33333333333,0
pw,rocket-silo,101,833.33333333333,0
pw,rocket-silo,102,833.33333333333,0
pw,rocket-silo,103,833.33333333333,0
pw,rocket-silo,104,833.33333333333,0
pw,rocket-silo,105,833.33333333333,0
pw,rocket-silo,106,912.148125,0
pw,rocket-silo,107,833.33333333333,0
pw,rocket-silo,108,833.33333333333,0
pw,rocket-silo,109,833.33333333333,0
pw,rocket-silo,110,25634.12,0
pw,rocket-silo,111,816435.69777778,0
pw,rocket-silo,112,824864.85333333,0
pw,rocket-silo,113,836662.82666667,0
pw,rocket-silo,114,304733.90222222,0
pw,rocket-silo,115,398054.79111111,0
pw,rocket-silo,116,242513.45777778,0
pw,rocket-silo,117,100040.55111111,0
pw,rocket-silo,118,273680.71111111,0
pw,rocket-silo,119,457061.40444444,0
pw,rocket-silo,120,613903.85777778,0
pw,rocket-silo,121,806474.02666667,0
pw,rocket-silo,122,938216.67555556,0
pw,rocket-silo,123,594107.84,0
pw,rocket-silo,124,248477.42222222,0
pw,rocket-silo,125,59532.697777778,0
pw,rocket-silo,126,167063.71555556,0
pw,rocket-silo,127,130032.34666667,0
pw,rocket-silo,128,326490.27555556,0
pw,rocket-silo,129,204110.34666667,0
pw,rocket-silo,130,7393.9288888889,0
pw,rocket-silo,131,221686.20444444,0
pw,rocket-silo,132,185983.89333333,0
pw,rocket-silo,133,141573.69777778,0
pw,rocket-silo,134,207370.73777778,0
pw,rocket-silo,135,249069.93777778,0
pw,rocket-silo,136,62214.822222222,0
pw,rocket-silo,137,251.69342013889,0
pw,radar,1,10000,0
pw,radar,2,10000,0
pw,radar,3,10000,0
pw,radar,4,10000,0
pw,radar,5,10000,0
pw,radar,6,10000,0
pw,radar,7,10000,0
pw,radar,8,9484.72,0
pw,radar,9,8938.5661111111,0
pw,radar,10,9590.9622222222,0
pw,radar,11,10000,0
pw,radar,12,10000,0
pw,radar,13,10000,0
pw,radar,14,10000,0
pw,radar,15,10000,0
pw,radar,16,10000,0
pw,radar,17,10000,0
pw,radar,18,10000,0
pw,radar,19,10000,0
pw,radar,20,10000,0
pw,radar,21,10000,0
pw,radar,22,10000,0
pw,radar,23,10000,0
pw,radar,24,10000,0
pw,radar,25,10000,0
pw,radar,26,10000,0
pw,radar,27,10000,0
pw,radar,28,10000,0
pw,radar,29,10000,0
pw,radar,30,10000,0
pw,radar,31,10000,0
pw,radar,32,9835.5611111111,0
pw,radar,33,9986.7022222222,0
pw,radar,34,9924.41,0
pw,radar,35,10000,0
pw,radar,36,10000,0
pw,radar,37,10000,0
pw,radar,38,10000,0
pw,radar,39,10000,0
pw,radar,40,10000,0
pw,radar,41,9934.2777777778,0
pw,radar,42,9875.4544444444,0
pw,radar,43,10000,0
pw,radar,44,10000,0
pw,radar,45,10000,0
pw,radar,46,10000,0
pw,radar,47,10000,0
pw,radar,48,10000,0
pw,radar,49,10000,0
pw,radar,50,10000,0
pw,radar,51,10000,0
pw,radar,52,10000,0
pw,radar,53,10000,0
pw,radar,54,10000,0
pw,radar,55,10000,0
pw,radar,56,10000,0
pw,radar,57,10000,0
pw,radar,58,10000,0
pw,radar,59,10000,0
pw,radar,60,10000,0
pw,radar,61,10000,0
pw,radar,62,10000,0
pw,radar,63,10000,0
pw,radar,64,10000,0
pw,radar,65,10000,0
pw,radar,66,10000,0
pw,radar,67,10000,0
pw,radar,68,10000,0
pw,radar,69,10000,0
pw,radar,70,10000,0
pw,radar,71,10000,0
pw,radar,72,10000,0
pw,radar,73,10000,0
pw,radar,74,10000,0
pw,radar,75,10000,0
pw,radar,76,10000,0
pw,radar,77,10000,0
pw,radar,78,10000,0
pw,radar,79,10000,0
pw,radar,80,10000,0
pw,radar,81,10000,0
pw,radar,82,10000,0
pw,radar,83,10000,0
pw,radar,84,10000,0
pw,radar,85,10000,0
pw,radar,86,10000,0
pw,radar,87,10000,0
pw,radar,88,10000,0
pw,radar,89,10000,0
pw,radar,90,10000,0
pw,radar,91,10000,0
pw,radar,92,10000,0
pw,radar,93,10000,0
pw,radar,94,10000,0
pw,radar,95,10000,0
pw,radar,96,10000,0
pw,radar,97,10000,0
pw,radar,98,10000,0
pw,radar,99,10000,0
pw,radar,100,10000,0
pw,radar,101,10000,0
pw,radar,102,10000,0
pw,radar,103,10000,0
pw,radar,104,10000,0
pw,radar,105,10000,0
pw,radar,106,10000,0
pw,radar,107,10000,0
pw,radar,108,10000,0
pw,radar,109,10000,0
pw,radar,110,10000,0
pw,radar,111,10000,0
pw,radar,112,10000,0
pw,radar,113,9963.5255555556,0
pw,radar,114,10000,0
pw,radar,115,10000,0
pw,radar,116,10000,0
pw,radar,117,10000,0
pw,radar,118,10000,0
pw,radar,119,10000,0
pw,radar,120,10000,0
pw,radar,121,10000,0
pw,radar,122,10000,0
pw,radar,123,10000,0
pw,radar,124,10000,0
pw,radar,125,10000,0
pw,radar,126,10000,0
pw,radar,127,10000,0
pw,radar,128,10000,0
pw,radar,129,10000,0
pw,radar,130,10000,0
pw,radar,131,10000,0
pw,radar,132,10000,0
pw,radar,133,10000,0
pw,radar,134,10000,0
pw,radar,135,10000,0
pw,radar,136,10000,0
pw,radar,137,10000,0
pw,radar,138,10000,0
pw,radar,139,10000,0
pw,radar,140,10000,0
pw,radar,141,10000,0
pw,radar,142,10000,0
pw,radar,143,10000,0
pw,radar,144,10000,0
pw,radar,145,10000,0
pw,radar,146,10000,0
pw,radar,147,10000,0
pw,radar,148,10000,0
pw,radar,149,10000,0
pw,radar,150,10000,0
pw,radar,151,10000,0
pw,radar,152,10000,0
pw,radar,153,10000,0
pw,radar,154,10000,0
pw,radar,155,10000,0
pw,radar,156,10000,0
pw,radar,157,10000,0
pw,radar,158,10000,0
pw,radar,159,10000,0
pw,radar,160,10000,0
pw,radar,161,9999.2888888889,0
pw,radar,162,10000,0
pw,radar,163,10000,0
pw,radar,164,10000,0
pw,radar,165,10000,0
pw,radar,166,10000,0
pw,radar,167,10000,0
pw,radar,168,10000,0
pw,radar,169,10000,0
pw,radar,170,10000,0
pw,radar,171,10000,0
pw,radar,172,10000,0
pw,radar,173,9574.3522222222,0
pw,radar,174,5000,0
pw,radar,175,5000,0
pw,radar,176,5000,0
pw,radar,177,5000,0
pw,radar,178,5000,0
pw,radar,179,5000,0
pw,radar,180,5000,0
pw,radar,181,3693.1858333333,0
pw,steam-engine,1,0,10062102.755556
pw,steam-engine,2,0,10125538.417778
pw,steam-engine,3,0,10120592.497778
pw,steam-engine,4,0,10048343.608889
pw,steam-engine,5,0,10139316.906667
pw,steam-engine,6,0,12292187.022222
pw,steam-engine,7,0,11417373.582222
pw,steam-engine,8,0,13358545.351111
pw,steam-engine,9,0,13685872.64
pw,steam-engine,10,0,11937848.888889
pw,steam-engine,11,0,8360833.7066667
pw,steam-engine,12,0,8887432.5333333
pw,steam-engine,13,0,9913842.3466667
pw,steam-engine,14,0,9191419.4488889
pw,steam-engine,15,0,8892249.8844444
pw,steam-engine,16,0,8903806.8622222
pw,steam-engine,17,0,8994735.7866667
pw,steam-engine,18,0,9499987.6266667
pw,steam-engine,19,0,9534248.96
pw,steam-engine,20,0,9258181.9733333
pw,steam-engine,21,0,9228121.8844444
pw,steam-engine,22,0,9329220.8355556
pw,steam-engine,23,0,9360371.4844444
pw,steam-engine,24,0,9396107.9466667
pw,steam-engine,25,0,9364189.2977778
pw,steam-engine,26,0,10166702.08
pw,steam-engine,27,0,10484012.373333
pw,steam-engine,28,0,10187101.297778
pw,steam-engine,29,0,10195421.866667
pw,steam-engine,30,0,10226439.964444
pw,steam-engine,31,0,10660068.693333
pw,steam-engine,32,0,13390487.324444
pw,steam-engine,33,0,13312023.893333
pw,steam-engine,34,0,12728934.4
pw,steam-engine,35,0,9568846.5066667
pw,steam-engine,36,0,10321152
pw,steam-engine,37,0,10057130.666667
pw,steam-engine,38,0,10402889.955556
pw,steam-engine,39,0,10640091.591111
pw,steam-engine,40,0,10926710.328889
pw,steam-engine,41,0,11712333.368889
pw,steam-engine,42,0,12253308.017778
pw,steam-engine,43,0,11406837.76
pw,steam-engine,44,0,9204085.1911111
pw,steam-engine,45,0,9222851.6977778
pw,steam-engine,46,0,9345345.4222222
pw,steam-engine,47,0,9679818.5244444
pw,steam-engine,48,0,9763862.7555556
pw,steam-engine,49,0,11765649.635556
pw,steam-engine,50,0,10338134.471111
pw,steam-engine,51,0,8563730.7733333
pw,steam-engine,52,0,7227878.9688889
pw,steam-engine,53,0,6833967.7866667
pw,steam-engine,54,0,6957344.9955556
pw,steam-engine,55,0,7072448.2844444
pw,steam-engine,56,0,7126611.6266667
pw,steam-engine,57,0,7437979.8755556
pw,steam-engine,58,0,7580935.9644444
pw,steam-engine,59,0,8220585.5288889
pw,steam-engine,60,0,8815584.7111111
pw,steam-engine,61,0,8631491.1288889
pw,steam-engine,62,0,8404463.5022222
pw,steam-engine,63,0,8582331.7333333
pw,steam-engine,64,0,8511625.1022222
pw,steam-engine,65,0,9238666.8088889
pw,steam-engine,66,0,8946249.3866667
pw,steam-engine,67,0,8766618.7377778
pw,steam-engine,68,0,9575098.5955556
pw,steam-engine,69,0,8298003.9111111
pw,steam-engine,70,0,7663759.36
pw,steam-engine,71,0,8151049.1022222
pw,steam-engine,72,0,7882627.9822222
pw,steam-engine,73,0,7684613.12
pw,steam-engine,74,0,7484363.0933333
pw,steam-engine,75,0,7799070.72
pw,steam-engine,76,0,7658864.0711111
pw,steam-engine,77,0,7944878.08
pw,steam-engine,78,0,8234540.9422222
pw,steam-engine,79,0,7609175.04
pw,steam-engine,80,0,7073398.3288889
pw,steam-engine,81,0,7618678.8977778
pw,steam-engine,82,0,7282204.4444444
pw,steam-engine,83,0,6802806.8977778
pw,steam-engine,84,0,7097237.0488889
pw,steam-engine,85,0,7002643.3422222
pw,steam-engine,86,0,7467179.2355556
pw,steam-engine,87,0,7494751.0044444
pw,steam-engine,88,0,7288407.04
pw,steam-engine,89,0,7387939.2711111
pw,steam-engine,90,0,7192359.2533333
pw,steam-engine,91,0,7183908.4088889
pw,steam-engine,92,0,7209623.8933333
pw,steam-engine,93,0,7283988.48
pw,steam-engine,94,0,8905088
pw,steam-engine,95,0,9015993.4577778
pw,steam-engine,96,0,8031053.9377778
pw,steam-engine,97,0,7896132.2666667
pw,steam-engine,98,0,7307097.8844444
pw,steam-engine,99,0,7364325.2622222
pw,steam-engine,100,0,6598793.1022222
pw,steam-engine,101,0,6578489.4577778
pw,steam-engine,102,0,6520843.9466667
pw,steam-engine,103,0,6369177.6
pw,steam-engine,104,0,6371862.1866667
pw,steam-engine,105,0,6392605.0133333
pw,steam-engine,106,0,6409834.3822222
pw,steam-engine,107,0,6438254.3644444
pw,steam-engine,108,0,6475018.8088889
pw,steam-engine,109,0,6528291.84
pw,steam-engine,110,0,6782153.9555556
pw,steam-engine,111,0,7865721.1733333
pw,steam-engine,112,0,7637024.9955556
pw,steam-engine,113,0,7790997.6177778
pw,steam-engine,114,0,6864319.7155556
pw,steam-engine,115,0,6440678.9688889
pw,steam-engine,116,0,6487544.6044444
pw,steam-engine,117,0,6370441.6711111
pw,steam-engine,118,0,6489173.3333333
pw,steam-engine,119,0,6565337.8844444
pw,steam-engine,120,0,6876018.9155556
pw,steam-engine,121,0,6880005.12
pw,steam-engine,122,0,6651617.28
pw,steam-engine,123,0,6251161.6
pw,steam-engine,124,0,5836023.4666667
pw,steam-engine,125,0,5165219.2711111
pw,steam-engine,126,0,5077065.3866667
pw,steam-engine,127,0,5578253.0844444
pw,steam-engine,128,0,5650655.0044444
pw,steam-engine,129,0,5548401.7777778
pw,steam-engine,130,0,4893804.0888889
pw,steam-engine,131,0,4709030.4
pw,steam-engine,132,0,4827447.1822222
pw,steam-engine,133,0,4860292.5511111
pw,steam-engine,134,0,4945656.6044444
pw,steam-engine,135,0,4842299.7333333
pw,steam-engine,136,0,4621862.6844444
pw,steam-engine,137,0,4799763.3422222
pw,steam-engine,138,0,4722347.2355556
pw,steam-engine,139,0,4553650.0622222
pw,steam-engine,140,0,4482737.2088889
pw,steam-engine,141,0,4656192.2844444
pw,steam-engine,142,0,4281365.0488889
pw,steam-engine,143,0,4097980.0177778
pw,steam-engine,144,0,3403052.3733333
pw,steam-engine,145,0,2940453.5466667
pw,steam-engine,146,0,2854539.3777778
pw,steam-engine,147,0,3131860.48
pw,steam-engine,148,0,3070088.8177778
pw,steam-engine,149,0,2602743.1822222
pw,steam-engine,150,0,2128095.7155556
pw,steam-engine,151,0,2451495.8222222
pw,steam-engine,152,0,2322716.7288889
pw,steam-engine,153,0,2072356.8355556
pw,steam-engine,154,0,1943763.6266667
pw,steam-engine,155,0,1869383.3955556
pw,steam-engine,156,0,1710803.0577778
pw,steam-engine,157,0,1551470.9333333
pw,steam-engine,158,0,1524767.7155556
pw,steam-engine,159,0,1354801.3511111
pw,steam-engine,160,0,1342431.4311111
pw,steam-engine,161,0,1240412.5866667
pw,steam-engine,162,0,1141475.6266667
pw,steam-engine,163,0,1146470.3288889
pw,steam-engine,164,0,1044375.1111111
pw,steam-engine,165,0,999033.17333333
pw,steam-engine,166,0,970927.71555556
pw,steam-engine,167,0,837918.00888889
pw,steam-engine,168,0,751330.13333333
pw,steam-engine,169,0,771832.24888889
pw,steam-engine,170,0,768359.82222222
pw,steam-engine,171,0,738724.83555556
pw,steam-engine,172,0,731481.74222222
pw,steam-engine,173,0,725360.78222222
pw,steam-engine,174,0,659253.97333333
pw,steam-engine,175,0,603433.31555556
pw,steam-engine,176,0,580447.21777778
pw,steam-engine,177,0,623175.60888889
pw,steam-engine,178,0,596362.13333333
pw,steam-engine,179,0,523019.73333333
pw,steam-engine,180,0,498122.48888889
pw,steam-engine,181,0,458618.95111111
pw,steam-engine,182,0,426086.22222222
pw,steam-engine,183,0,374658.38222222
pw,steam-engine,184,0,339862.47111111
pw,steam-engine,185,0,357232.71111111
pw,steam-engine,186,0,319729.42222222
pw,steam-engine,187,0,241306.89777778
pw,steam-engine,188,0,188434.38222222
pw,steam-engine,189,0,159490.24
pw,steam-engine,190,0,147589.31555556
pw,steam-engine,191,0,127019.10222222
pw,steam-engine,192,0,103417.39555556
pw,steam-engine,193,0,81525.466666667
pw,steam-engine,194,0,54723.488888889
pw,steam-engine,195,0,34558.58
pw,steam-engine,196,0,14933.502222222
pw,steam-engine,197,0,6086.1927777778
pw,steam-engine,198,0,785.01854166667
